#VRML V2.0 utf8
# 3D model generated by easyeda2kicad.py (https://github.com/uPesy/easyeda2kicad.py)

Shape{
    appearance Appearance {
        material  Material 	{
            diffuseColor 0.5882352941176471 0.5725490196078431 0.5254901960784314
            specularColor 0.043137254901960784 0.0392156862745098 0.0392156862745098
            ambientIntensity 0.8167
            transparency 0.0
            shininess 0.5
        }
    }
    geometry IndexedFaceSet {
        ccw TRUE
        solid FALSE
        coord DEF co Coordinate {
            point [
                2.8169 0.0492 0.7874, 2.8169 0.007 0.7874, 2.8359 0.007 0.7874, 3.145 -1.3709 0.7874, 3.2283 -1.3709 0.7874, 3.2283 -0.0933 0.7874, 3.0175 -1.3709 0.7874, 3.145 -0.0933 0.7874, 2.9729 -1.3709 0.7874, 3.0175 -0.0933 0.7874, 2.6609 -0.0741 0.7874, 2.6608 -0.0744 0.7874, 2.7912 -0.0744 0.7874, 2.8916 -0.0743 0.7874, 2.8906 -0.0744 0.7874, 2.9021 -0.0744 0.7874, 2.874 -0.6622 0.7874, 2.874 -1.3709 0.7874, 2.8803 -1.3709 0.7874, 2.8404 0.0123 0.7874, 2.84 0.0136 0.7874, 2.84 0.0012 0.7874, 3.0175 0.0012 0.7874, 3.002 0.0016 0.7874, 2.9952 0.0016 0.7874, 2.9904 0.0146 0.7874, 2.9729 0.0146 0.7874, 2.9729 0.0012 0.7874, 2.9839 0.0492 0.7874, 3.0175 0.0496 0.7874, 2.9729 0.0496 0.7874, 2.9705 0.0146 0.7874, 2.9659 0.0016 0.7874, 2.9578 0.0012 0.7874, 2.9591 0.0016 0.7874, 2.9578 0.0496 0.7874, 2.9729 0.0376 0.7874, 2.9773 0.0492 0.7874, 2.8449 0.0308 0.7874, 2.8715 0.0085 0.7874, 2.8464 0.0351 0.7874, 2.8487 0.0385 0.7874, 2.8443 0.0249 0.7874, 2.8443 0.0244 0.7874, 2.8686 0.0073 0.7874, 2.8632 0.0063 0.7874, 2.8602 0.0444 0.7874, 2.8561 0.0435 0.7874, 2.8715 0.0425 0.7874, 2.8679 0.0438 0.7874, 2.8623 0.0445 0.7874, 2.8523 0.0417 0.7874, 2.8493 0.0392 0.7874, 2.845 0.0186 0.7874, 2.8465 0.0147 0.7874, 2.849 0.0113 0.7874, 2.8533 0.008 0.7874, 2.8568 0.0067 0.7874, 2.8612 0.0062 0.7874, 2.8501 0.0101 0.7874, 2.8735 0.0417 0.7874, 2.8803 0.0012 0.7874, 2.8803 0.0496 0.7874, 2.8727 0.0421 0.7874, 2.8735 0.0094 0.7874, 2.8671 0.0496 0.7874, 2.8688 0.0495 0.7874, 2.8715 0.0496 0.7874, 2.8715 0.0487 0.7874, 2.8735 0.0481 0.7874, 2.8627 0.05 0.7874, 2.8715 0.1843 0.7874, 2.8622 0.05 0.7874, 2.84 0.1843 0.7874, 2.8586 0.0496 0.7874, 2.84 0.0496 0.7874, 2.8508 0.0475 0.7874, 2.8558 0.0493 0.7874, 2.8414 0.0388 0.7874, 2.8447 0.043 0.7874, 2.8461 0.0443 0.7874, 2.8371 0.0496 0.7874, 2.8391 0.0335 0.7874, 2.84 0.0355 0.7874, 2.8386 0.0174 0.7874, 2.8371 0.0012 0.7874, 2.8378 0.0245 0.7874, 2.8379 0.0273 0.7874, 2.8475 0.0042 0.7874, 2.8439 0.0073 0.7874, 2.8432 0.0081 0.7874, 2.8637 0.0012 0.7874, 2.8603 0.0008 0.7874, 2.8715 -0.0128 0.7874, 2.84 -0.0128 0.7874, 2.8571 0.0009 0.7874, 2.8561 0.0012 0.7874, 2.852 0.0021 0.7874, 2.8735 0.0035 0.7874, 2.8715 0.0012 0.7874, 2.8715 0.0028 0.7874, 2.8689 0.0018 0.7874, 2.9427 -0.0264 0.7874, 2.9578 -0.0264 0.7874, 2.9578 -0.0128 0.7874, 2.9578 -0.0744 0.7874, 2.9578 -0.074 0.7874, 2.9427 -0.074 0.7874, 2.9192 -0.0656 0.7874, 2.9199 -0.0684 0.7874, 2.9201 -0.0684 0.7874, 2.9363 -0.04 0.7874, 2.9132 -0.0128 0.7874, 2.9301 -0.04 0.7874, 2.9132 -0.0483 0.7874, 2.9208 -0.0656 0.7874, 2.9204 -0.0672 0.7874, 2.9036 -0.04 0.7874, 2.9021 -0.0128 0.7874, 2.9132 -0.0643 0.7874, 2.9103 -0.04 0.7874, 2.9132 -0.0744 0.7874, 2.9168 -0.0744 0.7874, 2.917 -0.074 0.7874, 2.9132 -0.0823 0.7874, 2.9132 -0.0823 0.7874, 2.9144 -0.0802 0.7874, 2.9021 -0.0933 0.7874, 2.9049 -0.0896 0.7874, 2.9049 -0.0843 0.7874, 2.9082 -0.085 0.7874, 2.9097 -0.0848 0.7874, 2.9132 -0.089 0.7874, 2.9111 -0.0898 0.7874, 2.9132 -0.0933 0.7874, 2.9087 -0.0901 0.7874, 2.9074 -0.09 0.7874, 2.911 -0.0843 0.7874, 2.9121 -0.0835 0.7874, 2.9209 -0.0792 0.7874, 2.9182 -0.0844 0.7874, 2.9578 -0.0933 0.7874, 2.9227 -0.0744 0.7874, 2.916 -0.0871 0.7874, 2.9156 -0.0874 0.7874, 2.9135 -0.0889 0.7874, 2.8803 -0.0933 0.7874, 2.8715 -0.0933 0.7874, 2.8715 -0.6622 0.7874, -3.2283 -1.3709 0.7874, -2.874 -1.3709 0.7874, -3.2283 -0.0933 0.7874, -2.874 -0.6622 0.7874, -2.4409 -0.8197 0.7874, 2.4409 -0.8197 0.7874, -2.4409 -0.6622 0.7874, 2.4409 -0.6622 0.7874, 2.7912 -0.6622 0.7874, 2.629 -0.0966 0.7874, 2.615 -0.0933 0.7874, 2.6197 -0.0953 0.7874, 2.6277 -0.0965 0.7874, 2.8985 -0.0592 0.7874, 2.8996 -0.0608 0.7874, 2.8989 -0.0465 0.7874, 2.8995 -0.0691 0.7874, 2.8984 -0.0706 0.7874, 2.8832 -0.0409 0.7874, 2.8803 -0.0128 0.7874, 2.8814 -0.0419 0.7874, 2.8803 -0.0429 0.7874, 2.9003 -0.0626 0.7874, 2.9005 -0.0648 0.7874, 2.9002 -0.0672 0.7874, 2.8864 -0.0397 0.7874, 2.8908 -0.0392 0.7874, 2.8989 -0.0407 0.7874, 2.8941 -0.0394 0.7874, 2.8967 -0.0721 0.7874, 2.8949 -0.0732 0.7874, 2.8902 -0.0441 0.7874, 2.8885 -0.0442 0.7874, 2.8837 -0.0487 0.7874, 2.8869 -0.0446 0.7874, 2.8855 -0.0453 0.7874, 2.8838 -0.0494 0.7874, 2.884 -0.0504 0.7874, 2.8844 -0.0512 0.7874, 2.885 -0.0518 0.7874, 2.8871 -0.0531 0.7874, 2.8942 -0.0445 0.7874, 2.8908 -0.0547 0.7874, 2.8975 -0.0458 0.7874, 2.8931 -0.0557 0.7874, 2.8971 -0.0579 0.7874, 2.8846 -0.0461 0.7874, 2.8841 -0.0469 0.7874, 2.8838 -0.0477 0.7874, 2.8775 -0.0667 0.7874, 2.8715 -0.0744 0.7874, 2.8796 -0.0435 0.7874, 2.8785 -0.0451 0.7874, 2.8799 -0.0681 0.7874, 2.8803 -0.0683 0.7874, 2.8803 -0.0556 0.7874, 2.8793 -0.0546 0.7874, 2.8785 -0.0533 0.7874, 2.8778 -0.0515 0.7874, 2.8776 -0.0492 0.7874, 2.8778 -0.0471 0.7874, 2.8802 -0.0556 0.7874, 2.8836 -0.0695 0.7874, 2.8866 -0.0591 0.7874, 2.883 -0.0574 0.7874, 2.8874 -0.07 0.7874, 2.8876 -0.07 0.7874, 2.8905 -0.0607 0.7874, 2.8907 -0.0696 0.7874, 2.8944 -0.0654 0.7874, 2.8943 -0.0646 0.7874, 2.8922 -0.0691 0.7874, 2.8928 -0.0687 0.7874, 2.8934 -0.0681 0.7874, 2.894 -0.0674 0.7874, 2.8943 -0.0665 0.7874, 2.8941 -0.0637 0.7874, 2.8936 -0.0629 0.7874, 2.8929 -0.0621 0.7874, 2.8828 -0.0744 0.7874, 2.8818 -0.0743 0.7874, 2.8803 -0.0744 0.7874, 2.8803 -0.0738 0.7874, 2.8775 -0.0728 0.7874, 2.8868 -0.0748 0.7874, 2.9061 -0.0847 0.7874, 2.8446 -0.0577 0.7874, 2.8454 -0.0482 0.7874, 2.8434 -0.0594 0.7874, 2.8425 -0.0615 0.7874, 2.84 -0.0744 0.7874, 2.8431 -0.0697 0.7874, 2.8424 -0.0676 0.7874, 2.8608 -0.0396 0.7874, 2.8633 -0.0403 0.7874, 2.8653 -0.0415 0.7874, 2.8669 -0.043 0.7874, 2.8681 -0.045 0.7874, 2.8464 -0.0562 0.7874, 2.849 -0.0549 0.7874, 2.8492 -0.0457 0.7874, 2.8534 -0.0538 0.7874, 2.8586 -0.0443 0.7874, 2.8566 -0.0441 0.7874, 2.853 -0.0445 0.7874, 2.847 -0.0736 0.7874, 2.845 -0.0722 0.7874, 2.8443 -0.0715 0.7874, 2.8635 -0.0688 0.7874, 2.8633 -0.0688 0.7874, 2.8635 -0.074 0.7874, 2.8624 -0.0702 0.7874, 2.8605 -0.0722 0.7874, 2.8421 -0.0649 0.7874, 2.8421 -0.0641 0.7874, 2.8454 -0.0424 0.7874, 2.847 -0.0415 0.7874, 2.8515 -0.0398 0.7874, 2.8571 -0.0392 0.7874, 2.869 -0.0477 0.7874, 2.8694 -0.0521 0.7874, 2.8694 -0.074 0.7874, 2.8635 -0.0524 0.7874, 2.8633 -0.0498 0.7874, 2.8626 -0.0476 0.7874, 2.8619 -0.0464 0.7874, 2.861 -0.0454 0.7874, 2.86 -0.0448 0.7874, 2.8561 -0.0744 0.7874, 2.856 -0.0745 0.7874, 2.84 -0.0933 0.7874, 2.84 -0.6622 0.7874, 2.8529 -0.0748 0.7874, 2.8494 -0.0744 0.7874, 2.8493 -0.0744 0.7874, 2.7498 0.0121 0.7874, 2.759 0.0044 0.7874, 2.7912 0.0496 0.7874, 2.7912 0.0012 0.7874, 2.7047 0.0546 0.7874, 2.7121 0.0496 0.7874, 2.7199 0.0444 0.7874, 2.731 0.0315 0.7874, 2.7382 0.0176 0.7874, 2.7397 0.0171 0.7874, 2.6877 0.0606 0.7874, 2.7912 0.1843 0.7874, 2.6738 0.062 0.7874, 2.657 0.06 0.7874, 2.6413 0.0539 0.7874, -3.2283 0.1843 0.7874, 2.6344 0.0496 0.7874, -3.2283 0.0496 0.7874, 2.6331 0.0488 0.7874, -3.2283 0.0012 0.7874, 2.5603 0.0012 0.7874, 2.5632 0.0078 0.7874, 2.5714 0.0183 0.7874, 2.597 0.0329 0.7874, 2.6104 0.0346 0.7874, 2.6251 0.042 0.7874, 2.6143 0.0344 0.7874, 2.6182 0.0339 0.7874, 2.5737 0.0204 0.7874, 2.5844 0.028 0.7874, 2.5803 -0.0663 0.7874, 2.5697 -0.0573 0.7874, -3.2283 -0.0128 0.7874, 2.5973 -0.0744 0.7874, 2.5968 -0.0735 0.7874, 2.5925 -0.0722 0.7874, 2.5555 -0.0203 0.7874, 2.5556 -0.0172 0.7874, 2.5564 -0.0128 0.7874, 2.5578 -0.0044 0.7874, 2.562 -0.0463 0.7874, 2.5572 -0.0337 0.7874, -3.2283 -0.0744 0.7874, 2.6119 -0.092 0.7874, 2.6052 -0.087 0.7874, 2.6002 -0.0807 0.7874, 2.7912 -0.0933 0.7874, 2.657 -0.0818 0.7874, 2.6514 -0.0881 0.7874, 2.6446 -0.0928 0.7874, 2.6431 -0.0933 0.7874, 2.6371 -0.0956 0.7874, 2.7701 -0.0156 0.7874, 2.7717 -0.0268 0.7874, 2.7912 -0.0128 0.7874, 2.6544 -0.04 0.7874, 2.6999 -0.0163 0.7874, 2.6485 -0.0346 0.7874, 2.6413 -0.0307 0.7874, 2.702 -0.0559 0.7874, 2.7041 -0.0545 0.7874, 2.7104 -0.0342 0.7874, 2.7504 -0.0233 0.7874, 2.7486 -0.0168 0.7874, 2.7463 -0.0128 0.7874, 2.5777 -0.0128 0.7874, 2.7064 -0.0535 0.7874, 2.709 -0.0532 0.7874, 2.7093 -0.0532 0.7874, 2.5796 -0.033 0.7874, 2.5839 -0.0403 0.7874, 2.601 -0.0434 0.7874, 2.5901 -0.0465 0.7874, 2.5972 -0.0508 0.7874, 2.7659 -0.0495 0.7874, 2.7592 -0.059 0.7874, 2.75 -0.0667 0.7874, 2.7397 -0.0718 0.7874, 2.6136 -0.0322 0.7874, 2.6066 -0.037 0.7874, 2.5768 -0.0196 0.7874, 2.5772 -0.0247 0.7874, 2.7702 -0.0388 0.7874, 2.7104 -0.0534 0.7874, 2.711 -0.0535 0.7874, 2.7263 -0.0535 0.7874, 2.6985 -0.0637 0.7874, 2.6986 -0.0624 0.7874, 2.6629 -0.0593 0.7874, 2.6993 -0.0598 0.7874, 2.7006 -0.0575 0.7874, 2.7437 -0.0451 0.7874, 2.7474 -0.04 0.7874, 2.7498 -0.034 0.7874, 2.7507 -0.0271 0.7874, 2.7042 -0.073 0.7874, 2.702 -0.0715 0.7874, 2.7012 -0.0707 0.7874, 2.6997 -0.0685 0.7874, 2.6988 -0.0662 0.7874, 2.6628 -0.0658 0.7874, 2.6629 -0.0627 0.7874, 2.6211 -0.0294 0.7874, 2.629 -0.0285 0.7874, 2.6331 -0.0287 0.7874, 2.7283 -0.0742 0.7874, 2.7083 -0.0742 0.7874, 2.7064 -0.0739 0.7874, 2.7328 -0.0522 0.7874, 2.7387 -0.0494 0.7874, 2.7215 -0.0007 0.7874, 2.5807 -0.0041 0.7874, 2.5778 -0.0116 0.7874, 2.7243 -0.0007 0.7874, 2.7453 -0.0111 0.7874, 2.7421 -0.0076 0.7874, 2.7369 -0.0039 0.7874, 2.731 -0.0015 0.7874, 2.7141 0.0199 0.7874, 2.7064 0.029 0.7874, 2.6287 0.0092 0.7874, 2.7058 0.0295 0.7874, 2.6963 0.0362 0.7874, 2.6339 0.0199 0.7874, 2.5843 0.0012 0.7874, 2.6261 0.0106 0.7874, 2.7211 0.0012 0.7874, 2.7194 0.009 0.7874, 2.6184 0.0133 0.7874, 2.6107 0.0142 0.7874, 2.6077 0.0141 0.7874, 2.6415 0.029 0.7874, 2.6857 0.0403 0.7874, 2.6505 0.0356 0.7874, 2.6741 0.0417 0.7874, 2.6616 0.0401 0.7874, 2.5993 0.0122 0.7874, 2.5917 0.0083 0.7874, 2.5853 0.0027 0.7874, 2.7613 0.0012 0.7874, 2.766 -0.0053 0.7874, 2.769 -0.0128 0.7874, 2.9684 -0.074 0.7874, 2.9729 -0.0744 0.7874, 2.9684 -0.0686 0.7874, 2.9729 -0.0128 0.7874, 2.9673 -0.0264 0.7874, 2.9673 -0.0319 0.7874, 2.9489 -0.0526 0.7874, 2.9489 -0.0686 0.7874, 2.9578 -0.0526 0.7874, 2.9578 -0.0686 0.7874, 2.9659 -0.0526 0.7874, 2.9659 -0.0471 0.7874, 2.9489 -0.0319 0.7874, 2.9489 -0.0471 0.7874, 2.9578 -0.0319 0.7874, 2.9578 -0.0471 0.7874, 2.9132 0.0496 0.7874, 2.9021 0.0496 0.7874, 2.9076 0.0492 0.7874, 2.9021 0.0492 0.7874, 2.8892 0.023 0.7874, 2.8892 0.007 0.7874, 2.9021 0.023 0.7874, 2.9021 0.007 0.7874, 2.9062 0.023 0.7874, 2.9087 0.007 0.7874, 2.9062 0.0285 0.7874, 2.9076 0.0438 0.7874, 2.9021 0.0285 0.7874, 2.9021 0.0438 0.7874, 2.8892 0.0285 0.7874, 2.8892 0.0438 0.7874, 2.9132 0.0012 0.7874, 2.9087 0.0016 0.7874, 2.9021 0.0012 0.7874, 2.9021 0.0016 0.7874, 2.883 0.0016 0.7874, 2.883 0.0492 0.7874, 2.9729 -0.0933 0.7874, 2.9578 -1.3709 0.7874, 2.9132 -1.3709 0.7874, 2.9021 -1.3709 0.7874, 2.8584 -0.0736 0.7874, 3.145 -0.0744 0.7874, 3.0175 -0.0744 0.7874, 2.8107 -0.0264 0.7874, 2.8107 -0.074 0.7874, 2.8371 -0.0744 0.7874, 2.8371 -0.0933 0.7874, 2.8371 -0.6622 0.7874, 2.8353 -0.0264 0.7874, 2.8371 -0.0128 0.7874, 2.8353 -0.0319 0.7874, 2.8364 -0.0686 0.7874, 2.8364 -0.074 0.7874, 2.8169 -0.0526 0.7874, 2.8169 -0.0686 0.7874, 2.8339 -0.0526 0.7874, 2.8339 -0.0471 0.7874, 2.8169 -0.0471 0.7874, 2.8169 -0.0319 0.7874, 2.9774 -0.074 0.7874, 2.9987 -0.073 0.7874, 2.9905 -0.074 0.7874, 3.0148 -0.0585 0.7874, 3.0124 -0.0634 0.7874, 3.009 -0.0674 0.7874, 3.0041 -0.0709 0.7874, 2.9774 -0.0264 0.7874, 2.991 -0.0264 0.7874, 3.0175 -0.0128 0.7874, 2.9986 -0.0273 0.7874, 3.0043 -0.0294 0.7874, 3.0138 -0.0389 0.7874, 3.0155 -0.0436 0.7874, 3.0162 -0.0496 0.7874, 3.016 -0.053 0.7874, 3.009 -0.0327 0.7874, 3.011 -0.0347 0.7874, 3.0256 -0.074 0.7874, 3.0188 -0.074 0.7874, 3.0549 -0.074 0.7874, 3.0501 -0.061 0.7874, 3.0302 -0.061 0.7874, 3.037 -0.0264 0.7874, 3.0436 -0.0264 0.7874, 2.8107 0.0016 0.7874, 2.8107 0.0492 0.7874, 2.8359 0.0016 0.7874, 2.9551 0.0171 0.7874, 2.9527 0.0122 0.7874, 2.9493 0.0082 0.7874, 2.9444 0.0047 0.7874, 2.9313 0.0492 0.7874, 2.9389 0.0484 0.7874, 2.9446 0.0462 0.7874, 2.939 0.0026 0.7874, 2.9308 0.0016 0.7874, 2.9177 0.0016 0.7874, 2.9177 0.0492 0.7874, 2.9542 0.0367 0.7874, 2.9558 0.0321 0.7874, 2.9565 0.026 0.7874, 2.9563 0.0226 0.7874, 2.9493 0.0429 0.7874, 2.9513 0.0409 0.7874, 3.0617 -0.074 0.7874, 3.145 -0.0128 0.7874, 3.145 0.0012 0.7874, 3.145 0.0496 0.7874, 3.2283 -0.0744 0.7874, 3.2283 -0.0128 0.7874, 3.2283 0.0012 0.7874, 3.2283 0.0496 0.7874, 2.8371 0.1843 0.7874, 3.2283 0.1843 0.7874, 3.145 0.1843 0.7874, 3.0175 0.1843 0.7874, 2.9729 0.1843 0.7874, 2.9578 0.1843 0.7874, 2.9132 0.1843 0.7874, 2.9021 0.1843 0.7874, 2.8803 0.1843 0.7874, 3.1496 0.3811 0.3937, 3.1496 0.3811 0.0906, 2.8346 0.3811 0.3937, 2.7165 0.3811 0.0906, 2.8346 0.3811 0.6693, 2.7165 0.3811 0.6693, 3.2283 0.1843 0.248, 3.2283 -1.3709 0.248, 3.1496 0.1843 0.248, 3.1496 -1.3709 0.248, 2.8346 0.1843 0.3937, 3.1496 0.1843 0.3937
            ]
        }
        coordIndex [
            0,1,2,-1,3,4,5,-1,6,3,7,-1,8,6,9,-1,10,11,12,-1,13,14,15,-1,16,17,18,-1,19,20,21,-1,22,23,24,-1,25,26,24,-1,24,26,27,-1,24,27,22,-1,23,22,28,-1,28,22,29,-1,28,29,30,-1,26,31,27,-1,27,31,32,-1,27,32,33,-1,33,32,34,-1,33,34,35,-1,35,34,36,-1,35,36,30,-1,30,36,37,-1,30,37,28,-1,38,39,40,-1,40,39,41,-1,38,42,39,-1,39,42,43,-1,39,43,44,-1,44,43,45,-1,39,46,47,-1,48,49,39,-1,39,49,50,-1,39,50,46,-1,47,51,39,-1,39,51,52,-1,39,52,41,-1,53,54,55,-1,56,57,43,-1,43,57,58,-1,43,58,45,-1,53,55,43,-1,43,55,59,-1,43,59,56,-1,60,61,62,-1,48,39,63,-1,63,39,64,-1,63,64,60,-1,65,66,67,-1,67,66,68,-1,67,68,62,-1,62,68,69,-1,62,69,60,-1,70,71,72,-1,72,71,73,-1,72,73,74,-1,75,76,77,-1,78,79,75,-1,75,79,80,-1,75,80,76,-1,81,82,75,-1,75,82,83,-1,75,83,78,-1,20,84,85,-1,85,84,86,-1,85,86,81,-1,81,86,87,-1,81,87,82,-1,88,89,21,-1,21,89,90,-1,21,90,19,-1,91,92,93,-1,93,92,94,-1,92,95,94,-1,94,95,96,-1,94,96,21,-1,21,96,97,-1,21,97,88,-1,60,64,61,-1,61,64,98,-1,61,98,99,-1,99,98,100,-1,99,100,101,-1,102,103,104,-1,105,106,107,-1,108,109,110,-1,111,112,113,-1,113,112,114,-1,113,114,115,-1,115,114,108,-1,115,108,116,-1,116,108,110,-1,117,118,15,-1,117,15,119,-1,118,117,112,-1,112,117,120,-1,112,120,114,-1,15,121,119,-1,119,121,122,-1,119,122,123,-1,124,125,121,-1,121,125,126,-1,121,126,122,-1,127,128,129,-1,121,130,131,-1,132,133,134,-1,134,133,135,-1,134,135,127,-1,127,135,136,-1,127,136,128,-1,131,137,121,-1,121,137,138,-1,121,138,124,-1,139,140,141,-1,139,141,142,-1,140,143,141,-1,141,143,144,-1,141,144,134,-1,134,144,145,-1,134,145,132,-1,146,147,148,-1,149,150,151,-1,151,150,152,-1,153,154,155,-1,155,154,156,-1,156,157,158,-1,159,155,160,-1,160,155,156,-1,160,156,161,-1,161,156,158,-1,162,163,164,-1,15,165,166,-1,167,168,169,-1,169,168,170,-1,171,172,15,-1,15,172,173,-1,15,173,165,-1,167,174,168,-1,168,174,175,-1,168,175,118,-1,163,171,164,-1,164,171,15,-1,164,15,176,-1,176,15,118,-1,176,118,177,-1,177,118,175,-1,166,178,15,-1,15,178,179,-1,15,179,13,-1,180,181,182,-1,182,181,183,-1,182,183,184,-1,182,185,180,-1,180,185,186,-1,180,186,187,-1,187,188,180,-1,180,188,189,-1,180,189,190,-1,190,189,191,-1,190,191,192,-1,192,191,193,-1,192,193,164,-1,164,193,194,-1,164,194,162,-1,195,196,184,-1,184,196,197,-1,184,197,182,-1,198,93,199,-1,170,168,200,-1,200,168,93,-1,200,93,201,-1,202,203,204,-1,205,206,198,-1,206,207,198,-1,198,207,208,-1,198,208,93,-1,93,208,209,-1,93,209,201,-1,202,204,198,-1,198,204,210,-1,198,210,205,-1,211,212,203,-1,203,212,213,-1,203,213,204,-1,211,214,212,-1,212,214,215,-1,212,215,216,-1,216,215,217,-1,216,218,219,-1,217,220,216,-1,216,220,221,-1,216,221,222,-1,222,223,216,-1,216,223,224,-1,216,224,218,-1,219,225,216,-1,216,225,226,-1,216,226,227,-1,228,229,230,-1,230,229,231,-1,230,231,199,-1,199,231,232,-1,199,232,198,-1,233,146,14,-1,14,146,127,-1,14,127,15,-1,15,127,129,-1,15,129,121,-1,121,129,234,-1,121,234,130,-1,235,236,237,-1,237,236,238,-1,239,240,241,-1,242,243,93,-1,243,244,93,-1,93,244,245,-1,93,245,246,-1,235,247,236,-1,236,247,248,-1,236,248,249,-1,249,248,250,-1,251,252,250,-1,250,252,253,-1,250,253,249,-1,254,255,239,-1,239,255,256,-1,239,256,240,-1,257,258,259,-1,259,258,260,-1,259,260,261,-1,241,262,239,-1,239,262,263,-1,239,263,94,-1,94,263,238,-1,94,238,264,-1,264,238,236,-1,264,265,94,-1,94,265,266,-1,94,266,93,-1,93,266,267,-1,93,267,242,-1,246,268,93,-1,93,268,269,-1,93,269,199,-1,199,269,270,-1,199,270,259,-1,271,272,250,-1,250,272,273,-1,250,273,274,-1,274,275,250,-1,250,275,276,-1,250,276,251,-1,277,278,147,-1,278,279,147,-1,147,279,280,-1,147,280,148,-1,278,281,279,-1,279,281,282,-1,279,282,239,-1,239,282,283,-1,239,283,254,-1,284,285,286,-1,286,285,287,-1,288,289,286,-1,286,289,290,-1,286,290,291,-1,291,292,286,-1,286,292,293,-1,286,293,284,-1,294,295,296,-1,296,295,297,-1,297,295,298,-1,298,295,299,-1,298,299,300,-1,300,299,301,-1,300,301,302,-1,303,304,301,-1,301,304,305,-1,301,305,306,-1,301,307,302,-1,302,307,308,-1,302,308,309,-1,309,308,310,-1,309,310,311,-1,306,312,301,-1,301,312,313,-1,301,313,307,-1,314,315,316,-1,317,318,319,-1,320,321,316,-1,316,321,322,-1,316,322,303,-1,303,322,323,-1,303,323,304,-1,315,324,316,-1,316,324,325,-1,316,325,320,-1,152,155,151,-1,151,155,159,-1,151,159,326,-1,326,159,327,-1,326,327,328,-1,328,329,326,-1,326,329,317,-1,326,317,316,-1,316,317,319,-1,316,319,314,-1,12,11,330,-1,330,11,331,-1,330,331,332,-1,332,333,330,-1,330,333,334,-1,330,334,157,-1,157,334,335,-1,157,335,158,-1,336,337,338,-1,339,340,341,-1,341,340,342,-1,343,344,345,-1,346,347,340,-1,340,347,348,-1,340,348,349,-1,344,350,345,-1,345,350,351,-1,345,351,352,-1,353,354,355,-1,355,354,356,-1,355,356,357,-1,358,359,12,-1,12,359,360,-1,12,360,361,-1,362,349,363,-1,363,349,364,-1,363,364,355,-1,355,364,365,-1,355,365,353,-1,338,337,12,-1,12,337,366,-1,12,366,358,-1,352,367,345,-1,345,367,368,-1,345,368,369,-1,370,371,372,-1,372,371,373,-1,372,373,345,-1,345,373,374,-1,345,374,343,-1,375,376,345,-1,345,376,377,-1,345,377,340,-1,340,377,378,-1,340,378,346,-1,379,380,10,-1,10,380,381,-1,381,382,10,-1,10,382,383,-1,10,383,384,-1,384,383,370,-1,384,370,385,-1,385,370,372,-1,362,386,349,-1,349,386,387,-1,349,387,340,-1,340,387,388,-1,340,388,342,-1,361,389,12,-1,12,389,390,-1,12,390,10,-1,10,390,391,-1,10,391,379,-1,369,392,345,-1,345,392,393,-1,345,393,375,-1,394,395,396,-1,396,349,394,-1,394,349,348,-1,394,348,397,-1,397,348,398,-1,398,399,397,-1,397,399,400,-1,397,400,401,-1,402,403,404,-1,403,405,404,-1,404,405,406,-1,404,406,407,-1,408,404,409,-1,395,394,408,-1,408,394,410,-1,408,410,404,-1,404,410,411,-1,404,411,402,-1,409,412,408,-1,408,412,413,-1,408,413,414,-1,407,406,415,-1,415,406,416,-1,415,416,417,-1,417,416,418,-1,417,418,419,-1,420,421,414,-1,414,421,422,-1,414,422,408,-1,285,423,287,-1,287,423,424,-1,287,424,338,-1,338,424,425,-1,338,425,336,-1,106,105,426,-1,426,105,427,-1,426,427,428,-1,104,103,429,-1,429,103,430,-1,429,430,431,-1,432,433,434,-1,434,433,435,-1,434,435,436,-1,436,435,428,-1,436,428,437,-1,438,439,440,-1,440,439,441,-1,440,441,431,-1,442,443,444,-1,444,443,445,-1,446,447,448,-1,448,447,449,-1,448,449,450,-1,450,449,451,-1,450,451,452,-1,452,451,453,-1,452,453,454,-1,454,453,455,-1,454,455,456,-1,456,455,457,-1,444,453,442,-1,442,453,451,-1,442,451,458,-1,458,451,459,-1,458,459,460,-1,460,459,461,-1,460,461,462,-1,445,443,463,-1,463,443,62,-1,463,62,462,-1,462,62,61,-1,462,61,460,-1,8,464,465,-1,465,464,141,-1,465,141,466,-1,466,141,134,-1,466,134,467,-1,467,134,127,-1,467,127,18,-1,18,127,146,-1,18,146,16,-1,16,146,148,-1,233,228,146,-1,146,228,230,-1,146,230,147,-1,147,230,199,-1,147,199,277,-1,277,199,259,-1,277,259,468,-1,468,259,261,-1,464,427,141,-1,141,427,105,-1,141,105,142,-1,142,105,107,-1,142,107,111,-1,111,107,102,-1,111,102,112,-1,112,102,104,-1,6,7,9,-1,9,7,469,-1,9,469,470,-1,471,338,472,-1,472,338,12,-1,472,12,473,-1,473,12,330,-1,473,330,474,-1,474,330,157,-1,474,157,475,-1,471,476,477,-1,476,478,477,-1,477,478,479,-1,477,479,473,-1,473,479,480,-1,473,480,472,-1,481,482,483,-1,483,482,479,-1,483,479,484,-1,484,479,478,-1,484,478,485,-1,485,478,486,-1,441,437,431,-1,431,437,428,-1,431,428,429,-1,429,428,427,-1,429,427,487,-1,470,488,489,-1,490,491,470,-1,8,9,464,-1,464,9,470,-1,464,470,427,-1,427,470,489,-1,427,489,487,-1,491,492,470,-1,470,492,493,-1,470,493,488,-1,487,494,429,-1,429,494,495,-1,429,495,496,-1,496,495,497,-1,496,497,498,-1,499,500,496,-1,496,500,501,-1,496,501,470,-1,470,501,502,-1,470,502,490,-1,498,503,496,-1,496,503,504,-1,496,504,499,-1,505,506,470,-1,507,508,509,-1,470,506,496,-1,496,506,510,-1,496,510,511,-1,20,85,21,-1,21,85,477,-1,21,477,94,-1,94,477,473,-1,94,473,239,-1,239,473,474,-1,239,474,279,-1,279,474,475,-1,279,475,280,-1,496,22,429,-1,429,22,27,-1,429,27,104,-1,104,27,33,-1,104,33,112,-1,112,33,458,-1,112,458,118,-1,118,458,460,-1,118,460,168,-1,168,460,61,-1,168,61,93,-1,93,61,99,-1,93,99,91,-1,91,99,101,-1,471,477,338,-1,338,477,85,-1,338,85,287,-1,287,85,512,-1,287,512,286,-1,512,513,286,-1,286,513,0,-1,286,0,81,-1,81,0,2,-1,81,2,85,-1,85,2,514,-1,85,514,512,-1,515,516,33,-1,33,516,517,-1,33,517,518,-1,442,519,35,-1,35,519,520,-1,35,520,521,-1,518,522,33,-1,33,522,523,-1,33,523,458,-1,458,523,524,-1,458,524,442,-1,442,524,525,-1,442,525,519,-1,526,527,35,-1,35,527,528,-1,35,528,33,-1,33,528,529,-1,33,529,515,-1,521,530,35,-1,35,530,531,-1,35,531,526,-1,509,505,507,-1,507,505,470,-1,507,470,532,-1,532,470,469,-1,532,469,511,-1,511,469,533,-1,511,533,496,-1,496,533,534,-1,496,534,22,-1,22,534,535,-1,22,535,29,-1,3,5,7,-1,7,5,536,-1,7,536,469,-1,469,536,537,-1,469,537,533,-1,533,537,538,-1,533,538,534,-1,534,538,539,-1,534,539,535,-1,77,74,75,-1,75,74,73,-1,75,73,81,-1,81,73,540,-1,81,540,286,-1,286,540,295,-1,286,295,288,-1,288,295,294,-1,539,541,535,-1,535,541,542,-1,535,542,29,-1,29,542,543,-1,29,543,30,-1,30,543,544,-1,30,544,35,-1,35,544,545,-1,35,545,442,-1,442,545,546,-1,442,546,443,-1,443,546,547,-1,443,547,62,-1,62,547,548,-1,62,548,67,-1,67,548,71,-1,67,71,65,-1,65,71,70,-1,549,550,551,-1,551,550,552,-1,551,552,553,-1,553,552,554,-1,541,4,555,-1,555,4,556,-1,555,556,557,-1,557,556,558,-1,551,559,549,-1,549,559,560,-1,
        ]
    }
}
Shape{
    appearance Appearance {
        material  Material 	{
            diffuseColor 0.20784313725490197 0.20784313725490197 0.20784313725490197
            specularColor 0.01568627450980392 0.01568627450980392 0.01568627450980392
            ambientIntensity 0.298
            transparency 0.0
            shininess 0.5
        }
    }
    geometry IndexedFaceSet {
        ccw TRUE
        solid FALSE
        coord DEF co Coordinate {
            point [
                3.0709 -1.4102 0.7677, 3.0709 -1.7252 0.7677, 3.0709 -1.4102 0.2087, 3.0709 -1.7252 0.2087, 2.874 -1.4102 0.7677, 2.4803 -1.2528 0.7677, -2.4803 -1.2528 0.7677, -3.0709 -1.7252 0.7677, -3.0709 -1.4102 0.7677, -2.874 -1.4102 0.7677, -2.874 -1.3709 0.7677, -2.4803 -0.8591 0.7677, -2.874 -0.8591 0.7677, 2.874 -0.8591 0.7677, 2.4803 -0.8591 0.7677, 2.874 -1.3709 0.7677
            ]
        }
        coordIndex [
            0,1,2,-1,2,1,3,-1,1,0,4,-1,5,6,7,-1,8,7,9,-1,9,7,6,-1,9,6,10,-1,10,6,11,-1,10,11,12,-1,13,14,15,-1,15,14,5,-1,15,5,4,-1,4,5,7,-1,4,7,1,-1,
        ]
    }
}
Shape{
    appearance Appearance {
        material  Material 	{
            diffuseColor 1.0 1.0 1.0
            specularColor 0.8784313725490196 0.8784313725490196 0.8784313725490196
            ambientIntensity 1.0
            transparency 0.0
            shininess 0.5
        }
    }
    geometry IndexedFaceSet {
        ccw TRUE
        solid FALSE
        coord DEF co Coordinate {
            point [
                3.0709 -1.4102 0.2087, 3.0709 -1.7252 0.2087, 2.874 -1.4102 0.2087, 2.5197 -1.7252 0.2087, 2.874 -1.3709 0.2087, 2.5197 -1.3709 0.2087
            ]
        }
        coordIndex [
            0,1,2,-1,2,1,3,-1,2,3,4,-1,4,3,5,-1,
        ]
    }
}
Shape{
    appearance Appearance {
        material  Material 	{
            diffuseColor 0.5882352941176471 0.5725490196078431 0.5254901960784314
            specularColor 0.043137254901960784 0.0392156862745098 0.0392156862745098
            ambientIntensity 0.8167
            transparency 0.0
            shininess 0.5
        }
    }
    geometry IndexedFaceSet {
        ccw TRUE
        solid FALSE
        coord DEF co Coordinate {
            point [
                2.874 -1.3709 0.7677, 2.874 -1.3709 0.7874, 2.874 -0.8591 0.7677, 2.874 -0.6622 0.7874, 2.874 -0.7016 0.6102, 2.874 -0.6622 0.5906, 2.874 -0.9378 0.6102, 2.874 -0.9378 0.5906
            ]
        }
        coordIndex [
            0,1,2,-1,2,1,3,-1,2,3,4,-1,4,3,5,-1,4,5,6,-1,6,5,7,-1,
        ]
    }
}
Shape{
    appearance Appearance {
        material  Material 	{
            diffuseColor 0.20784313725490197 0.20784313725490197 0.20784313725490197
            specularColor 0.01568627450980392 0.01568627450980392 0.01568627450980392
            ambientIntensity 0.298
            transparency 0.0
            shininess 0.5
        }
    }
    geometry IndexedFaceSet {
        ccw TRUE
        solid FALSE
        coord DEF co Coordinate {
            point [
                -2.874 -0.9378 0.5906, -2.874 -0.9378 0.6102, -2.4803 -0.9378 0.6102, -2.2835 -0.9378 0.6102, -2.2244 -0.9378 0.6102, -2.0866 -0.9378 0.6102, -2.0276 -0.9378 0.6102, -1.8898 -0.9378 0.6102, -1.8307 -0.9378 0.6102, -1.6929 -0.9378 0.6102, -1.6339 -0.9378 0.6102, -1.4961 -0.9378 0.6102, -1.437 -0.9378 0.6102, -1.2992 -0.9378 0.6102, -1.2402 -0.9378 0.6102, -1.1024 -0.9378 0.6102, -1.0433 -0.9378 0.6102, 2.874 -0.9378 0.5906, -0.9055 -0.9378 0.6102, -0.8465 -0.9378 0.6102, -0.7087 -0.9378 0.6102, 1.063 -0.9378 0.6102, 1.122 -0.9378 0.6102, 2.1063 -0.9378 0.6102, 2.2441 -0.9378 0.6102, 1.7126 -0.9378 0.6102, 1.8504 -0.9378 0.6102, 1.9094 -0.9378 0.6102, 2.0472 -0.9378 0.6102, 2.3031 -0.9378 0.6102, 2.4803 -0.9378 0.6102, 2.874 -0.9378 0.6102, -0.6496 -0.9378 0.6102, -0.5118 -0.9378 0.6102, -0.4528 -0.9378 0.6102, 1.2598 -0.9378 0.6102, 1.3189 -0.9378 0.6102, 1.4567 -0.9378 0.6102, 1.5157 -0.9378 0.6102, 1.6535 -0.9378 0.6102, -0.315 -0.9378 0.6102, -0.2559 -0.9378 0.6102, -0.1181 -0.9378 0.6102, -0.0591 -0.9378 0.6102, 0.0787 -0.9378 0.6102, 0.1378 -0.9378 0.6102, 0.2756 -0.9378 0.6102, 0.3346 -0.9378 0.6102, 0.4724 -0.9378 0.6102, 0.5315 -0.9378 0.6102, 0.6693 -0.9378 0.6102, 0.7283 -0.9378 0.6102, 0.8661 -0.9378 0.6102, 0.9252 -0.9378 0.6102
            ]
        }
        coordIndex [
            0,1,2,-1,2,3,0,-1,0,3,4,-1,0,4,5,-1,5,6,0,-1,0,6,7,-1,0,7,8,-1,8,9,0,-1,0,9,10,-1,0,10,11,-1,11,12,0,-1,0,12,13,-1,0,13,14,-1,14,15,0,-1,0,15,16,-1,0,16,17,-1,16,18,17,-1,17,18,19,-1,17,19,20,-1,17,21,22,-1,23,24,17,-1,17,25,26,-1,26,27,17,-1,17,27,28,-1,17,28,23,-1,24,29,17,-1,17,29,30,-1,17,30,31,-1,20,32,17,-1,17,32,33,-1,17,33,34,-1,22,35,17,-1,17,35,36,-1,17,36,37,-1,37,38,17,-1,17,38,39,-1,17,39,25,-1,34,40,17,-1,17,40,41,-1,17,41,42,-1,42,43,17,-1,17,43,44,-1,17,44,45,-1,45,46,17,-1,17,46,47,-1,17,47,48,-1,48,49,17,-1,17,49,50,-1,17,50,51,-1,51,52,17,-1,17,52,53,-1,17,53,21,-1,
        ]
    }
}
Shape{
    appearance Appearance {
        material  Material 	{
            diffuseColor 0.5882352941176471 0.5725490196078431 0.5254901960784314
            specularColor 0.043137254901960784 0.0392156862745098 0.0392156862745098
            ambientIntensity 0.8167
            transparency 0.0
            shininess 0.5
        }
    }
    geometry IndexedFaceSet {
        ccw TRUE
        solid FALSE
        coord DEF co Coordinate {
            point [
                2.2244 0.3811 0.0906, 2.1063 0.3811 0.0906, 2.2244 0.3811 0.6299, 2.1063 0.3811 0.6299, 2.2244 0.3811 0.6693, 2.1063 0.3811 0.6693, 2.0276 0.3811 0.0906, 1.9094 0.3811 0.0906, 2.0276 0.3811 0.6299, 1.9094 0.3811 0.6299, 2.0276 0.3811 0.6693, 1.9094 0.3811 0.6693, 1.8307 0.3811 0.0906, 1.7126 0.3811 0.0906, 1.8307 0.3811 0.6299, 1.7126 0.3811 0.6299, 1.8307 0.3811 0.6693, 1.7126 0.3811 0.6693, 1.5157 0.3811 0.6693, 1.6339 0.3811 0.6693, 1.5157 0.3811 0.6299, 1.6339 0.3811 0.6299, 1.5157 0.3811 0.0906, 1.6339 0.3811 0.0906, 1.3189 0.3811 0.6693, 1.437 0.3811 0.6693, 1.3189 0.3811 0.6299, 1.437 0.3811 0.6299, 1.3189 0.3811 0.0906, 1.437 0.3811 0.0906, 1.122 0.3811 0.6693, 1.2402 0.3811 0.6693, 1.122 0.3811 0.6299, 1.2402 0.3811 0.6299, 1.122 0.3811 0.0906, 1.2402 0.3811 0.0906, 1.0433 0.3811 0.0906, 0.9252 0.3811 0.0906, 1.0433 0.3811 0.6299, 0.9252 0.3811 0.6299, 1.0433 0.3811 0.6693, 0.9252 0.3811 0.6693, 0.8465 0.3811 0.0906, 0.7283 0.3811 0.0906, 0.8465 0.3811 0.6299, 0.7283 0.3811 0.6299, 0.8465 0.3811 0.6693, 0.7283 0.3811 0.6693, 0.5315 0.3811 0.6693, 0.6496 0.3811 0.6693, 0.5315 0.3811 0.6299, 0.6496 0.3811 0.6299, 0.5315 0.3811 0.0906, 0.6496 0.3811 0.0906, 0.3346 0.3811 0.6693, 0.4528 0.3811 0.6693, 0.3346 0.3811 0.6299, 0.4528 0.3811 0.6299, 0.3346 0.3811 0.0906, 0.4528 0.3811 0.0906, 0.2559 0.3811 0.0906, 0.1378 0.3811 0.0906, 0.2559 0.3811 0.6299, 0.1378 0.3811 0.6299, 0.2559 0.3811 0.6693, 0.1378 0.3811 0.6693, 0.0591 0.3811 0.0906, -0.0591 0.3811 0.0906, 0.0591 0.3811 0.6299, -0.0591 0.3811 0.6299, 0.0591 0.3811 0.6693, -0.0591 0.3811 0.6693, -0.2559 0.3811 0.6693, -0.1378 0.3811 0.6693, -0.2559 0.3811 0.6299, -0.1378 0.3811 0.6299, -0.2559 0.3811 0.0906, -0.1378 0.3811 0.0906, -0.4528 0.3811 0.6693, -0.3346 0.3811 0.6693, -0.4528 0.3811 0.6299, -0.3346 0.3811 0.6299, -0.4528 0.3811 0.0906, -0.3346 0.3811 0.0906, -0.6496 0.3811 0.6693, -0.5315 0.3811 0.6693, -0.6496 0.3811 0.6299, -0.5315 0.3811 0.6299, -0.6496 0.3811 0.0906, -0.5315 0.3811 0.0906, -0.8465 0.3811 0.6693, -0.7283 0.3811 0.6693, -0.8465 0.3811 0.6299, -0.7283 0.3811 0.6299, -0.8465 0.3811 0.0906, -0.7283 0.3811 0.0906, -1.0433 0.3811 0.6693, -0.9252 0.3811 0.6693, -1.0433 0.3811 0.6299, -0.9252 0.3811 0.6299, -1.0433 0.3811 0.0906, -0.9252 0.3811 0.0906, -1.2402 0.3811 0.6693, -1.122 0.3811 0.6693, -1.2402 0.3811 0.6299, -1.122 0.3811 0.6299, -1.2402 0.3811 0.0906, -1.122 0.3811 0.0906, -1.437 0.3811 0.6693, -1.3189 0.3811 0.6693, -1.437 0.3811 0.6299, -1.3189 0.3811 0.6299, -1.437 0.3811 0.0906, -1.3189 0.3811 0.0906, -1.6339 0.3811 0.6693, -1.5157 0.3811 0.6693, -1.6339 0.3811 0.6299, -1.5157 0.3811 0.6299, -1.6339 0.3811 0.0906, -1.5157 0.3811 0.0906, -1.7126 0.3811 0.0906, -1.8307 0.3811 0.0906, -1.7126 0.3811 0.6299, -1.8307 0.3811 0.6299, -1.7126 0.3811 0.6693, -1.8307 0.3811 0.6693, -2.0276 0.3811 0.6693, -1.9094 0.3811 0.6693, -2.0276 0.3811 0.6299, -1.9094 0.3811 0.6299, -2.0276 0.3811 0.0906, -1.9094 0.3811 0.0906, -2.2244 0.3811 0.6693, -2.1063 0.3811 0.6693, -2.2244 0.3811 0.6299, -2.1063 0.3811 0.6299, -2.2244 0.3811 0.0906, -2.1063 0.3811 0.0906, 2.2244 0.1843 0.6693, 2.1063 0.1843 0.6693, 1.9094 0.1843 0.6693, 2.0276 0.1843 0.6693, 1.7126 0.1843 0.6693, 1.8307 0.1843 0.6693, 1.5157 0.1843 0.6693, 1.6339 0.1843 0.6693, 1.3189 0.1843 0.6693, 1.437 0.1843 0.6693, 1.122 0.1843 0.6693, 1.2402 0.1843 0.6693, 0.9252 0.1843 0.6693, 1.0433 0.1843 0.6693, 0.7283 0.1843 0.6693, 0.8465 0.1843 0.6693, 0.5315 0.1843 0.6693, 0.6496 0.1843 0.6693, 0.3346 0.1843 0.6693, 0.4528 0.1843 0.6693, 0.1378 0.1843 0.6693, 0.2559 0.1843 0.6693, -0.0591 0.1843 0.6693, 0.0591 0.1843 0.6693, -0.2559 0.1843 0.6693, -0.1378 0.1843 0.6693, -0.4528 0.1843 0.6693, -0.3346 0.1843 0.6693, -0.6496 0.1843 0.6693, -0.5315 0.1843 0.6693, -0.8465 0.1843 0.6693, -0.7283 0.1843 0.6693, -1.0433 0.1843 0.6693, -0.9252 0.1843 0.6693, -1.2402 0.1843 0.6693, -1.122 0.1843 0.6693, -1.437 0.1843 0.6693, -1.3189 0.1843 0.6693, -1.6339 0.1843 0.6693, -1.5157 0.1843 0.6693, -1.8307 0.1843 0.6693, -1.7126 0.1843 0.6693, -2.0276 0.1843 0.6693, -1.9094 0.1843 0.6693, -2.2244 0.1843 0.6693, -2.1063 0.1843 0.6693, 2.3031 0.3811 0.6693, 2.5591 0.3811 0.6693, 2.3031 0.3811 0.6299, 2.5591 0.3811 0.0906, 2.3031 0.3811 0.0906, 2.5984 0.3417 0.6693, 2.3031 0.1843 0.6693, 2.5984 0.1843 0.6693, -2.5984 0.1843 0.5906, -2.5984 0.1843 0.6693, -2.5984 0.2827 0.5906, -2.5984 0.3417 0.6693, -2.5984 0.2827 0.0906, -2.5984 0.3417 0.0906, -2.6772 0.2827 0.0906, -2.6772 0.3417 0.0906, -2.6772 0.2827 0.5906, -2.6772 0.3417 0.6299, -2.6772 0.1843 0.5906, -2.6772 0.1843 0.6299, -2.3031 0.3811 0.0906, -2.5591 0.3811 0.0906, -2.3031 0.3811 0.6299, -2.5591 0.3811 0.6693, -2.3031 0.3811 0.6693
            ]
        }
        coordIndex [
            0,1,2,-1,2,1,3,-1,2,3,4,-1,4,3,5,-1,6,7,8,-1,8,7,9,-1,8,9,10,-1,10,9,11,-1,12,13,14,-1,14,13,15,-1,14,15,16,-1,16,15,17,-1,18,19,20,-1,20,19,21,-1,20,21,22,-1,22,21,23,-1,24,25,26,-1,26,25,27,-1,26,27,28,-1,28,27,29,-1,30,31,32,-1,32,31,33,-1,32,33,34,-1,34,33,35,-1,36,37,38,-1,38,37,39,-1,38,39,40,-1,40,39,41,-1,42,43,44,-1,44,43,45,-1,44,45,46,-1,46,45,47,-1,48,49,50,-1,50,49,51,-1,50,51,52,-1,52,51,53,-1,54,55,56,-1,56,55,57,-1,56,57,58,-1,58,57,59,-1,60,61,62,-1,62,61,63,-1,62,63,64,-1,64,63,65,-1,66,67,68,-1,68,67,69,-1,68,69,70,-1,70,69,71,-1,72,73,74,-1,74,73,75,-1,74,75,76,-1,76,75,77,-1,78,79,80,-1,80,79,81,-1,80,81,82,-1,82,81,83,-1,84,85,86,-1,86,85,87,-1,86,87,88,-1,88,87,89,-1,90,91,92,-1,92,91,93,-1,92,93,94,-1,94,93,95,-1,96,97,98,-1,98,97,99,-1,98,99,100,-1,100,99,101,-1,102,103,104,-1,104,103,105,-1,104,105,106,-1,106,105,107,-1,108,109,110,-1,110,109,111,-1,110,111,112,-1,112,111,113,-1,114,115,116,-1,116,115,117,-1,116,117,118,-1,118,117,119,-1,120,121,122,-1,122,121,123,-1,122,123,124,-1,124,123,125,-1,126,127,128,-1,128,127,129,-1,128,129,130,-1,130,129,131,-1,132,133,134,-1,134,133,135,-1,134,135,136,-1,136,135,137,-1,138,4,139,-1,139,4,5,-1,11,140,10,-1,10,140,141,-1,17,142,16,-1,16,142,143,-1,18,144,19,-1,19,144,145,-1,24,146,25,-1,25,146,147,-1,30,148,31,-1,31,148,149,-1,41,150,40,-1,40,150,151,-1,47,152,46,-1,46,152,153,-1,48,154,49,-1,49,154,155,-1,54,156,55,-1,55,156,157,-1,65,158,64,-1,64,158,159,-1,71,160,70,-1,70,160,161,-1,72,162,73,-1,73,162,163,-1,78,164,79,-1,79,164,165,-1,84,166,85,-1,85,166,167,-1,90,168,91,-1,91,168,169,-1,96,170,97,-1,97,170,171,-1,102,172,103,-1,103,172,173,-1,108,174,109,-1,109,174,175,-1,114,176,115,-1,115,176,177,-1,125,178,124,-1,124,178,179,-1,126,180,127,-1,127,180,181,-1,132,182,133,-1,133,182,183,-1,184,185,186,-1,186,185,187,-1,186,187,188,-1,185,184,189,-1,189,184,190,-1,189,190,191,-1,192,193,194,-1,194,193,195,-1,194,195,196,-1,196,195,197,-1,198,199,200,-1,200,199,201,-1,200,201,202,-1,202,201,203,-1,204,205,206,-1,206,205,207,-1,206,207,208,-1,
        ]
    }
}
Shape{
    appearance Appearance {
        material  Material 	{
            diffuseColor 0.6666666666666666 0.6666666666666666 0.6666666666666666
            specularColor 0.4666666666666667 0.4666666666666667 0.4666666666666667
            ambientIntensity 0.6667
            transparency 0.0
            shininess 0.5
        }
    }
    geometry IndexedFaceSet {
        ccw TRUE
        solid FALSE
        coord DEF co Coordinate {
            point [
                2.5984 0.2827 0.5906, 2.6772 0.2827 0.5906, 2.5984 0.2827 0.0906, 2.6772 0.2827 0.0906, 2.5984 0.2827 0.0787, 2.6772 0.2827 0.0787
            ]
        }
        coordIndex [
            0,1,2,-1,2,1,3,-1,2,3,4,-1,4,3,5,-1,
        ]
    }
}
Shape{
    appearance Appearance {
        material  Material 	{
            diffuseColor 0.5882352941176471 0.5725490196078431 0.5254901960784314
            specularColor 0.043137254901960784 0.0392156862745098 0.0392156862745098
            ambientIntensity 0.8167
            transparency 0.0
            shininess 0.5
        }
    }
    geometry IndexedFaceSet {
        ccw TRUE
        solid FALSE
        coord DEF co Coordinate {
            point [
                2.7165 0.1843 0.6693, 2.8346 0.1843 0.6693, 2.7165 0.3811 0.6693, 2.8346 0.3811 0.6693, -2.5984 0.3417 0.6693, -2.5984 0.1843 0.6693, -2.5591 0.3811 0.6693, -2.3031 0.1843 0.6693, -2.3031 0.3811 0.6693, -2.8346 0.3811 0.6693, -2.7165 0.3811 0.6693, -2.8346 0.3811 0.3937, -2.7165 0.3811 0.0906, -3.1496 0.3811 0.3937, -3.1496 0.3811 0.0906
            ]
        }
        coordIndex [
            0,1,2,-1,2,1,3,-1,4,5,6,-1,6,5,7,-1,6,7,8,-1,9,10,11,-1,11,10,12,-1,11,12,13,-1,13,12,14,-1,
        ]
    }
}
Shape{
    appearance Appearance {
        material  Material 	{
            diffuseColor 0.6666666666666666 0.6666666666666666 0.6666666666666666
            specularColor 0.4666666666666667 0.4666666666666667 0.4666666666666667
            ambientIntensity 0.6667
            transparency 0.0
            shininess 0.5
        }
    }
    geometry IndexedFaceSet {
        ccw TRUE
        solid FALSE
        coord DEF co Coordinate {
            point [
                -2.5984 0.2827 0.0787, -2.6772 0.2827 0.0787, -2.5984 0.2827 0.0906, -2.6772 0.2827 0.0906, -2.5984 0.2827 0.5906, -2.6772 0.2827 0.5906
            ]
        }
        coordIndex [
            0,1,2,-1,2,1,3,-1,2,3,4,-1,4,3,5,-1,
        ]
    }
}
Shape{
    appearance Appearance {
        material  Material 	{
            diffuseColor 0.5882352941176471 0.5725490196078431 0.5254901960784314
            specularColor 0.043137254901960784 0.0392156862745098 0.0392156862745098
            ambientIntensity 0.8167
            transparency 0.0
            shininess 0.5
        }
    }
    geometry IndexedFaceSet {
        ccw TRUE
        solid FALSE
        coord DEF co Coordinate {
            point [
                -2.7165 0.3811 0.6693, -2.8346 0.3811 0.6693, -2.7165 0.1843 0.6693, -2.8346 0.1843 0.6693, 2.8346 0.1843 0.3937, 2.8346 0.3811 0.3937, 2.8346 0.1843 0.6693, 2.8346 0.3811 0.6693, -2.8346 0.3811 0.3937, -2.8346 0.1843 0.3937
            ]
        }
        coordIndex [
            0,1,2,-1,2,1,3,-1,4,5,6,-1,6,5,7,-1,1,8,3,-1,3,8,9,-1,
        ]
    }
}
Shape{
    appearance Appearance {
        material  Material 	{
            diffuseColor 0.20784313725490197 0.20784313725490197 0.20784313725490197
            specularColor 0.01568627450980392 0.01568627450980392 0.01568627450980392
            ambientIntensity 0.298
            transparency 0.0
            shininess 0.5
        }
    }
    geometry IndexedFaceSet {
        ccw TRUE
        solid FALSE
        coord DEF co Coordinate {
            point [
                2.4803 -1.2528 0.6102, -2.4803 -1.2528 0.6102, 2.4803 -1.2528 0.7677, -2.4803 -1.2528 0.7677
            ]
        }
        coordIndex [
            0,1,2,-1,2,1,3,-1,
        ]
    }
}
Shape{
    appearance Appearance {
        material  Material 	{
            diffuseColor 0.5882352941176471 0.5725490196078431 0.5254901960784314
            specularColor 0.043137254901960784 0.0392156862745098 0.0392156862745098
            ambientIntensity 0.8167
            transparency 0.0
            shininess 0.5
        }
    }
    geometry IndexedFaceSet {
        ccw TRUE
        solid FALSE
        coord DEF co Coordinate {
            point [
                2.2441 -0.8197 0.689, 2.3031 -0.8197 0.689, 2.4409 -0.8197 0.7874, 2.1063 -0.8197 0.6102, 2.0472 -0.8197 0.6102, 1.9783 -0.8197 0.6004, 2.4409 -0.8197 0.6004, 2.3031 -0.8197 0.6102, 2.2441 -0.8197 0.6102, 1.9783 -0.8197 0.7874, 2.0472 -0.8197 0.689, 2.1063 -0.8197 0.689, 2.4409 -0.8197 0.5906, 1.8504 -0.8197 0.689, 1.7815 -0.8197 0.7874, 1.8504 -0.8197 0.6102, 1.7815 -0.8197 0.6004, 1.9094 -0.8197 0.6102, 1.9094 -0.8197 0.689, 1.7126 -0.8197 0.6102, 1.6535 -0.8197 0.6102, 1.7126 -0.8197 0.689, 1.6535 -0.8197 0.689, 1.5846 -0.8197 0.7874, 1.5846 -0.8197 0.6004, 1.5157 -0.8197 0.6102, 1.4567 -0.8197 0.6102, 1.5157 -0.8197 0.689, 1.4567 -0.8197 0.689, 1.3878 -0.8197 0.7874, 1.3878 -0.8197 0.6004, 1.3189 -0.8197 0.6102, 1.2598 -0.8197 0.6102, 1.3189 -0.8197 0.689, 1.2598 -0.8197 0.689, 1.1909 -0.8197 0.7874, 1.1909 -0.8197 0.6004, 0.8661 -0.8197 0.689, 0.7972 -0.8197 0.7874, 0.8661 -0.8197 0.6102, 0.7972 -0.8197 0.6004, 0.9252 -0.8197 0.6102, 1.063 -0.8197 0.6102, 0.9252 -0.8197 0.689, 1.063 -0.8197 0.689, 1.122 -0.8197 0.689, 1.122 -0.8197 0.6102, 0.7283 -0.8197 0.6102, 0.6693 -0.8197 0.6102, 0.7283 -0.8197 0.689, 0.6693 -0.8197 0.689, 0.6004 -0.8197 0.7874, 0.6004 -0.8197 0.6004, 0.5315 -0.8197 0.6102, 0.4724 -0.8197 0.6102, 0.5315 -0.8197 0.689, 0.4724 -0.8197 0.689, 0.4035 -0.8197 0.7874, 0.4035 -0.8197 0.6004, 0.3346 -0.8197 0.6102, 0.2756 -0.8197 0.6102, 0.3346 -0.8197 0.689, 0.2756 -0.8197 0.689, 0.2067 -0.8197 0.7874, 0.2067 -0.8197 0.6004, 0.1378 -0.8197 0.6102, 0.0787 -0.8197 0.6102, 0.1378 -0.8197 0.689, 0.0787 -0.8197 0.689, 0.0098 -0.8197 0.7874, 0.0098 -0.8197 0.6004, -0.315 -0.8197 0.689, -0.3839 -0.8197 0.7874, -0.315 -0.8197 0.6102, -0.3839 -0.8197 0.6004, -0.2559 -0.8197 0.6102, -0.1181 -0.8197 0.6102, -0.2559 -0.8197 0.689, -0.1181 -0.8197 0.689, -0.0591 -0.8197 0.689, -0.0591 -0.8197 0.6102, -0.4528 -0.8197 0.6102, -0.5118 -0.8197 0.6102, -0.4528 -0.8197 0.689, -0.5118 -0.8197 0.689, -0.5807 -0.8197 0.7874, -0.5807 -0.8197 0.6004, -0.6496 -0.8197 0.6102, -0.7087 -0.8197 0.6102, -0.6496 -0.8197 0.689, -0.7087 -0.8197 0.689, -0.7776 -0.8197 0.7874, -0.7776 -0.8197 0.6004, -0.8465 -0.8197 0.6102, -0.9055 -0.8197 0.6102, -0.8465 -0.8197 0.689, -0.9055 -0.8197 0.689, -0.9744 -0.8197 0.7874, -0.9744 -0.8197 0.6004, -1.0433 -0.8197 0.6102, -1.1024 -0.8197 0.6102, -1.0433 -0.8197 0.689, -1.1024 -0.8197 0.689, -1.1713 -0.8197 0.7874, -1.1713 -0.8197 0.6004, -1.4961 -0.8197 0.689, -1.565 -0.8197 0.7874, -1.4961 -0.8197 0.6102, -1.565 -0.8197 0.6004, -1.437 -0.8197 0.6102, -1.2992 -0.8197 0.6102, -1.437 -0.8197 0.689, -1.2992 -0.8197 0.689, -1.2402 -0.8197 0.689, -1.2402 -0.8197 0.6102, -1.6339 -0.8197 0.6102, -1.6929 -0.8197 0.6102, -1.6339 -0.8197 0.689, -1.6929 -0.8197 0.689, -1.7618 -0.8197 0.7874, -1.7618 -0.8197 0.6004, -1.8898 -0.8197 0.689, -1.9587 -0.8197 0.7874, -1.8898 -0.8197 0.6102, -1.9587 -0.8197 0.6004, -1.8307 -0.8197 0.6102, -1.8307 -0.8197 0.689, -2.0276 -0.8197 0.6102, -2.0866 -0.8197 0.6102, -2.0276 -0.8197 0.689, -2.0866 -0.8197 0.689, -2.1555 -0.8197 0.7874, -2.1555 -0.8197 0.6004, -2.3622 -0.8197 0.6004, -2.2835 -0.8197 0.6102, -2.2244 -0.8197 0.6102, -2.2244 -0.8197 0.689, -2.2835 -0.8197 0.689, -2.3622 -0.8197 0.7874, -2.4409 -0.8197 0.7874, -2.4409 -0.8197 0.6004, 1.9783 -0.8197 0.5906, 1.7815 -0.8197 0.5906, 1.5846 -0.8197 0.5906, 1.3878 -0.8197 0.5906, 1.1909 -0.8197 0.5906, 0.7972 -0.8197 0.5906, 0.6004 -0.8197 0.5906, 0.4035 -0.8197 0.5906, 0.2067 -0.8197 0.5906, 0.0098 -0.8197 0.5906, -0.3839 -0.8197 0.5906, -0.5807 -0.8197 0.5906, -0.7776 -0.8197 0.5906, -0.9744 -0.8197 0.5906, -1.1713 -0.8197 0.5906, -1.565 -0.8197 0.5906, -1.7618 -0.8197 0.5906, -1.9587 -0.8197 0.5906, -2.1555 -0.8197 0.5906, -2.3622 -0.8197 0.5906, -2.4409 -0.8197 0.5906, -3.2283 -1.3709 0.248, -3.2283 -1.3709 0.7874, -3.2283 0.1843 0.248, -3.2283 0.1843 0.7874, 2.5984 -0.7016 0.0787, 2.5984 -0.7016 0.0906, 2.5984 -1.3709 0.0906, 2.5984 0.263 0.0787, 2.5984 -0.3079 0.0787, 2.5984 0.263 0.0118, 2.5984 -1.3709 0.0118
            ]
        }
        coordIndex [
            0,1,2,-1,3,4,5,-1,2,1,6,-1,6,1,7,-1,6,7,8,-1,5,4,9,-1,9,4,10,-1,9,10,11,-1,2,9,0,-1,0,9,11,-1,0,11,8,-1,8,11,3,-1,8,3,6,-1,6,3,5,-1,6,5,12,-1,13,14,15,-1,15,14,16,-1,15,16,17,-1,17,16,5,-1,17,5,18,-1,18,5,9,-1,18,9,13,-1,13,9,14,-1,16,19,20,-1,19,16,21,-1,21,16,14,-1,21,14,22,-1,22,14,23,-1,22,23,20,-1,20,23,24,-1,20,24,16,-1,24,25,26,-1,25,24,27,-1,27,24,23,-1,27,23,28,-1,28,23,29,-1,28,29,26,-1,26,29,30,-1,26,30,24,-1,30,31,32,-1,31,30,33,-1,33,30,29,-1,33,29,34,-1,34,29,35,-1,34,35,32,-1,32,35,36,-1,32,36,30,-1,37,38,39,-1,39,38,40,-1,39,40,41,-1,40,36,41,-1,41,36,42,-1,41,42,43,-1,43,42,44,-1,37,43,38,-1,38,43,44,-1,38,44,35,-1,35,44,45,-1,35,45,36,-1,36,45,46,-1,36,46,42,-1,40,47,48,-1,47,40,49,-1,49,40,38,-1,49,38,50,-1,50,38,51,-1,50,51,48,-1,48,51,52,-1,48,52,40,-1,52,53,54,-1,53,52,55,-1,55,52,51,-1,55,51,56,-1,56,51,57,-1,56,57,54,-1,54,57,58,-1,54,58,52,-1,58,59,60,-1,59,58,61,-1,61,58,57,-1,61,57,62,-1,62,57,63,-1,62,63,60,-1,60,63,64,-1,60,64,58,-1,64,65,66,-1,65,64,67,-1,67,64,63,-1,67,63,68,-1,68,63,69,-1,68,69,66,-1,66,69,70,-1,66,70,64,-1,71,72,73,-1,73,72,74,-1,73,74,75,-1,74,70,75,-1,75,70,76,-1,75,76,77,-1,77,76,78,-1,71,77,72,-1,72,77,78,-1,72,78,69,-1,69,78,79,-1,69,79,70,-1,70,79,80,-1,70,80,76,-1,74,81,82,-1,81,74,83,-1,83,74,72,-1,83,72,84,-1,84,72,85,-1,84,85,82,-1,82,85,86,-1,82,86,74,-1,86,87,88,-1,87,86,89,-1,89,86,85,-1,89,85,90,-1,90,85,91,-1,90,91,88,-1,88,91,92,-1,88,92,86,-1,92,93,94,-1,93,92,95,-1,95,92,91,-1,95,91,96,-1,96,91,97,-1,96,97,94,-1,94,97,98,-1,94,98,92,-1,98,99,100,-1,99,98,101,-1,101,98,97,-1,101,97,102,-1,102,97,103,-1,102,103,100,-1,100,103,104,-1,100,104,98,-1,105,106,107,-1,107,106,108,-1,107,108,109,-1,108,104,109,-1,109,104,110,-1,109,110,111,-1,111,110,112,-1,105,111,106,-1,106,111,112,-1,106,112,103,-1,103,112,113,-1,103,113,104,-1,104,113,114,-1,104,114,110,-1,108,115,116,-1,115,108,117,-1,117,108,106,-1,117,106,118,-1,118,106,119,-1,118,119,116,-1,116,119,120,-1,116,120,108,-1,121,122,123,-1,123,122,124,-1,123,124,125,-1,125,124,120,-1,125,120,126,-1,126,120,119,-1,126,119,121,-1,121,119,122,-1,124,127,128,-1,127,124,129,-1,129,124,122,-1,129,122,130,-1,130,122,131,-1,130,131,128,-1,128,131,132,-1,128,132,124,-1,133,132,134,-1,134,132,135,-1,135,132,136,-1,136,132,131,-1,136,131,137,-1,137,131,138,-1,137,138,134,-1,134,138,133,-1,133,138,139,-1,133,139,140,-1,12,5,141,-1,141,5,16,-1,141,16,142,-1,142,16,24,-1,142,24,143,-1,143,24,30,-1,143,30,144,-1,144,30,36,-1,144,36,145,-1,145,36,40,-1,145,40,146,-1,146,40,52,-1,146,52,147,-1,147,52,58,-1,147,58,148,-1,148,58,64,-1,148,64,149,-1,149,64,70,-1,149,70,150,-1,150,70,74,-1,150,74,151,-1,151,74,86,-1,151,86,152,-1,152,86,92,-1,152,92,153,-1,153,92,98,-1,153,98,154,-1,154,98,104,-1,154,104,155,-1,155,104,108,-1,155,108,156,-1,156,108,120,-1,156,120,157,-1,157,120,124,-1,157,124,158,-1,158,124,132,-1,158,132,159,-1,159,132,133,-1,159,133,160,-1,160,133,140,-1,160,140,161,-1,162,163,164,-1,164,163,165,-1,166,167,168,-1,169,170,171,-1,171,170,166,-1,171,166,172,-1,172,166,168,-1,
        ]
    }
}
Shape{
    appearance Appearance {
        material  Material 	{
            diffuseColor 0.6666666666666666 0.6666666666666666 0.6666666666666666
            specularColor 0.4666666666666667 0.4666666666666667 0.4666666666666667
            ambientIntensity 0.6667
            transparency 0.0
            shininess 0.5
        }
    }
    geometry IndexedFaceSet {
        ccw TRUE
        solid FALSE
        coord DEF co Coordinate {
            point [
                2.6011 -0.3079 0.0584, 2.5984 -0.3079 0.0787, 2.6772 -0.3079 0.0787, 2.609 -0.3079 0.0394, 3.0945 -0.3079 0.0787, 3.0945 -0.3079 0.0, 2.6772 -0.3079 0.0, 2.6568 -0.3079 0.0027, 2.6378 -0.3079 0.0105, 2.6215 -0.3079 0.0231
            ]
        }
        coordIndex [
            0,1,2,-1,0,2,3,-1,4,5,2,-1,2,5,6,-1,2,6,7,-1,7,8,2,-1,2,8,9,-1,2,9,3,-1,
        ]
    }
}
Shape{
    appearance Appearance {
        material  Material 	{
            diffuseColor 0.5882352941176471 0.5725490196078431 0.5254901960784314
            specularColor 0.043137254901960784 0.0392156862745098 0.0392156862745098
            ambientIntensity 0.8167
            transparency 0.0
            shininess 0.5
        }
    }
    geometry IndexedFaceSet {
        ccw TRUE
        solid FALSE
        coord DEF co Coordinate {
            point [
                -2.5984 -1.3709 0.0906, -2.5984 -0.7016 0.0906, -2.5984 -1.3709 0.0118, -2.5984 -0.7016 0.0787, -2.5984 0.263 0.0118, -2.5984 -0.3079 0.0787, -2.5984 0.263 0.0787
            ]
        }
        coordIndex [
            0,1,2,-1,2,1,3,-1,2,3,4,-1,4,3,5,-1,4,5,6,-1,
        ]
    }
}
Shape{
    appearance Appearance {
        material  Material 	{
            diffuseColor 0.6666666666666666 0.6666666666666666 0.6666666666666666
            specularColor 0.4666666666666667 0.4666666666666667 0.4666666666666667
            ambientIntensity 0.6667
            transparency 0.0
            shininess 0.5
        }
    }
    geometry IndexedFaceSet {
        ccw TRUE
        solid FALSE
        coord DEF co Coordinate {
            point [
                -3.0945 -0.3079 0.0, -3.0945 -0.3079 0.0787, -2.6772 -0.3079 0.0, -2.6772 -0.3079 0.0787, -2.5984 -0.3079 0.0787, -2.6011 -0.3079 0.0584, -2.609 -0.3079 0.0394, -2.6215 -0.3079 0.0231, -2.6378 -0.3079 0.0105, -2.6568 -0.3079 0.0027
            ]
        }
        coordIndex [
            0,1,2,-1,2,1,3,-1,4,5,3,-1,3,5,6,-1,3,6,7,-1,7,8,3,-1,3,8,9,-1,3,9,2,-1,
        ]
    }
}
Shape{
    appearance Appearance {
        material  Material 	{
            diffuseColor 0.5882352941176471 0.5725490196078431 0.5254901960784314
            specularColor 0.043137254901960784 0.0392156862745098 0.0392156862745098
            ambientIntensity 0.8167
            transparency 0.0
            shininess 0.5
        }
    }
    geometry IndexedFaceSet {
        ccw TRUE
        solid FALSE
        coord DEF co Coordinate {
            point [
                2.5984 0.2827 0.0906, 2.5984 0.263 0.0906, 2.3031 0.263 0.0906, 2.3031 0.3811 0.0906, 2.5591 0.3811 0.0906, 2.5984 0.3417 0.0906, 2.6772 0.3417 0.0906, 2.7165 0.3811 0.0906, 2.6772 0.2827 0.0906, 3.1496 0.3811 0.0906, 2.6772 -0.7016 0.0906, 3.1496 -1.3709 0.0906, 2.5984 -0.7016 0.0906, 2.5984 -1.3709 0.0906, -2.3031 0.263 0.0906, -2.5984 0.263 0.0906, -2.5984 0.2827 0.0906, -2.5984 0.3417 0.0906, -2.5591 0.3811 0.0906, -2.3031 0.3811 0.0906, -2.5157 -0.1898 0.5827, -2.3031 -0.1898 0.5827, -2.3031 -0.1937 0.5827, -2.5157 -1.3709 0.5827, -2.2244 -0.1937 0.5827, 2.5157 -1.3709 0.5827, -2.0276 -0.1937 0.5827, -2.0276 -0.1898 0.5827, -1.9094 -0.1898 0.5827, -1.9094 -0.1937 0.5827, -1.8307 -0.1937 0.5827, -2.1063 -0.1937 0.5827, -2.1063 -0.1898 0.5827, -2.2244 -0.1898 0.5827, -1.6339 -0.1937 0.5827, -1.6339 -0.1898 0.5827, -1.5157 -0.1898 0.5827, -1.5157 -0.1937 0.5827, -1.437 -0.1937 0.5827, -1.7126 -0.1937 0.5827, -1.7126 -0.1898 0.5827, -1.8307 -0.1898 0.5827, -1.2402 -0.1937 0.5827, -1.2402 -0.1898 0.5827, -1.122 -0.1898 0.5827, -1.122 -0.1937 0.5827, -1.0433 -0.1937 0.5827, -1.3189 -0.1937 0.5827, -1.3189 -0.1898 0.5827, -1.437 -0.1898 0.5827, -0.8465 -0.1937 0.5827, -0.8465 -0.1898 0.5827, -0.7283 -0.1898 0.5827, -0.7283 -0.1937 0.5827, -0.6496 -0.1937 0.5827, -0.9252 -0.1937 0.5827, -0.9252 -0.1898 0.5827, -1.0433 -0.1898 0.5827, -0.4528 -0.1937 0.5827, -0.4528 -0.1898 0.5827, -0.3346 -0.1898 0.5827, -0.3346 -0.1937 0.5827, -0.2559 -0.1937 0.5827, -0.5315 -0.1937 0.5827, -0.5315 -0.1898 0.5827, -0.6496 -0.1898 0.5827, -0.0591 -0.1937 0.5827, -0.0591 -0.1898 0.5827, 0.0591 -0.1898 0.5827, 0.0591 -0.1937 0.5827, 0.1378 -0.1937 0.5827, -0.1378 -0.1937 0.5827, -0.1378 -0.1898 0.5827, -0.2559 -0.1898 0.5827, 0.3346 -0.1937 0.5827, 0.3346 -0.1898 0.5827, 0.4528 -0.1898 0.5827, 0.4528 -0.1937 0.5827, 0.5315 -0.1937 0.5827, 0.2559 -0.1937 0.5827, 0.2559 -0.1898 0.5827, 0.1378 -0.1898 0.5827, 0.7283 -0.1937 0.5827, 0.7283 -0.1898 0.5827, 0.8465 -0.1898 0.5827, 0.8465 -0.1937 0.5827, 0.9252 -0.1937 0.5827, 0.6496 -0.1937 0.5827, 0.6496 -0.1898 0.5827, 0.5315 -0.1898 0.5827, 1.122 -0.1937 0.5827, 1.122 -0.1898 0.5827, 1.2402 -0.1898 0.5827, 1.2402 -0.1937 0.5827, 1.3189 -0.1937 0.5827, 1.0433 -0.1937 0.5827, 1.0433 -0.1898 0.5827, 0.9252 -0.1898 0.5827, 1.5157 -0.1937 0.5827, 1.5157 -0.1898 0.5827, 1.6339 -0.1898 0.5827, 1.6339 -0.1937 0.5827, 1.7126 -0.1937 0.5827, 1.437 -0.1937 0.5827, 1.437 -0.1898 0.5827, 1.3189 -0.1898 0.5827, 1.9094 -0.1937 0.5827, 1.9094 -0.1898 0.5827, 2.0276 -0.1898 0.5827, 2.0276 -0.1937 0.5827, 2.1063 -0.1937 0.5827, 1.8307 -0.1937 0.5827, 1.8307 -0.1898 0.5827, 1.7126 -0.1898 0.5827, 2.3031 -0.1898 0.5827, 2.5157 -0.1898 0.5827, 2.3031 -0.1937 0.5827, 2.2244 -0.1937 0.5827, 2.2244 -0.1898 0.5827, 2.1063 -0.1898 0.5827, -2.3071 -0.1898 0.1299, -2.3031 -0.1898 0.1299, -2.3071 -0.1898 0.189, -2.5157 -0.1898 0.189, -2.2205 -0.1898 0.1299, -2.2244 -0.1898 0.1299, -2.2244 -1.2037 0.1299, -2.3031 -1.2037 0.1299, -2.3071 -1.3709 0.1299, -2.2205 -1.3709 0.1299, -2.2205 -0.1898 0.189, -2.1102 -0.1898 0.1299, -2.1063 -0.1898 0.1299, -2.1102 -0.1898 0.189, -2.0236 -0.1898 0.1299, -2.0276 -0.1898 0.1299, -2.0276 -1.2037 0.1299, -2.1063 -1.2037 0.1299, -2.1102 -1.3709 0.1299, -2.0236 -1.3709 0.1299, -2.0236 -0.1898 0.189, -1.9134 -0.1898 0.1299, -1.9094 -0.1898 0.1299, -1.9134 -0.1898 0.189, -1.8268 -0.1898 0.1299, -1.8307 -0.1898 0.1299, -1.8307 -1.2037 0.1299, -1.9094 -1.2037 0.1299, -1.9134 -1.3709 0.1299, -1.8268 -1.3709 0.1299, -1.8268 -0.1898 0.189, -1.7165 -0.1898 0.1299, -1.7126 -0.1898 0.1299, -1.7165 -0.1898 0.189, -1.6299 -0.1898 0.1299, -1.6339 -0.1898 0.1299, -1.6339 -1.2037 0.1299, -1.7126 -1.2037 0.1299, -1.7165 -1.3709 0.1299, -1.6299 -1.3709 0.1299, -1.6299 -0.1898 0.189, -1.5197 -0.1898 0.1299, -1.5157 -0.1898 0.1299, -1.5197 -0.1898 0.189, -1.4331 -0.1898 0.1299, -1.437 -0.1898 0.1299, -1.437 -1.2037 0.1299, -1.5157 -1.2037 0.1299, -1.5197 -1.3709 0.1299, -1.4331 -1.3709 0.1299, -1.4331 -0.1898 0.189, -1.3228 -0.1898 0.1299, -1.3189 -0.1898 0.1299, -1.3228 -0.1898 0.189, -1.2362 -0.1898 0.1299, -1.2402 -0.1898 0.1299, -1.2402 -1.2037 0.1299, -1.3189 -1.2037 0.1299, -1.3228 -1.3709 0.1299, -1.2362 -1.3709 0.1299, -1.2362 -0.1898 0.189, -1.126 -0.1898 0.1299, -1.122 -0.1898 0.1299, -1.126 -0.1898 0.189, -1.0394 -0.1898 0.1299, -1.0433 -0.1898 0.1299, -1.0433 -1.2037 0.1299, -1.122 -1.2037 0.1299, -1.126 -1.3709 0.1299, -1.0394 -1.3709 0.1299, -1.0394 -0.1898 0.189, -0.9291 -0.1898 0.1299, -0.9252 -0.1898 0.1299, -0.9291 -0.1898 0.189, -0.8425 -0.1898 0.1299, -0.8465 -0.1898 0.1299, -0.8465 -1.2037 0.1299, -0.9252 -1.2037 0.1299, -0.9291 -1.3709 0.1299, -0.8425 -1.3709 0.1299, -0.8425 -0.1898 0.189, -0.7323 -0.1898 0.1299, -0.7283 -0.1898 0.1299, -0.7323 -0.1898 0.189, -0.6457 -0.1898 0.1299, -0.6496 -0.1898 0.1299, -0.6496 -1.2037 0.1299, -0.7283 -1.2037 0.1299, -0.7323 -1.3709 0.1299, -0.6457 -1.3709 0.1299, -0.6457 -0.1898 0.189, -0.5354 -0.1898 0.1299, -0.5315 -0.1898 0.1299, -0.5354 -0.1898 0.189, -0.4488 -0.1898 0.1299, -0.4528 -0.1898 0.1299, -0.4528 -1.2037 0.1299, -0.5315 -1.2037 0.1299, -0.5354 -1.3709 0.1299, -0.4488 -1.3709 0.1299, -0.4488 -0.1898 0.189, -0.3386 -0.1898 0.1299, -0.3346 -0.1898 0.1299, -0.3386 -0.1898 0.189, -0.252 -0.1898 0.1299, -0.2559 -0.1898 0.1299, -0.2559 -1.2037 0.1299, -0.3346 -1.2037 0.1299, -0.3386 -1.3709 0.1299, -0.252 -1.3709 0.1299, -0.252 -0.1898 0.189, -0.1417 -0.1898 0.1299, -0.1378 -0.1898 0.1299, -0.1417 -0.1898 0.189, -0.0551 -0.1898 0.1299, -0.0591 -0.1898 0.1299, -0.0591 -1.2037 0.1299, -0.1378 -1.2037 0.1299, -0.1417 -1.3709 0.1299, -0.0551 -1.3709 0.1299, -0.0551 -0.1898 0.189, 0.0551 -0.1898 0.1299, 0.0591 -0.1898 0.1299, 0.0551 -0.1898 0.189, 0.1417 -0.1898 0.1299, 0.1378 -0.1898 0.1299, 0.1378 -1.2037 0.1299, 0.0591 -1.2037 0.1299, 0.0551 -1.3709 0.1299, 0.1417 -1.3709 0.1299, 0.1417 -0.1898 0.189, 0.252 -0.1898 0.1299, 0.2559 -0.1898 0.1299, 0.252 -0.1898 0.189, 0.3386 -0.1898 0.1299, 0.3346 -0.1898 0.1299, 0.3346 -1.2037 0.1299, 0.2559 -1.2037 0.1299, 0.252 -1.3709 0.1299, 0.3386 -1.3709 0.1299, 0.3386 -0.1898 0.189, 0.4488 -0.1898 0.1299, 0.4528 -0.1898 0.1299, 0.4488 -0.1898 0.189, 0.5354 -0.1898 0.1299, 0.5315 -0.1898 0.1299, 0.5315 -1.2037 0.1299, 0.4528 -1.2037 0.1299, 0.4488 -1.3709 0.1299, 0.5354 -1.3709 0.1299, 0.5354 -0.1898 0.189, 0.6457 -0.1898 0.1299, 0.6496 -0.1898 0.1299, 0.6457 -0.1898 0.189, 0.7323 -0.1898 0.1299, 0.7283 -0.1898 0.1299, 0.7283 -1.2037 0.1299, 0.6496 -1.2037 0.1299, 0.6457 -1.3709 0.1299, 0.7323 -1.3709 0.1299, 0.7323 -0.1898 0.189, 0.8425 -0.1898 0.1299, 0.8465 -0.1898 0.1299, 0.8425 -0.1898 0.189, 0.9291 -0.1898 0.1299, 0.9252 -0.1898 0.1299, 0.9252 -1.2037 0.1299, 0.8465 -1.2037 0.1299, 0.8425 -1.3709 0.1299, 0.9291 -1.3709 0.1299, 0.9291 -0.1898 0.189, 1.0394 -0.1898 0.1299, 1.0433 -0.1898 0.1299, 1.0394 -0.1898 0.189, 1.126 -0.1898 0.1299, 1.122 -0.1898 0.1299, 1.122 -1.2037 0.1299, 1.0433 -1.2037 0.1299, 1.0394 -1.3709 0.1299, 1.126 -1.3709 0.1299, 1.126 -0.1898 0.189, 1.2362 -0.1898 0.1299, 1.2402 -0.1898 0.1299, 1.2362 -0.1898 0.189, 1.3228 -0.1898 0.1299, 1.3189 -0.1898 0.1299, 1.3189 -1.2037 0.1299, 1.2402 -1.2037 0.1299, 1.2362 -1.3709 0.1299, 1.3228 -1.3709 0.1299, 1.3228 -0.1898 0.189, 1.4331 -0.1898 0.1299, 1.437 -0.1898 0.1299, 1.4331 -0.1898 0.189, 1.5197 -0.1898 0.1299, 1.5157 -0.1898 0.1299, 1.5157 -1.2037 0.1299, 1.437 -1.2037 0.1299, 1.4331 -1.3709 0.1299, 1.5197 -1.3709 0.1299, 1.5197 -0.1898 0.189, 1.6299 -0.1898 0.1299, 1.6339 -0.1898 0.1299, 1.6299 -0.1898 0.189, 1.7165 -0.1898 0.1299, 1.7126 -0.1898 0.1299, 1.7126 -1.2037 0.1299, 1.6339 -1.2037 0.1299, 1.6299 -1.3709 0.1299, 1.7165 -1.3709 0.1299, 1.7165 -0.1898 0.189, 1.8268 -0.1898 0.1299, 1.8307 -0.1898 0.1299, 1.8268 -0.1898 0.189, 1.9134 -0.1898 0.1299, 1.9094 -0.1898 0.1299, 1.9094 -1.2037 0.1299, 1.8307 -1.2037 0.1299, 1.8268 -1.3709 0.1299, 1.9134 -1.3709 0.1299, 1.9134 -0.1898 0.189, 2.0236 -0.1898 0.1299, 2.0276 -0.1898 0.1299, 2.0236 -0.1898 0.189, 2.1102 -0.1898 0.1299, 2.1063 -0.1898 0.1299, 2.1063 -1.2037 0.1299, 2.0276 -1.2037 0.1299, 2.0236 -1.3709 0.1299, 2.1102 -1.3709 0.1299, 2.1102 -0.1898 0.189, 2.2205 -0.1898 0.1299, 2.2244 -0.1898 0.1299, 2.2205 -0.1898 0.189, 2.3071 -0.1898 0.1299, 2.3031 -0.1898 0.1299, 2.3031 -1.2037 0.1299, 2.2244 -1.2037 0.1299, 2.2205 -1.3709 0.1299, 2.3071 -1.3709 0.1299, 2.0236 -1.3709 0.189, 1.9134 -1.3709 0.189, 1.8268 -1.3709 0.189, 1.7165 -1.3709 0.189, 1.6299 -1.3709 0.189, 1.5197 -1.3709 0.189, 1.4331 -1.3709 0.189, 1.3228 -1.3709 0.189, 1.2362 -1.3709 0.189, 1.126 -1.3709 0.189, 1.0394 -1.3709 0.189, 0.9291 -1.3709 0.189, 0.8425 -1.3709 0.189, 0.7323 -1.3709 0.189, 0.6457 -1.3709 0.189, 0.5354 -1.3709 0.189, 0.4488 -1.3709 0.189, 0.3386 -1.3709 0.189, 0.252 -1.3709 0.189, 0.1417 -1.3709 0.189, 0.0551 -1.3709 0.189, -0.0551 -1.3709 0.189, -0.1417 -1.3709 0.189, -0.252 -1.3709 0.189, -0.3386 -1.3709 0.189, -0.4488 -1.3709 0.189, -0.5354 -1.3709 0.189, -0.6457 -1.3709 0.189, -0.7323 -1.3709 0.189, -0.8425 -1.3709 0.189, -0.9291 -1.3709 0.189, -1.0394 -1.3709 0.189, -1.126 -1.3709 0.189, -1.2362 -1.3709 0.189, -1.3228 -1.3709 0.189, -1.4331 -1.3709 0.189, -1.5197 -1.3709 0.189, -1.6299 -1.3709 0.189, -1.7165 -1.3709 0.189, -1.8268 -1.3709 0.189, -1.9134 -1.3709 0.189, -2.0236 -1.3709 0.189, -2.1102 -1.3709 0.189, -2.2205 -1.3709 0.189, -2.3071 -1.3709 0.189, -2.5157 -1.3709 0.189, 2.1102 -1.3709 0.189, 2.2205 -1.3709 0.189
            ]
        }
        coordIndex [
            0,1,2,-1,3,4,2,-1,2,4,5,-1,2,5,0,-1,6,7,8,-1,8,7,9,-1,8,9,10,-1,10,9,11,-1,10,11,12,-1,12,11,13,-1,14,15,16,-1,16,17,14,-1,14,17,18,-1,14,18,19,-1,20,21,22,-1,20,22,23,-1,23,22,24,-1,23,24,25,-1,26,27,28,-1,29,30,25,-1,28,29,26,-1,26,29,25,-1,26,25,31,-1,31,25,24,-1,31,24,32,-1,32,24,33,-1,34,35,36,-1,37,38,25,-1,36,37,34,-1,34,37,25,-1,34,25,39,-1,39,25,30,-1,39,30,40,-1,40,30,41,-1,42,43,44,-1,45,46,25,-1,44,45,42,-1,42,45,25,-1,42,25,47,-1,47,25,38,-1,47,38,48,-1,48,38,49,-1,50,51,52,-1,53,54,25,-1,52,53,50,-1,50,53,25,-1,50,25,55,-1,55,25,46,-1,55,46,56,-1,56,46,57,-1,58,59,60,-1,61,62,25,-1,60,61,58,-1,58,61,25,-1,58,25,63,-1,63,25,54,-1,63,54,64,-1,64,54,65,-1,66,67,68,-1,69,70,25,-1,68,69,66,-1,66,69,25,-1,66,25,71,-1,71,25,62,-1,71,62,72,-1,72,62,73,-1,74,75,76,-1,77,78,25,-1,76,77,74,-1,74,77,25,-1,74,25,79,-1,79,25,70,-1,79,70,80,-1,80,70,81,-1,82,83,84,-1,85,86,25,-1,84,85,82,-1,82,85,25,-1,82,25,87,-1,87,25,78,-1,87,78,88,-1,88,78,89,-1,90,91,92,-1,93,94,25,-1,92,93,90,-1,90,93,25,-1,90,25,95,-1,95,25,86,-1,95,86,96,-1,96,86,97,-1,98,99,100,-1,101,102,25,-1,100,101,98,-1,98,101,25,-1,98,25,103,-1,103,25,94,-1,103,94,104,-1,104,94,105,-1,106,107,108,-1,109,110,25,-1,108,109,106,-1,106,109,25,-1,106,25,111,-1,111,25,102,-1,111,102,112,-1,112,102,113,-1,114,115,116,-1,116,115,25,-1,116,25,117,-1,117,25,110,-1,117,110,118,-1,118,110,119,-1,120,121,122,-1,122,121,21,-1,122,21,123,-1,123,21,20,-1,124,125,126,-1,121,120,127,-1,127,120,128,-1,127,128,126,-1,126,128,129,-1,126,129,124,-1,125,124,130,-1,131,132,133,-1,133,132,32,-1,133,32,130,-1,130,32,33,-1,130,33,125,-1,134,135,136,-1,132,131,137,-1,137,131,138,-1,137,138,136,-1,136,138,139,-1,136,139,134,-1,135,134,140,-1,141,142,143,-1,143,142,28,-1,143,28,140,-1,140,28,27,-1,140,27,135,-1,144,145,146,-1,142,141,147,-1,147,141,148,-1,147,148,146,-1,146,148,149,-1,146,149,144,-1,145,144,150,-1,151,152,153,-1,153,152,40,-1,153,40,150,-1,150,40,41,-1,150,41,145,-1,154,155,156,-1,152,151,157,-1,157,151,158,-1,157,158,156,-1,156,158,159,-1,156,159,154,-1,155,154,160,-1,161,162,163,-1,163,162,36,-1,163,36,160,-1,160,36,35,-1,160,35,155,-1,164,165,166,-1,162,161,167,-1,167,161,168,-1,167,168,166,-1,166,168,169,-1,166,169,164,-1,165,164,170,-1,171,172,173,-1,173,172,48,-1,173,48,170,-1,170,48,49,-1,170,49,165,-1,174,175,176,-1,172,171,177,-1,177,171,178,-1,177,178,176,-1,176,178,179,-1,176,179,174,-1,175,174,180,-1,181,182,183,-1,183,182,44,-1,183,44,180,-1,180,44,43,-1,180,43,175,-1,184,185,186,-1,182,181,187,-1,187,181,188,-1,187,188,186,-1,186,188,189,-1,186,189,184,-1,185,184,190,-1,191,192,193,-1,193,192,56,-1,193,56,190,-1,190,56,57,-1,190,57,185,-1,194,195,196,-1,192,191,197,-1,197,191,198,-1,197,198,196,-1,196,198,199,-1,196,199,194,-1,195,194,200,-1,201,202,203,-1,203,202,52,-1,203,52,200,-1,200,52,51,-1,200,51,195,-1,204,205,206,-1,202,201,207,-1,207,201,208,-1,207,208,206,-1,206,208,209,-1,206,209,204,-1,205,204,210,-1,211,212,213,-1,213,212,64,-1,213,64,210,-1,210,64,65,-1,210,65,205,-1,214,215,216,-1,212,211,217,-1,217,211,218,-1,217,218,216,-1,216,218,219,-1,216,219,214,-1,215,214,220,-1,221,222,223,-1,223,222,60,-1,223,60,220,-1,220,60,59,-1,220,59,215,-1,224,225,226,-1,222,221,227,-1,227,221,228,-1,227,228,226,-1,226,228,229,-1,226,229,224,-1,225,224,230,-1,231,232,233,-1,233,232,72,-1,233,72,230,-1,230,72,73,-1,230,73,225,-1,234,235,236,-1,232,231,237,-1,237,231,238,-1,237,238,236,-1,236,238,239,-1,236,239,234,-1,235,234,240,-1,241,242,243,-1,243,242,68,-1,243,68,240,-1,240,68,67,-1,240,67,235,-1,244,245,246,-1,242,241,247,-1,247,241,248,-1,247,248,246,-1,246,248,249,-1,246,249,244,-1,245,244,250,-1,251,252,253,-1,253,252,80,-1,253,80,250,-1,250,80,81,-1,250,81,245,-1,254,255,256,-1,252,251,257,-1,257,251,258,-1,257,258,256,-1,256,258,259,-1,256,259,254,-1,255,254,260,-1,261,262,263,-1,263,262,76,-1,263,76,260,-1,260,76,75,-1,260,75,255,-1,264,265,266,-1,262,261,267,-1,267,261,268,-1,267,268,266,-1,266,268,269,-1,266,269,264,-1,265,264,270,-1,271,272,273,-1,273,272,88,-1,273,88,270,-1,270,88,89,-1,270,89,265,-1,274,275,276,-1,272,271,277,-1,277,271,278,-1,277,278,276,-1,276,278,279,-1,276,279,274,-1,275,274,280,-1,281,282,283,-1,283,282,84,-1,283,84,280,-1,280,84,83,-1,280,83,275,-1,284,285,286,-1,282,281,287,-1,287,281,288,-1,287,288,286,-1,286,288,289,-1,286,289,284,-1,285,284,290,-1,291,292,293,-1,293,292,96,-1,293,96,290,-1,290,96,97,-1,290,97,285,-1,294,295,296,-1,292,291,297,-1,297,291,298,-1,297,298,296,-1,296,298,299,-1,296,299,294,-1,295,294,300,-1,301,302,303,-1,303,302,92,-1,303,92,300,-1,300,92,91,-1,300,91,295,-1,304,305,306,-1,302,301,307,-1,307,301,308,-1,307,308,306,-1,306,308,309,-1,306,309,304,-1,305,304,310,-1,311,312,313,-1,313,312,104,-1,313,104,310,-1,310,104,105,-1,310,105,305,-1,314,315,316,-1,312,311,317,-1,317,311,318,-1,317,318,316,-1,316,318,319,-1,316,319,314,-1,315,314,320,-1,321,322,323,-1,323,322,100,-1,323,100,320,-1,320,100,99,-1,320,99,315,-1,324,325,326,-1,322,321,327,-1,327,321,328,-1,327,328,326,-1,326,328,329,-1,326,329,324,-1,325,324,330,-1,331,332,333,-1,333,332,112,-1,333,112,330,-1,330,112,113,-1,330,113,325,-1,334,335,336,-1,332,331,337,-1,337,331,338,-1,337,338,336,-1,336,338,339,-1,336,339,334,-1,335,334,340,-1,341,342,343,-1,343,342,108,-1,343,108,340,-1,340,108,107,-1,340,107,335,-1,344,345,346,-1,342,341,347,-1,347,341,348,-1,347,348,346,-1,346,348,349,-1,346,349,344,-1,345,344,350,-1,351,352,353,-1,353,352,118,-1,353,118,350,-1,350,118,119,-1,350,119,345,-1,354,355,356,-1,352,351,357,-1,357,351,358,-1,357,358,356,-1,356,358,359,-1,356,359,354,-1,343,340,360,-1,360,340,361,-1,333,330,362,-1,362,330,363,-1,323,320,364,-1,364,320,365,-1,313,310,366,-1,366,310,367,-1,303,300,368,-1,368,300,369,-1,293,290,370,-1,370,290,371,-1,283,280,372,-1,372,280,373,-1,273,270,374,-1,374,270,375,-1,263,260,376,-1,376,260,377,-1,253,250,378,-1,378,250,379,-1,243,240,380,-1,380,240,381,-1,233,230,382,-1,382,230,383,-1,223,220,384,-1,384,220,385,-1,213,210,386,-1,386,210,387,-1,203,200,388,-1,388,200,389,-1,193,190,390,-1,390,190,391,-1,183,180,392,-1,392,180,393,-1,173,170,394,-1,394,170,395,-1,163,160,396,-1,396,160,397,-1,153,150,398,-1,398,150,399,-1,143,140,400,-1,400,140,401,-1,133,130,402,-1,402,130,403,-1,122,123,404,-1,404,123,405,-1,406,407,350,-1,350,407,353,-1,
        ]
    }
}
Shape{
    appearance Appearance {
        material  Material 	{
            diffuseColor 0.20784313725490197 0.20784313725490197 0.20784313725490197
            specularColor 0.01568627450980392 0.01568627450980392 0.01568627450980392
            ambientIntensity 0.298
            transparency 0.0
            shininess 0.5
        }
    }
    geometry IndexedFaceSet {
        ccw TRUE
        solid FALSE
        coord DEF co Coordinate {
            point [
                1.8841 -1.6858 0.3937, 1.4387 -1.3709 0.3937, 2.5197 -1.6858 0.3937, 2.5157 -1.3709 0.3937, 2.5197 -1.3709 0.3937, -1.4409 -1.6858 0.6496, -2.5197 -1.6858 0.6496, -1.8841 -1.6858 0.3937, -2.5197 -1.6858 0.3937
            ]
        }
        coordIndex [
            0,1,2,-1,2,1,3,-1,2,3,4,-1,5,6,7,-1,7,6,8,-1,
        ]
    }
}
Shape{
    appearance Appearance {
        material  Material 	{
            diffuseColor 0.5882352941176471 0.5725490196078431 0.5254901960784314
            specularColor 0.043137254901960784 0.0392156862745098 0.0392156862745098
            ambientIntensity 0.8167
            transparency 0.0
            shininess 0.5
        }
    }
    geometry IndexedFaceSet {
        ccw TRUE
        solid FALSE
        coord DEF co Coordinate {
            point [
                3.1496 -1.3709 0.248, 2.874 -1.3709 0.7677, 3.1496 -1.3709 0.0906, 2.874 -1.3709 0.2087, 3.2283 -1.3709 0.248, 3.2283 -1.3709 0.7874, 2.874 -1.3709 0.7874, 2.5197 -1.3709 0.3937, 2.5157 -1.3709 0.3937, 2.5197 -1.3709 0.2087, 2.5157 -1.3709 0.189, 2.5984 -1.3709 0.0906, 2.2205 -1.3709 0.189, 2.1102 -1.3709 0.189, 2.2205 -1.3709 0.1299, 2.1102 -1.3709 0.1299, 1.4331 -1.3709 0.1299, 1.4331 -1.3709 0.189, 1.3228 -1.3709 0.189, 1.3228 -1.3709 0.1299, 1.2362 -1.3709 0.1299, -2.5984 -1.3709 0.0118, 2.3071 -1.3709 0.189, 2.3071 -1.3709 0.1299, 2.5984 -1.3709 0.0118, 2.0236 -1.3709 0.1299, 0.8425 -1.3709 0.1299, 0.8425 -1.3709 0.189, 0.7323 -1.3709 0.189, 2.0236 -1.3709 0.189, 1.9134 -1.3709 0.189, 1.9134 -1.3709 0.1299, 1.8268 -1.3709 0.1299, 1.8268 -1.3709 0.189, 1.7165 -1.3709 0.189, 1.7165 -1.3709 0.1299, 1.6299 -1.3709 0.1299, 1.2362 -1.3709 0.189, 1.126 -1.3709 0.189, 1.126 -1.3709 0.1299, 1.0394 -1.3709 0.1299, 0.4488 -1.3709 0.1299, 0.4488 -1.3709 0.189, 0.3386 -1.3709 0.189, 1.6299 -1.3709 0.189, 1.5197 -1.3709 0.189, 1.5197 -1.3709 0.1299, 0.7323 -1.3709 0.1299, 0.6457 -1.3709 0.1299, 0.9291 -1.3709 0.1299, 0.9291 -1.3709 0.189, 1.0394 -1.3709 0.189, 0.3386 -1.3709 0.1299, 0.252 -1.3709 0.1299, 0.0551 -1.3709 0.1299, 0.0551 -1.3709 0.189, -0.0551 -1.3709 0.189, 0.5354 -1.3709 0.1299, 0.5354 -1.3709 0.189, 0.6457 -1.3709 0.189, -0.0551 -1.3709 0.1299, -0.1417 -1.3709 0.1299, -0.3386 -1.3709 0.1299, -0.3386 -1.3709 0.189, -0.4488 -1.3709 0.189, 0.1417 -1.3709 0.1299, 0.1417 -1.3709 0.189, 0.252 -1.3709 0.189, -0.4488 -1.3709 0.1299, -0.5354 -1.3709 0.1299, -0.1417 -1.3709 0.189, -0.252 -1.3709 0.189, -0.252 -1.3709 0.1299, -0.7323 -1.3709 0.1299, -0.7323 -1.3709 0.189, -0.8425 -1.3709 0.189, -0.8425 -1.3709 0.1299, -0.9291 -1.3709 0.1299, -0.6457 -1.3709 0.1299, -0.6457 -1.3709 0.189, -0.5354 -1.3709 0.189, -1.126 -1.3709 0.1299, -1.126 -1.3709 0.189, -1.2362 -1.3709 0.189, -1.2362 -1.3709 0.1299, -1.3228 -1.3709 0.1299, -1.0394 -1.3709 0.1299, -1.0394 -1.3709 0.189, -0.9291 -1.3709 0.189, -1.5197 -1.3709 0.1299, -1.5197 -1.3709 0.189, -1.6299 -1.3709 0.189, -1.6299 -1.3709 0.1299, -1.7165 -1.3709 0.1299, -1.4331 -1.3709 0.1299, -1.4331 -1.3709 0.189, -1.3228 -1.3709 0.189, -1.9134 -1.3709 0.1299, -1.9134 -1.3709 0.189, -2.0236 -1.3709 0.189, -2.0236 -1.3709 0.1299, -2.1102 -1.3709 0.1299, -1.8268 -1.3709 0.1299, -1.8268 -1.3709 0.189, -1.7165 -1.3709 0.189, -2.1102 -1.3709 0.189, -2.2205 -1.3709 0.189, -2.2205 -1.3709 0.1299, -2.3071 -1.3709 0.1299, -2.5984 -1.3709 0.0906, -2.3071 -1.3709 0.189, -2.5157 -1.3709 0.189, -2.5157 -1.3709 0.3937, -2.5197 -1.3709 0.2087, -2.5197 -1.3709 0.3937, -2.874 -1.3709 0.7677, -2.874 -1.3709 0.7874, -3.2283 -1.3709 0.7874, -2.874 -1.3709 0.2087, -3.2283 -1.3709 0.248, -3.1496 -1.3709 0.248, -3.1496 -1.3709 0.0906
            ]
        }
        coordIndex [
            0,1,2,-1,2,1,3,-1,0,4,1,-1,1,4,5,-1,1,5,6,-1,7,8,9,-1,9,8,10,-1,9,10,3,-1,3,10,11,-1,3,11,2,-1,12,13,14,-1,14,13,15,-1,16,17,18,-1,19,20,21,-1,10,22,11,-1,11,22,23,-1,11,23,24,-1,24,23,14,-1,24,14,21,-1,21,14,15,-1,21,15,25,-1,26,27,28,-1,29,30,25,-1,25,30,31,-1,25,31,21,-1,21,31,32,-1,33,34,32,-1,32,34,35,-1,32,35,21,-1,21,35,36,-1,37,38,20,-1,20,38,39,-1,20,39,21,-1,21,39,40,-1,41,42,43,-1,44,45,36,-1,36,45,46,-1,36,46,21,-1,21,46,16,-1,21,16,19,-1,19,16,18,-1,47,48,21,-1,28,47,26,-1,26,47,21,-1,26,21,49,-1,49,21,40,-1,49,40,50,-1,50,40,51,-1,52,53,21,-1,54,55,56,-1,43,52,41,-1,41,52,21,-1,41,21,57,-1,57,21,48,-1,57,48,58,-1,58,48,59,-1,60,61,21,-1,62,63,64,-1,56,60,54,-1,54,60,21,-1,54,21,65,-1,65,21,53,-1,65,53,66,-1,66,53,67,-1,68,69,21,-1,70,71,61,-1,61,71,72,-1,61,72,21,-1,21,72,62,-1,21,62,68,-1,68,62,64,-1,73,74,75,-1,76,77,21,-1,75,76,73,-1,73,76,21,-1,73,21,78,-1,78,21,69,-1,78,69,79,-1,79,69,80,-1,81,82,83,-1,84,85,21,-1,83,84,81,-1,81,84,21,-1,81,21,86,-1,86,21,77,-1,86,77,87,-1,87,77,88,-1,89,90,91,-1,92,93,21,-1,91,92,89,-1,89,92,21,-1,89,21,94,-1,94,21,85,-1,94,85,95,-1,95,85,96,-1,97,98,99,-1,100,101,21,-1,99,100,97,-1,97,100,21,-1,97,21,102,-1,102,21,93,-1,102,93,103,-1,103,93,104,-1,105,106,101,-1,101,106,107,-1,101,107,21,-1,21,107,108,-1,21,108,109,-1,108,110,111,-1,111,112,113,-1,113,112,114,-1,115,116,117,-1,108,111,109,-1,109,111,113,-1,109,113,118,-1,117,119,115,-1,115,119,120,-1,115,120,118,-1,118,120,121,-1,118,121,109,-1,
        ]
    }
}
Shape{
    appearance Appearance {
        material  Material 	{
            diffuseColor 0.20784313725490197 0.20784313725490197 0.20784313725490197
            specularColor 0.01568627450980392 0.01568627450980392 0.01568627450980392
            ambientIntensity 0.298
            transparency 0.0
            shininess 0.5
        }
    }
    geometry IndexedFaceSet {
        ccw TRUE
        solid FALSE
        coord DEF co Coordinate {
            point [
                -2.5197 -1.6858 0.6496, -2.5197 -1.7252 0.6496, -2.5197 -1.6858 0.3937, -2.5197 -1.7252 0.2087, -2.5197 -1.3709 0.3937, -2.5197 -1.3709 0.2087, 2.5197 -1.7252 0.6496, 2.5197 -1.6858 0.6496, 2.5197 -1.6858 0.3937, 2.5197 -1.3709 0.3937, 2.5197 -1.3709 0.2087, 2.5197 -1.7252 0.2087
            ]
        }
        coordIndex [
            0,1,2,-1,2,1,3,-1,2,3,4,-1,4,3,5,-1,6,7,8,-1,9,10,8,-1,8,10,11,-1,8,11,6,-1,
        ]
    }
}
Shape{
    appearance Appearance {
        material  Material 	{
            diffuseColor 1.0 1.0 1.0
            specularColor 0.8784313725490196 0.8784313725490196 0.8784313725490196
            ambientIntensity 1.0
            transparency 0.0
            shininess 0.5
        }
    }
    geometry IndexedFaceSet {
        ccw TRUE
        solid FALSE
        coord DEF co Coordinate {
            point [
                -2.874 -1.3709 0.2087, -2.5197 -1.3709 0.2087, -2.874 -1.4102 0.2087, -2.5197 -1.7252 0.2087, -3.0709 -1.4102 0.2087, -3.0709 -1.7252 0.2087
            ]
        }
        coordIndex [
            0,1,2,-1,2,1,3,-1,2,3,4,-1,4,3,5,-1,
        ]
    }
}
Shape{
    appearance Appearance {
        material  Material 	{
            diffuseColor 0.5882352941176471 0.5725490196078431 0.5254901960784314
            specularColor 0.043137254901960784 0.0392156862745098 0.0392156862745098
            ambientIntensity 0.8167
            transparency 0.0
            shininess 0.5
        }
    }
    geometry IndexedFaceSet {
        ccw TRUE
        solid FALSE
        coord DEF co Coordinate {
            point [
                -2.1063 0.3811 0.0906, -2.1063 0.263 0.0906, -2.2244 0.3811 0.0906, -2.2244 0.263 0.0906, -1.9094 0.3811 0.0906, -1.9094 0.263 0.0906, -2.0276 0.3811 0.0906, -2.0276 0.263 0.0906, -1.7126 0.3811 0.0906, -1.7126 0.263 0.0906, -1.8307 0.3811 0.0906, -1.8307 0.263 0.0906, -1.5157 0.3811 0.0906, -1.5157 0.263 0.0906, -1.6339 0.3811 0.0906, -1.6339 0.263 0.0906, -1.3189 0.3811 0.0906, -1.3189 0.263 0.0906, -1.437 0.3811 0.0906, -1.437 0.263 0.0906, -1.122 0.3811 0.0906, -1.122 0.263 0.0906, -1.2402 0.3811 0.0906, -1.2402 0.263 0.0906, -0.9252 0.3811 0.0906, -0.9252 0.263 0.0906, -1.0433 0.3811 0.0906, -1.0433 0.263 0.0906, -0.7283 0.3811 0.0906, -0.7283 0.263 0.0906, -0.8465 0.3811 0.0906, -0.8465 0.263 0.0906, -0.5315 0.3811 0.0906, -0.5315 0.263 0.0906, -0.6496 0.3811 0.0906, -0.6496 0.263 0.0906, -0.3346 0.3811 0.0906, -0.3346 0.263 0.0906, -0.4528 0.3811 0.0906, -0.4528 0.263 0.0906, -0.1378 0.3811 0.0906, -0.1378 0.263 0.0906, -0.2559 0.3811 0.0906, -0.2559 0.263 0.0906, 0.0591 0.3811 0.0906, 0.0591 0.263 0.0906, -0.0591 0.3811 0.0906, -0.0591 0.263 0.0906, 0.2559 0.3811 0.0906, 0.2559 0.263 0.0906, 0.1378 0.3811 0.0906, 0.1378 0.263 0.0906, 0.4528 0.3811 0.0906, 0.4528 0.263 0.0906, 0.3346 0.3811 0.0906, 0.3346 0.263 0.0906, 0.6496 0.3811 0.0906, 0.6496 0.263 0.0906, 0.5315 0.3811 0.0906, 0.5315 0.263 0.0906, 0.8465 0.3811 0.0906, 0.8465 0.263 0.0906, 0.7283 0.3811 0.0906, 0.7283 0.263 0.0906, 1.0433 0.3811 0.0906, 1.0433 0.263 0.0906, 0.9252 0.3811 0.0906, 0.9252 0.263 0.0906, 1.2402 0.3811 0.0906, 1.2402 0.263 0.0906, 1.122 0.3811 0.0906, 1.122 0.263 0.0906, 1.437 0.3811 0.0906, 1.437 0.263 0.0906, 1.3189 0.3811 0.0906, 1.3189 0.263 0.0906, 1.6339 0.3811 0.0906, 1.6339 0.263 0.0906, 1.5157 0.3811 0.0906, 1.5157 0.263 0.0906, 1.8307 0.3811 0.0906, 1.8307 0.263 0.0906, 1.7126 0.3811 0.0906, 1.7126 0.263 0.0906, 2.0276 0.3811 0.0906, 2.0276 0.263 0.0906, 1.9094 0.3811 0.0906, 1.9094 0.263 0.0906, 2.2244 0.3811 0.0906, 2.2244 0.263 0.0906, 2.1063 0.3811 0.0906, 2.1063 0.263 0.0906, 2.5984 0.2827 0.0906, 2.5984 0.3417 0.0906, 2.5984 0.2827 0.5906, 2.5984 0.3417 0.6693, 2.5984 0.1843 0.5906, 2.5984 0.1843 0.6693, -2.5984 -0.7016 0.0906, -2.5984 -1.3709 0.0906, -2.6772 -0.7016 0.0906, -3.1496 -1.3709 0.0906, -2.6772 0.2827 0.0906, -3.1496 0.3811 0.0906, -2.6772 0.3417 0.0906, -2.7165 0.3811 0.0906, 2.5197 -1.7252 0.2087, 3.0709 -1.7252 0.2087, 2.5197 -1.7252 0.6496, 3.0709 -1.7252 0.7677, -2.5197 -1.7252 0.6496, -3.0709 -1.7252 0.7677, -2.5197 -1.7252 0.2087, -3.0709 -1.7252 0.2087
            ]
        }
        coordIndex [
            0,1,2,-1,2,1,3,-1,4,5,6,-1,6,5,7,-1,8,9,10,-1,10,9,11,-1,12,13,14,-1,14,13,15,-1,16,17,18,-1,18,17,19,-1,20,21,22,-1,22,21,23,-1,24,25,26,-1,26,25,27,-1,28,29,30,-1,30,29,31,-1,32,33,34,-1,34,33,35,-1,36,37,38,-1,38,37,39,-1,40,41,42,-1,42,41,43,-1,44,45,46,-1,46,45,47,-1,48,49,50,-1,50,49,51,-1,52,53,54,-1,54,53,55,-1,56,57,58,-1,58,57,59,-1,60,61,62,-1,62,61,63,-1,64,65,66,-1,66,65,67,-1,68,69,70,-1,70,69,71,-1,72,73,74,-1,74,73,75,-1,76,77,78,-1,78,77,79,-1,80,81,82,-1,82,81,83,-1,84,85,86,-1,86,85,87,-1,88,89,90,-1,90,89,91,-1,92,93,94,-1,94,93,95,-1,94,95,96,-1,96,95,97,-1,98,99,100,-1,100,99,101,-1,100,101,102,-1,102,101,103,-1,102,103,104,-1,104,103,105,-1,106,107,108,-1,108,107,109,-1,108,109,110,-1,110,109,111,-1,110,111,112,-1,112,111,113,-1,
        ]
    }
}
Shape{
    appearance Appearance {
        material  Material 	{
            diffuseColor 0.20784313725490197 0.20784313725490197 0.20784313725490197
            specularColor 0.01568627450980392 0.01568627450980392 0.01568627450980392
            ambientIntensity 0.298
            transparency 0.0
            shininess 0.5
        }
    }
    geometry IndexedFaceSet {
        ccw TRUE
        solid FALSE
        coord DEF co Coordinate {
            point [
                -3.0709 -1.4102 0.2087, -3.0709 -1.7252 0.2087, -3.0709 -1.4102 0.7677, -3.0709 -1.7252 0.7677
            ]
        }
        coordIndex [
            0,1,2,-1,2,1,3,-1,
        ]
    }
}
Shape{
    appearance Appearance {
        material  Material 	{
            diffuseColor 0.5882352941176471 0.5725490196078431 0.5254901960784314
            specularColor 0.043137254901960784 0.0392156862745098 0.0392156862745098
            ambientIntensity 0.8167
            transparency 0.0
            shininess 0.5
        }
    }
    geometry IndexedFaceSet {
        ccw TRUE
        solid FALSE
        coord DEF co Coordinate {
            point [
                2.5984 -1.3709 0.0118, -2.5984 -1.3709 0.0118, 2.5984 0.263 0.0118, -2.5984 0.263 0.0118, -2.874 -1.3709 0.7874, -2.874 -1.3709 0.7677, -2.874 -0.8591 0.7677, -2.874 -0.9378 0.6102, -2.874 -0.9378 0.5906, -2.874 -0.7016 0.6102, -2.874 -0.6622 0.5906, -2.874 -0.6622 0.7874, 2.5984 0.263 0.0787, -2.5984 0.263 0.0787, -2.5984 0.263 0.0906, -2.3031 0.263 0.0906, -2.2244 0.263 0.0906, -2.1063 0.263 0.0906, -2.0276 0.263 0.0906, -1.9094 0.263 0.0906, -1.8307 0.263 0.0906, -1.7126 0.263 0.0906, -1.6339 0.263 0.0906, -1.5157 0.263 0.0906, -1.437 0.263 0.0906, -1.3189 0.263 0.0906, 0.2559 0.263 0.0906, 0.3346 0.263 0.0906, -1.2402 0.263 0.0906, -1.122 0.263 0.0906, -1.0433 0.263 0.0906, -0.4528 0.263 0.0906, -0.3346 0.263 0.0906, -0.2559 0.263 0.0906, -0.1378 0.263 0.0906, 0.4528 0.263 0.0906, 0.5315 0.263 0.0906, 0.6496 0.263 0.0906, 1.5157 0.263 0.0906, 1.6339 0.263 0.0906, 1.7126 0.263 0.0906, 1.8307 0.263 0.0906, 1.9094 0.263 0.0906, 2.0276 0.263 0.0906, 2.1063 0.263 0.0906, 2.2244 0.263 0.0906, 2.3031 0.263 0.0906, 2.5984 0.263 0.0906, -0.9252 0.263 0.0906, -0.8465 0.263 0.0906, -0.7283 0.263 0.0906, -0.0591 0.263 0.0906, 0.0591 0.263 0.0906, 0.1378 0.263 0.0906, -0.6496 0.263 0.0906, -0.5315 0.263 0.0906, 0.7283 0.263 0.0906, 0.8465 0.263 0.0906, 0.9252 0.263 0.0906, 1.0433 0.263 0.0906, 1.122 0.263 0.0906, 1.2402 0.263 0.0906, 1.3189 0.263 0.0906, 1.437 0.263 0.0906
            ]
        }
        coordIndex [
            0,1,2,-1,2,1,3,-1,4,5,6,-1,7,8,9,-1,9,8,10,-1,9,10,6,-1,6,10,11,-1,6,11,4,-1,2,3,12,-1,12,3,13,-1,14,15,13,-1,13,15,16,-1,16,17,13,-1,13,17,18,-1,13,18,19,-1,19,20,13,-1,13,20,21,-1,13,21,22,-1,22,23,13,-1,13,23,24,-1,13,24,25,-1,12,26,27,-1,25,28,13,-1,13,28,29,-1,13,29,30,-1,31,32,13,-1,13,32,33,-1,13,33,34,-1,27,35,12,-1,12,35,36,-1,12,36,37,-1,38,39,12,-1,12,39,40,-1,12,40,41,-1,41,42,12,-1,12,42,43,-1,12,43,44,-1,44,45,12,-1,12,45,46,-1,12,46,47,-1,30,48,13,-1,13,48,49,-1,13,49,50,-1,34,51,13,-1,13,51,52,-1,13,52,12,-1,12,52,53,-1,12,53,26,-1,50,54,13,-1,13,54,55,-1,13,55,31,-1,37,56,12,-1,12,56,57,-1,12,57,58,-1,58,59,12,-1,12,59,60,-1,12,60,61,-1,61,62,12,-1,12,62,63,-1,12,63,38,-1,
        ]
    }
}
Shape{
    appearance Appearance {
        material  Material 	{
            diffuseColor 0.6666666666666666 0.6666666666666666 0.6666666666666666
            specularColor 0.4666666666666667 0.4666666666666667 0.4666666666666667
            ambientIntensity 0.6667
            transparency 0.0
            shininess 0.5
        }
    }
    geometry IndexedFaceSet {
        ccw TRUE
        solid FALSE
        coord DEF co Coordinate {
            point [
                3.1143 -0.4129 0.0, 3.0934 -0.4239 0.0, 3.0945 -0.3079 0.0, 2.6772 -0.3079 0.0, 3.0758 -0.4397 0.0, 3.0624 -0.4591 0.0, 3.1479 -0.3752 0.0, 3.1431 -0.3874 0.0, 3.054 -0.4813 0.0, 3.0512 -0.5047 0.0, 2.6772 -0.7016 0.0, 3.054 -0.5282 0.0, 3.0624 -0.5503 0.0, 3.0758 -0.5698 0.0, 3.0945 -0.7016 0.0, 3.1086 -0.3097 0.0, 3.1476 -0.3481 0.0, 3.1496 -0.3622 0.0, 3.1218 -0.3151 0.0, 3.1332 -0.3237 0.0, 3.142 -0.335 0.0, 3.1356 -0.3981 0.0, 3.1258 -0.4067 0.0, 3.0934 -0.5855 0.0, 3.1143 -0.5966 0.0, 3.1258 -0.6027 0.0, 3.1356 -0.6114 0.0, 3.1431 -0.6221 0.0, 3.1479 -0.6343 0.0, 3.1218 -0.6943 0.0, 3.1476 -0.6614 0.0, 3.1332 -0.6857 0.0, 3.142 -0.6745 0.0, 3.1496 -0.6472 0.0, 3.1086 -0.6997 0.0, 2.6568 -0.7016 0.0027, 2.6568 -0.3079 0.0027, 2.6378 -0.7016 0.0105, 2.6378 -0.3079 0.0105, 2.6215 -0.7016 0.0231, 2.6215 -0.3079 0.0231, 2.609 -0.7016 0.0394, 2.609 -0.3079 0.0394, 2.6011 -0.7016 0.0584, 2.6011 -0.3079 0.0584, 2.5984 -0.7016 0.0787, 2.5984 -0.3079 0.0787, 2.6772 0.2827 0.0787, 2.6772 0.2827 0.0906, 2.6772 -0.3079 0.0787, 2.6772 -0.7016 0.0906, 2.6772 -0.7016 0.0787, 3.0758 -0.5698 0.0787, 3.0934 -0.5855 0.0787, 3.0945 -0.7016 0.0787, 3.1143 -0.5966 0.0787, 3.1479 -0.6343 0.0787, 3.1431 -0.6221 0.0787, 3.0624 -0.5503 0.0787, 3.054 -0.5282 0.0787, 3.0512 -0.5047 0.0787, 3.054 -0.4813 0.0787, 3.0624 -0.4591 0.0787, 3.0758 -0.4397 0.0787, 3.0945 -0.3079 0.0787, 3.1086 -0.6997 0.0787, 3.1476 -0.6614 0.0787, 3.1496 -0.6472 0.0787, 3.1218 -0.6943 0.0787, 3.1332 -0.6857 0.0787, 3.142 -0.6745 0.0787, 3.1356 -0.6114 0.0787, 3.1258 -0.6027 0.0787, 3.0934 -0.4239 0.0787, 3.1143 -0.4129 0.0787, 3.1258 -0.4067 0.0787, 3.1356 -0.3981 0.0787, 3.1431 -0.3874 0.0787, 3.1479 -0.3752 0.0787, 3.1218 -0.3151 0.0787, 3.1476 -0.3481 0.0787, 3.1332 -0.3237 0.0787, 3.142 -0.335 0.0787, 3.1496 -0.3622 0.0787, 3.1086 -0.3097 0.0787, 2.5984 -0.7016 0.0906, -3.0624 -0.5503 0.0, -3.054 -0.5282 0.0, -2.6772 -0.7016 0.0, -3.054 -0.4813 0.0, -3.0624 -0.4591 0.0, -2.6772 -0.3079 0.0, -3.0758 -0.4397 0.0, -3.0945 -0.3079 0.0, -3.1143 -0.5966 0.0, -3.0934 -0.5855 0.0, -3.0945 -0.7016 0.0, -3.0512 -0.5047 0.0, -3.0758 -0.5698 0.0, -3.1479 -0.6343 0.0, -3.1431 -0.6221 0.0, -3.0934 -0.4239 0.0, -3.1143 -0.4129 0.0, -3.1258 -0.4067 0.0, -3.1356 -0.3981 0.0, -3.1431 -0.3874 0.0, -3.1479 -0.3752 0.0, -3.1218 -0.3151 0.0, -3.1476 -0.3481 0.0, -3.1332 -0.3237 0.0, -3.142 -0.335 0.0, -3.1496 -0.3622 0.0, -3.1086 -0.3097 0.0, -3.1086 -0.6997 0.0, -3.1476 -0.6614 0.0, -3.1496 -0.6472 0.0, -3.1218 -0.6943 0.0, -3.1332 -0.6857 0.0, -3.142 -0.6745 0.0, -3.1356 -0.6114 0.0, -3.1258 -0.6027 0.0, -3.1143 -0.4129 0.0787, -3.0934 -0.4239 0.0787, -3.0945 -0.3079 0.0787, -2.6772 -0.3079 0.0787, -3.0758 -0.4397 0.0787, -3.0624 -0.4591 0.0787, -3.054 -0.5282 0.0787, -2.6772 -0.7016 0.0787, -3.0512 -0.5047 0.0787, -3.054 -0.4813 0.0787, -3.1479 -0.3752 0.0787, -3.1431 -0.3874 0.0787, -3.0624 -0.5503 0.0787, -3.0758 -0.5698 0.0787, -3.0945 -0.7016 0.0787, -3.1086 -0.3097 0.0787, -3.1476 -0.3481 0.0787, -3.1496 -0.3622 0.0787, -3.1218 -0.3151 0.0787, -3.1332 -0.3237 0.0787, -3.142 -0.335 0.0787, -3.1356 -0.3981 0.0787, -3.1258 -0.4067 0.0787, -3.0934 -0.5855 0.0787, -3.1143 -0.5966 0.0787, -3.1258 -0.6027 0.0787, -3.1356 -0.6114 0.0787, -3.1431 -0.6221 0.0787, -3.1479 -0.6343 0.0787, -3.1218 -0.6943 0.0787, -3.1476 -0.6614 0.0787, -3.1332 -0.6857 0.0787, -3.142 -0.6745 0.0787, -3.1496 -0.6472 0.0787, -3.1086 -0.6997 0.0787, -2.6772 -0.7016 0.0906, -2.6772 0.2827 0.0906, -2.6772 0.2827 0.0787, -2.5984 -0.3079 0.0787, -2.5984 -0.7016 0.0787, -2.6011 -0.7016 0.0584, -2.6011 -0.3079 0.0584, -2.609 -0.7016 0.0394, -2.609 -0.3079 0.0394, -2.6215 -0.7016 0.0231, -2.6215 -0.3079 0.0231, -2.6378 -0.7016 0.0105, -2.6378 -0.3079 0.0105, -2.6568 -0.7016 0.0027, -2.6568 -0.3079 0.0027, -2.5984 -0.7016 0.0906, 2.3031 0.3815 0.6299, 2.3031 0.3811 0.6299, 2.3031 0.3815 0.1807, 2.3031 0.3811 0.0906, 2.3031 0.4795 0.0984, 2.3031 0.263 0.0906, 2.3031 0.3417 0.0, 2.3031 0.6764 0.0, 2.3031 0.6764 0.0591, 2.3031 0.637 0.0984, 2.3031 0.675 0.0692, 2.3031 0.6711 0.0787, 2.3031 0.6648 0.0869, 2.3031 0.6567 0.0932, 2.3031 0.6472 0.0971, 2.2244 0.3417 0.0, 2.2244 0.263 0.0906, 2.2244 0.3811 0.0906, 2.2244 0.4795 0.0984, 2.2244 0.3815 0.1807, 2.2244 0.3811 0.6299, 2.2244 0.3815 0.6299, 2.2244 0.6764 0.0, 2.2244 0.6764 0.0591, 2.2244 0.637 0.0984, 2.2244 0.675 0.0692, 2.2244 0.6567 0.0932, 2.2244 0.6648 0.0869, 2.2244 0.6711 0.0787, 2.2244 0.6472 0.0971, 2.1063 0.3815 0.6299, 2.1063 0.3811 0.6299, 2.1063 0.3815 0.1807, 2.1063 0.3811 0.0906, 2.1063 0.4795 0.0984, 2.1063 0.263 0.0906, 2.1063 0.3417 0.0, 2.1063 0.6764 0.0, 2.1063 0.6764 0.0591, 2.1063 0.637 0.0984, 2.1063 0.675 0.0692, 2.1063 0.6711 0.0787, 2.1063 0.6648 0.0869, 2.1063 0.6567 0.0932, 2.1063 0.6472 0.0971, 2.0276 0.3417 0.0, 2.0276 0.263 0.0906, 2.0276 0.3811 0.0906, 2.0276 0.4795 0.0984, 2.0276 0.3815 0.1807, 2.0276 0.3811 0.6299, 2.0276 0.3815 0.6299, 2.0276 0.6764 0.0, 2.0276 0.6764 0.0591, 2.0276 0.637 0.0984, 2.0276 0.675 0.0692, 2.0276 0.6567 0.0932, 2.0276 0.6648 0.0869, 2.0276 0.6711 0.0787, 2.0276 0.6472 0.0971, 1.9094 0.3815 0.6299, 1.9094 0.3811 0.6299, 1.9094 0.3815 0.1807, 1.9094 0.3811 0.0906, 1.9094 0.4795 0.0984, 1.9094 0.263 0.0906, 1.9094 0.3417 0.0, 1.9094 0.6764 0.0, 1.9094 0.6764 0.0591, 1.9094 0.637 0.0984, 1.9094 0.675 0.0692, 1.9094 0.6711 0.0787, 1.9094 0.6648 0.0869, 1.9094 0.6567 0.0932, 1.9094 0.6472 0.0971, 1.8307 0.3417 0.0, 1.8307 0.263 0.0906, 1.8307 0.3811 0.0906, 1.8307 0.4795 0.0984, 1.8307 0.3815 0.1807, 1.8307 0.3811 0.6299, 1.8307 0.3815 0.6299, 1.8307 0.6764 0.0, 1.8307 0.6764 0.0591, 1.8307 0.637 0.0984, 1.8307 0.675 0.0692, 1.8307 0.6567 0.0932, 1.8307 0.6648 0.0869, 1.8307 0.6711 0.0787, 1.8307 0.6472 0.0971, 1.7126 0.3815 0.6299, 1.7126 0.3811 0.6299, 1.7126 0.3815 0.1807, 1.7126 0.3811 0.0906, 1.7126 0.4795 0.0984, 1.7126 0.263 0.0906, 1.7126 0.3417 0.0, 1.7126 0.6764 0.0, 1.7126 0.6764 0.0591, 1.7126 0.637 0.0984, 1.7126 0.675 0.0692, 1.7126 0.6711 0.0787, 1.7126 0.6648 0.0869, 1.7126 0.6567 0.0932, 1.7126 0.6472 0.0971, 1.6339 0.3417 0.0, 1.6339 0.263 0.0906, 1.6339 0.3811 0.0906, 1.6339 0.4795 0.0984, 1.6339 0.3815 0.1807, 1.6339 0.3811 0.6299, 1.6339 0.3815 0.6299, 1.6339 0.6764 0.0, 1.6339 0.6764 0.0591, 1.6339 0.637 0.0984, 1.6339 0.675 0.0692, 1.6339 0.6567 0.0932, 1.6339 0.6648 0.0869, 1.6339 0.6711 0.0787, 1.6339 0.6472 0.0971, 1.5157 0.3815 0.6299, 1.5157 0.3811 0.6299, 1.5157 0.3815 0.1807, 1.5157 0.3811 0.0906, 1.5157 0.4795 0.0984, 1.5157 0.263 0.0906, 1.5157 0.3417 0.0, 1.5157 0.6764 0.0, 1.5157 0.6764 0.0591, 1.5157 0.637 0.0984, 1.5157 0.675 0.0692, 1.5157 0.6711 0.0787, 1.5157 0.6648 0.0869, 1.5157 0.6567 0.0932, 1.5157 0.6472 0.0971, 1.437 0.3417 0.0, 1.437 0.263 0.0906, 1.437 0.3811 0.0906, 1.437 0.4795 0.0984, 1.437 0.3815 0.1807, 1.437 0.3811 0.6299, 1.437 0.3815 0.6299, 1.437 0.6764 0.0, 1.437 0.6764 0.0591, 1.437 0.637 0.0984, 1.437 0.675 0.0692, 1.437 0.6567 0.0932, 1.437 0.6648 0.0869, 1.437 0.6711 0.0787, 1.437 0.6472 0.0971, 1.3189 0.3815 0.6299, 1.3189 0.3811 0.6299, 1.3189 0.3815 0.1807, 1.3189 0.3811 0.0906, 1.3189 0.4795 0.0984, 1.3189 0.263 0.0906, 1.3189 0.3417 0.0, 1.3189 0.6764 0.0, 1.3189 0.6764 0.0591, 1.3189 0.637 0.0984, 1.3189 0.675 0.0692, 1.3189 0.6711 0.0787, 1.3189 0.6648 0.0869, 1.3189 0.6567 0.0932, 1.3189 0.6472 0.0971, 1.2402 0.3417 0.0, 1.2402 0.263 0.0906, 1.2402 0.3811 0.0906, 1.2402 0.4795 0.0984, 1.2402 0.3815 0.1807, 1.2402 0.3811 0.6299, 1.2402 0.3815 0.6299, 1.2402 0.6764 0.0, 1.2402 0.6764 0.0591, 1.2402 0.637 0.0984, 1.2402 0.675 0.0692, 1.2402 0.6567 0.0932, 1.2402 0.6648 0.0869, 1.2402 0.6711 0.0787, 1.2402 0.6472 0.0971, 1.122 0.3815 0.6299, 1.122 0.3811 0.6299, 1.122 0.3815 0.1807, 1.122 0.3811 0.0906, 1.122 0.4795 0.0984, 1.122 0.263 0.0906, 1.122 0.3417 0.0, 1.122 0.6764 0.0, 1.122 0.6764 0.0591, 1.122 0.637 0.0984, 1.122 0.675 0.0692, 1.122 0.6711 0.0787, 1.122 0.6648 0.0869, 1.122 0.6567 0.0932, 1.122 0.6472 0.0971, 1.0433 0.3417 0.0, 1.0433 0.263 0.0906, 1.0433 0.3811 0.0906, 1.0433 0.4795 0.0984, 1.0433 0.3815 0.1807, 1.0433 0.3811 0.6299, 1.0433 0.3815 0.6299, 1.0433 0.6764 0.0, 1.0433 0.6764 0.0591, 1.0433 0.637 0.0984, 1.0433 0.675 0.0692, 1.0433 0.6567 0.0932, 1.0433 0.6648 0.0869, 1.0433 0.6711 0.0787, 1.0433 0.6472 0.0971, 0.9252 0.3815 0.6299, 0.9252 0.3811 0.6299, 0.9252 0.3815 0.1807, 0.9252 0.3811 0.0906, 0.9252 0.4795 0.0984, 0.9252 0.263 0.0906, 0.9252 0.3417 0.0, 0.9252 0.6764 0.0, 0.9252 0.6764 0.0591, 0.9252 0.637 0.0984, 0.9252 0.675 0.0692, 0.9252 0.6711 0.0787, 0.9252 0.6648 0.0869, 0.9252 0.6567 0.0932, 0.9252 0.6472 0.0971, 0.8465 0.3417 0.0, 0.8465 0.263 0.0906, 0.8465 0.3811 0.0906, 0.8465 0.4795 0.0984, 0.8465 0.3815 0.1807, 0.8465 0.3811 0.6299, 0.8465 0.3815 0.6299, 0.8465 0.6764 0.0, 0.8465 0.6764 0.0591, 0.8465 0.637 0.0984, 0.8465 0.675 0.0692, 0.8465 0.6567 0.0932, 0.8465 0.6648 0.0869, 0.8465 0.6711 0.0787, 0.8465 0.6472 0.0971, 0.7283 0.3815 0.6299, 0.7283 0.3811 0.6299, 0.7283 0.3815 0.1807, 0.7283 0.3811 0.0906, 0.7283 0.4795 0.0984, 0.7283 0.263 0.0906, 0.7283 0.3417 0.0, 0.7283 0.6764 0.0, 0.7283 0.6764 0.0591, 0.7283 0.637 0.0984, 0.7283 0.675 0.0692, 0.7283 0.6711 0.0787, 0.7283 0.6648 0.0869, 0.7283 0.6567 0.0932, 0.7283 0.6472 0.0971, 0.6496 0.3417 0.0, 0.6496 0.263 0.0906, 0.6496 0.3811 0.0906, 0.6496 0.4795 0.0984, 0.6496 0.3815 0.1807, 0.6496 0.3811 0.6299, 0.6496 0.3815 0.6299, 0.6496 0.6764 0.0, 0.6496 0.6764 0.0591, 0.6496 0.637 0.0984, 0.6496 0.675 0.0692, 0.6496 0.6567 0.0932, 0.6496 0.6648 0.0869, 0.6496 0.6711 0.0787, 0.6496 0.6472 0.0971, 0.5315 0.3815 0.6299, 0.5315 0.3811 0.6299, 0.5315 0.3815 0.1807, 0.5315 0.3811 0.0906, 0.5315 0.4795 0.0984, 0.5315 0.263 0.0906, 0.5315 0.3417 0.0, 0.5315 0.6764 0.0, 0.5315 0.6764 0.0591, 0.5315 0.637 0.0984, 0.5315 0.675 0.0692, 0.5315 0.6711 0.0787, 0.5315 0.6648 0.0869, 0.5315 0.6567 0.0932, 0.5315 0.6472 0.0971, 0.4528 0.3417 0.0, 0.4528 0.263 0.0906, 0.4528 0.3811 0.0906, 0.4528 0.4795 0.0984, 0.4528 0.3815 0.1807, 0.4528 0.3811 0.6299, 0.4528 0.3815 0.6299, 0.4528 0.6764 0.0, 0.4528 0.6764 0.0591, 0.4528 0.637 0.0984, 0.4528 0.675 0.0692, 0.4528 0.6567 0.0932, 0.4528 0.6648 0.0869, 0.4528 0.6711 0.0787, 0.4528 0.6472 0.0971, 0.3346 0.3815 0.6299, 0.3346 0.3811 0.6299, 0.3346 0.3815 0.1807, 0.3346 0.3811 0.0906, 0.3346 0.4795 0.0984, 0.3346 0.263 0.0906, 0.3346 0.3417 0.0, 0.3346 0.6764 0.0, 0.3346 0.6764 0.0591, 0.3346 0.637 0.0984, 0.3346 0.675 0.0692, 0.3346 0.6711 0.0787, 0.3346 0.6648 0.0869, 0.3346 0.6567 0.0932, 0.3346 0.6472 0.0971, 0.2559 0.3417 0.0, 0.2559 0.263 0.0906, 0.2559 0.3811 0.0906, 0.2559 0.4795 0.0984, 0.2559 0.3815 0.1807, 0.2559 0.3811 0.6299, 0.2559 0.3815 0.6299, 0.2559 0.6764 0.0, 0.2559 0.6764 0.0591, 0.2559 0.637 0.0984, 0.2559 0.675 0.0692, 0.2559 0.6567 0.0932, 0.2559 0.6648 0.0869, 0.2559 0.6711 0.0787, 0.2559 0.6472 0.0971, 0.1378 0.3815 0.6299, 0.1378 0.3811 0.6299, 0.1378 0.3815 0.1807, 0.1378 0.3811 0.0906, 0.1378 0.4795 0.0984, 0.1378 0.263 0.0906, 0.1378 0.3417 0.0, 0.1378 0.6764 0.0, 0.1378 0.6764 0.0591, 0.1378 0.637 0.0984, 0.1378 0.675 0.0692, 0.1378 0.6711 0.0787, 0.1378 0.6648 0.0869, 0.1378 0.6567 0.0932, 0.1378 0.6472 0.0971, 0.0591 0.3417 0.0, 0.0591 0.263 0.0906, 0.0591 0.3811 0.0906, 0.0591 0.4795 0.0984, 0.0591 0.3815 0.1807, 0.0591 0.3811 0.6299, 0.0591 0.3815 0.6299, 0.0591 0.6764 0.0, 0.0591 0.6764 0.0591, 0.0591 0.637 0.0984, 0.0591 0.675 0.0692, 0.0591 0.6567 0.0932, 0.0591 0.6648 0.0869, 0.0591 0.6711 0.0787, 0.0591 0.6472 0.0971, -0.0591 0.3815 0.6299, -0.0591 0.3811 0.6299, -0.0591 0.3815 0.1807, -0.0591 0.3811 0.0906, -0.0591 0.4795 0.0984, -0.0591 0.263 0.0906, -0.0591 0.3417 0.0, -0.0591 0.6764 0.0, -0.0591 0.6764 0.0591, -0.0591 0.637 0.0984, -0.0591 0.675 0.0692, -0.0591 0.6711 0.0787, -0.0591 0.6648 0.0869, -0.0591 0.6567 0.0932, -0.0591 0.6472 0.0971, -0.1378 0.3417 0.0, -0.1378 0.263 0.0906, -0.1378 0.3811 0.0906, -0.1378 0.4795 0.0984, -0.1378 0.3815 0.1807, -0.1378 0.3811 0.6299, -0.1378 0.3815 0.6299, -0.1378 0.6764 0.0, -0.1378 0.6764 0.0591, -0.1378 0.637 0.0984, -0.1378 0.675 0.0692, -0.1378 0.6567 0.0932, -0.1378 0.6648 0.0869, -0.1378 0.6711 0.0787, -0.1378 0.6472 0.0971, -0.2559 0.3815 0.6299, -0.2559 0.3811 0.6299, -0.2559 0.3815 0.1807, -0.2559 0.3811 0.0906, -0.2559 0.4795 0.0984, -0.2559 0.263 0.0906, -0.2559 0.3417 0.0, -0.2559 0.6764 0.0, -0.2559 0.6764 0.0591, -0.2559 0.637 0.0984, -0.2559 0.675 0.0692, -0.2559 0.6711 0.0787, -0.2559 0.6648 0.0869, -0.2559 0.6567 0.0932, -0.2559 0.6472 0.0971, -0.3346 0.3417 0.0, -0.3346 0.263 0.0906, -0.3346 0.3811 0.0906, -0.3346 0.4795 0.0984, -0.3346 0.3815 0.1807, -0.3346 0.3811 0.6299, -0.3346 0.3815 0.6299, -0.3346 0.6764 0.0, -0.3346 0.6764 0.0591, -0.3346 0.637 0.0984, -0.3346 0.675 0.0692, -0.3346 0.6567 0.0932, -0.3346 0.6648 0.0869, -0.3346 0.6711 0.0787, -0.3346 0.6472 0.0971, -0.4528 0.3815 0.6299, -0.4528 0.3811 0.6299, -0.4528 0.3815 0.1807, -0.4528 0.3811 0.0906, -0.4528 0.4795 0.0984, -0.4528 0.263 0.0906, -0.4528 0.3417 0.0, -0.4528 0.6764 0.0, -0.4528 0.6764 0.0591, -0.4528 0.637 0.0984, -0.4528 0.675 0.0692, -0.4528 0.6711 0.0787, -0.4528 0.6648 0.0869, -0.4528 0.6567 0.0932, -0.4528 0.6472 0.0971, -0.5315 0.3417 0.0, -0.5315 0.263 0.0906, -0.5315 0.3811 0.0906, -0.5315 0.4795 0.0984, -0.5315 0.3815 0.1807, -0.5315 0.3811 0.6299, -0.5315 0.3815 0.6299, -0.5315 0.6764 0.0, -0.5315 0.6764 0.0591, -0.5315 0.637 0.0984, -0.5315 0.675 0.0692, -0.5315 0.6567 0.0932, -0.5315 0.6648 0.0869, -0.5315 0.6711 0.0787, -0.5315 0.6472 0.0971, -0.6496 0.3815 0.6299, -0.6496 0.3811 0.6299, -0.6496 0.3815 0.1807, -0.6496 0.3811 0.0906, -0.6496 0.4795 0.0984, -0.6496 0.263 0.0906, -0.6496 0.3417 0.0, -0.6496 0.6764 0.0, -0.6496 0.6764 0.0591, -0.6496 0.637 0.0984, -0.6496 0.675 0.0692, -0.6496 0.6711 0.0787, -0.6496 0.6648 0.0869, -0.6496 0.6567 0.0932, -0.6496 0.6472 0.0971, -0.7283 0.3417 0.0, -0.7283 0.263 0.0906, -0.7283 0.3811 0.0906, -0.7283 0.4795 0.0984, -0.7283 0.3815 0.1807, -0.7283 0.3811 0.6299, -0.7283 0.3815 0.6299, -0.7283 0.6764 0.0, -0.7283 0.6764 0.0591, -0.7283 0.637 0.0984, -0.7283 0.675 0.0692, -0.7283 0.6567 0.0932, -0.7283 0.6648 0.0869, -0.7283 0.6711 0.0787, -0.7283 0.6472 0.0971, -0.8465 0.3815 0.6299, -0.8465 0.3811 0.6299, -0.8465 0.3815 0.1807, -0.8465 0.3811 0.0906, -0.8465 0.4795 0.0984, -0.8465 0.263 0.0906, -0.8465 0.3417 0.0, -0.8465 0.6764 0.0, -0.8465 0.6764 0.0591, -0.8465 0.637 0.0984, -0.8465 0.675 0.0692, -0.8465 0.6711 0.0787, -0.8465 0.6648 0.0869, -0.8465 0.6567 0.0932, -0.8465 0.6472 0.0971, -0.9252 0.3417 0.0, -0.9252 0.263 0.0906, -0.9252 0.3811 0.0906, -0.9252 0.4795 0.0984, -0.9252 0.3815 0.1807, -0.9252 0.3811 0.6299, -0.9252 0.3815 0.6299, -0.9252 0.6764 0.0, -0.9252 0.6764 0.0591, -0.9252 0.637 0.0984, -0.9252 0.675 0.0692, -0.9252 0.6567 0.0932, -0.9252 0.6648 0.0869, -0.9252 0.6711 0.0787, -0.9252 0.6472 0.0971, -1.0433 0.3815 0.6299, -1.0433 0.3811 0.6299, -1.0433 0.3815 0.1807, -1.0433 0.3811 0.0906, -1.0433 0.4795 0.0984, -1.0433 0.263 0.0906, -1.0433 0.3417 0.0, -1.0433 0.6764 0.0, -1.0433 0.6764 0.0591, -1.0433 0.637 0.0984, -1.0433 0.675 0.0692, -1.0433 0.6711 0.0787, -1.0433 0.6648 0.0869, -1.0433 0.6567 0.0932, -1.0433 0.6472 0.0971, -1.122 0.3417 0.0, -1.122 0.263 0.0906, -1.122 0.3811 0.0906, -1.122 0.4795 0.0984, -1.122 0.3815 0.1807, -1.122 0.3811 0.6299, -1.122 0.3815 0.6299, -1.122 0.6764 0.0, -1.122 0.6764 0.0591, -1.122 0.637 0.0984, -1.122 0.675 0.0692, -1.122 0.6567 0.0932, -1.122 0.6648 0.0869, -1.122 0.6711 0.0787, -1.122 0.6472 0.0971, -1.2402 0.3815 0.6299, -1.2402 0.3811 0.6299, -1.2402 0.3815 0.1807, -1.2402 0.3811 0.0906, -1.2402 0.4795 0.0984, -1.2402 0.263 0.0906, -1.2402 0.3417 0.0, -1.2402 0.6764 0.0, -1.2402 0.6764 0.0591, -1.2402 0.637 0.0984, -1.2402 0.675 0.0692, -1.2402 0.6711 0.0787, -1.2402 0.6648 0.0869, -1.2402 0.6567 0.0932, -1.2402 0.6472 0.0971, -1.3189 0.3417 0.0, -1.3189 0.263 0.0906, -1.3189 0.3811 0.0906, -1.3189 0.4795 0.0984, -1.3189 0.3815 0.1807, -1.3189 0.3811 0.6299, -1.3189 0.3815 0.6299, -1.3189 0.6764 0.0, -1.3189 0.6764 0.0591, -1.3189 0.637 0.0984, -1.3189 0.675 0.0692, -1.3189 0.6567 0.0932, -1.3189 0.6648 0.0869, -1.3189 0.6711 0.0787, -1.3189 0.6472 0.0971, -1.437 0.3815 0.6299, -1.437 0.3811 0.6299, -1.437 0.3815 0.1807, -1.437 0.3811 0.0906, -1.437 0.4795 0.0984, -1.437 0.263 0.0906, -1.437 0.3417 0.0, -1.437 0.6764 0.0, -1.437 0.6764 0.0591, -1.437 0.637 0.0984, -1.437 0.675 0.0692, -1.437 0.6711 0.0787, -1.437 0.6648 0.0869, -1.437 0.6567 0.0932, -1.437 0.6472 0.0971, -1.5157 0.3417 0.0, -1.5157 0.263 0.0906, -1.5157 0.3811 0.0906, -1.5157 0.4795 0.0984, -1.5157 0.3815 0.1807, -1.5157 0.3811 0.6299, -1.5157 0.3815 0.6299, -1.5157 0.6764 0.0, -1.5157 0.6764 0.0591, -1.5157 0.637 0.0984, -1.5157 0.675 0.0692, -1.5157 0.6567 0.0932, -1.5157 0.6648 0.0869, -1.5157 0.6711 0.0787, -1.5157 0.6472 0.0971, -1.6339 0.3815 0.6299, -1.6339 0.3811 0.6299, -1.6339 0.3815 0.1807, -1.6339 0.3811 0.0906, -1.6339 0.4795 0.0984, -1.6339 0.263 0.0906, -1.6339 0.3417 0.0, -1.6339 0.6764 0.0, -1.6339 0.6764 0.0591, -1.6339 0.637 0.0984, -1.6339 0.675 0.0692, -1.6339 0.6711 0.0787, -1.6339 0.6648 0.0869, -1.6339 0.6567 0.0932, -1.6339 0.6472 0.0971, -1.7126 0.3417 0.0, -1.7126 0.263 0.0906, -1.7126 0.3811 0.0906, -1.7126 0.4795 0.0984, -1.7126 0.3815 0.1807, -1.7126 0.3811 0.6299, -1.7126 0.3815 0.6299, -1.7126 0.6764 0.0, -1.7126 0.6764 0.0591, -1.7126 0.637 0.0984, -1.7126 0.675 0.0692, -1.7126 0.6567 0.0932, -1.7126 0.6648 0.0869, -1.7126 0.6711 0.0787, -1.7126 0.6472 0.0971, -1.8307 0.3815 0.6299, -1.8307 0.3811 0.6299, -1.8307 0.3815 0.1807, -1.8307 0.3811 0.0906, -1.8307 0.4795 0.0984, -1.8307 0.263 0.0906, -1.8307 0.3417 0.0, -1.8307 0.6764 0.0, -1.8307 0.6764 0.0591, -1.8307 0.637 0.0984, -1.8307 0.675 0.0692, -1.8307 0.6711 0.0787, -1.8307 0.6648 0.0869, -1.8307 0.6567 0.0932, -1.8307 0.6472 0.0971, -1.9094 0.3417 0.0, -1.9094 0.263 0.0906, -1.9094 0.3811 0.0906, -1.9094 0.4795 0.0984, -1.9094 0.3815 0.1807, -1.9094 0.3811 0.6299, -1.9094 0.3815 0.6299, -1.9094 0.6764 0.0, -1.9094 0.6764 0.0591, -1.9094 0.637 0.0984, -1.9094 0.675 0.0692, -1.9094 0.6567 0.0932, -1.9094 0.6648 0.0869, -1.9094 0.6711 0.0787, -1.9094 0.6472 0.0971, -2.0276 0.3815 0.6299, -2.0276 0.3811 0.6299, -2.0276 0.3815 0.1807, -2.0276 0.3811 0.0906, -2.0276 0.4795 0.0984, -2.0276 0.263 0.0906, -2.0276 0.3417 0.0, -2.0276 0.6764 0.0, -2.0276 0.6764 0.0591, -2.0276 0.637 0.0984, -2.0276 0.675 0.0692, -2.0276 0.6711 0.0787, -2.0276 0.6648 0.0869, -2.0276 0.6567 0.0932, -2.0276 0.6472 0.0971, -2.1063 0.3417 0.0, -2.1063 0.263 0.0906, -2.1063 0.3811 0.0906, -2.1063 0.4795 0.0984, -2.1063 0.3815 0.1807, -2.1063 0.3811 0.6299, -2.1063 0.3815 0.6299, -2.1063 0.6764 0.0, -2.1063 0.6764 0.0591, -2.1063 0.637 0.0984, -2.1063 0.675 0.0692, -2.1063 0.6567 0.0932, -2.1063 0.6648 0.0869, -2.1063 0.6711 0.0787, -2.1063 0.6472 0.0971, -2.2244 0.3815 0.6299, -2.2244 0.3811 0.6299, -2.2244 0.3815 0.1807, -2.2244 0.3811 0.0906, -2.2244 0.4795 0.0984, -2.2244 0.263 0.0906, -2.2244 0.3417 0.0, -2.2244 0.6764 0.0, -2.2244 0.6764 0.0591, -2.2244 0.637 0.0984, -2.2244 0.675 0.0692, -2.2244 0.6711 0.0787, -2.2244 0.6648 0.0869, -2.2244 0.6567 0.0932, -2.2244 0.6472 0.0971, -2.3031 0.3417 0.0, -2.3031 0.263 0.0906, -2.3031 0.3811 0.0906, -2.3031 0.4795 0.0984, -2.3031 0.3815 0.1807, -2.3031 0.3811 0.6299, -2.3031 0.3815 0.6299, -2.3031 0.6764 0.0, -2.3031 0.6764 0.0591, -2.3031 0.637 0.0984, -2.3031 0.675 0.0692, -2.3031 0.6567 0.0932, -2.3031 0.6648 0.0869, -2.3031 0.6711 0.0787, -2.3031 0.6472 0.0971
            ]
        }
        coordIndex [
            0,1,2,-1,2,1,3,-1,3,1,4,-1,3,4,5,-1,2,6,7,-1,5,8,3,-1,3,8,9,-1,3,9,10,-1,10,9,11,-1,11,12,10,-1,10,12,13,-1,10,13,14,-1,15,16,2,-1,2,16,17,-1,2,17,6,-1,15,18,16,-1,16,18,19,-1,16,19,20,-1,7,21,2,-1,2,21,22,-1,2,22,0,-1,13,23,14,-1,14,23,24,-1,14,24,25,-1,25,26,14,-1,14,26,27,-1,14,27,28,-1,29,30,31,-1,31,30,32,-1,28,33,14,-1,14,33,30,-1,14,30,34,-1,34,30,29,-1,3,10,35,-1,3,35,36,-1,36,35,37,-1,36,37,38,-1,38,37,39,-1,38,39,40,-1,40,39,41,-1,40,41,42,-1,42,41,43,-1,42,43,44,-1,44,43,45,-1,44,45,46,-1,47,48,49,-1,49,48,50,-1,49,50,51,-1,52,51,53,-1,53,51,54,-1,53,54,55,-1,54,56,57,-1,52,58,51,-1,51,58,59,-1,51,59,49,-1,49,59,60,-1,49,60,61,-1,61,62,49,-1,49,62,63,-1,49,63,64,-1,65,66,54,-1,54,66,67,-1,54,67,56,-1,65,68,66,-1,66,68,69,-1,66,69,70,-1,57,71,54,-1,54,71,72,-1,54,72,55,-1,63,73,64,-1,64,73,74,-1,64,74,75,-1,75,76,64,-1,64,76,77,-1,64,77,78,-1,79,80,81,-1,81,80,82,-1,78,83,64,-1,64,83,80,-1,64,80,84,-1,84,80,79,-1,14,54,10,-1,10,54,51,-1,10,51,35,-1,35,51,37,-1,50,85,51,-1,51,85,45,-1,51,45,43,-1,43,41,51,-1,51,41,39,-1,51,39,37,-1,86,87,88,-1,89,90,91,-1,91,90,92,-1,91,92,93,-1,94,95,96,-1,88,87,91,-1,91,87,97,-1,91,97,89,-1,96,95,88,-1,88,95,98,-1,88,98,86,-1,96,99,100,-1,92,101,93,-1,93,101,102,-1,93,102,103,-1,103,104,93,-1,93,104,105,-1,93,105,106,-1,107,108,109,-1,109,108,110,-1,106,111,93,-1,93,111,108,-1,93,108,112,-1,112,108,107,-1,113,114,96,-1,96,114,115,-1,96,115,99,-1,113,116,114,-1,114,116,117,-1,114,117,118,-1,100,119,96,-1,96,119,120,-1,96,120,94,-1,121,122,123,-1,123,122,124,-1,124,122,125,-1,124,125,126,-1,127,128,129,-1,129,128,124,-1,129,124,130,-1,130,124,126,-1,123,131,132,-1,127,133,128,-1,128,133,134,-1,128,134,135,-1,136,137,123,-1,123,137,138,-1,123,138,131,-1,136,139,137,-1,137,139,140,-1,137,140,141,-1,132,142,123,-1,123,142,143,-1,123,143,121,-1,134,144,135,-1,135,144,145,-1,135,145,146,-1,146,147,135,-1,135,147,148,-1,135,148,149,-1,150,151,152,-1,152,151,153,-1,149,154,135,-1,135,154,151,-1,135,151,155,-1,155,151,150,-1,128,156,124,-1,124,156,157,-1,124,157,158,-1,159,160,161,-1,159,161,162,-1,162,161,163,-1,162,163,164,-1,164,163,165,-1,164,165,166,-1,166,165,167,-1,166,167,168,-1,168,167,169,-1,168,169,170,-1,170,169,88,-1,170,88,91,-1,171,156,160,-1,160,156,128,-1,160,128,161,-1,161,128,163,-1,135,96,128,-1,128,96,88,-1,128,88,169,-1,169,167,128,-1,128,167,165,-1,128,165,163,-1,172,173,174,-1,174,173,175,-1,174,175,176,-1,177,178,175,-1,175,178,179,-1,175,179,176,-1,176,179,180,-1,176,180,181,-1,181,180,182,-1,181,182,183,-1,184,185,183,-1,183,185,186,-1,183,186,181,-1,187,188,189,-1,190,189,191,-1,191,189,192,-1,191,192,193,-1,187,189,194,-1,194,189,190,-1,194,190,195,-1,195,190,196,-1,195,196,197,-1,198,199,200,-1,197,196,200,-1,200,196,201,-1,200,201,198,-1,172,174,193,-1,193,174,191,-1,178,177,187,-1,187,177,188,-1,179,178,194,-1,194,178,187,-1,180,179,195,-1,195,179,194,-1,180,195,197,-1,180,197,182,-1,182,197,200,-1,182,200,183,-1,183,200,199,-1,183,199,184,-1,184,199,198,-1,184,198,185,-1,185,198,201,-1,185,201,186,-1,186,201,196,-1,186,196,181,-1,176,181,190,-1,190,181,196,-1,174,176,191,-1,191,176,190,-1,202,203,204,-1,204,203,205,-1,204,205,206,-1,207,208,205,-1,205,208,209,-1,205,209,206,-1,206,209,210,-1,206,210,211,-1,211,210,212,-1,211,212,213,-1,214,215,213,-1,213,215,216,-1,213,216,211,-1,217,218,219,-1,220,219,221,-1,221,219,222,-1,221,222,223,-1,217,219,224,-1,224,219,220,-1,224,220,225,-1,225,220,226,-1,225,226,227,-1,228,229,230,-1,227,226,230,-1,230,226,231,-1,230,231,228,-1,202,204,223,-1,223,204,221,-1,208,207,217,-1,217,207,218,-1,209,208,224,-1,224,208,217,-1,210,209,225,-1,225,209,224,-1,210,225,227,-1,210,227,212,-1,212,227,230,-1,212,230,213,-1,213,230,229,-1,213,229,214,-1,214,229,228,-1,214,228,215,-1,215,228,231,-1,215,231,216,-1,216,231,226,-1,216,226,211,-1,206,211,220,-1,220,211,226,-1,204,206,221,-1,221,206,220,-1,232,233,234,-1,234,233,235,-1,234,235,236,-1,237,238,235,-1,235,238,239,-1,235,239,236,-1,236,239,240,-1,236,240,241,-1,241,240,242,-1,241,242,243,-1,244,245,243,-1,243,245,246,-1,243,246,241,-1,247,248,249,-1,250,249,251,-1,251,249,252,-1,251,252,253,-1,247,249,254,-1,254,249,250,-1,254,250,255,-1,255,250,256,-1,255,256,257,-1,258,259,260,-1,257,256,260,-1,260,256,261,-1,260,261,258,-1,232,234,253,-1,253,234,251,-1,238,237,247,-1,247,237,248,-1,239,238,254,-1,254,238,247,-1,240,239,255,-1,255,239,254,-1,240,255,257,-1,240,257,242,-1,242,257,260,-1,242,260,243,-1,243,260,259,-1,243,259,244,-1,244,259,258,-1,244,258,245,-1,245,258,261,-1,245,261,246,-1,246,261,256,-1,246,256,241,-1,236,241,250,-1,250,241,256,-1,234,236,251,-1,251,236,250,-1,262,263,264,-1,264,263,265,-1,264,265,266,-1,267,268,265,-1,265,268,269,-1,265,269,266,-1,266,269,270,-1,266,270,271,-1,271,270,272,-1,271,272,273,-1,274,275,273,-1,273,275,276,-1,273,276,271,-1,277,278,279,-1,280,279,281,-1,281,279,282,-1,281,282,283,-1,277,279,284,-1,284,279,280,-1,284,280,285,-1,285,280,286,-1,285,286,287,-1,288,289,290,-1,287,286,290,-1,290,286,291,-1,290,291,288,-1,262,264,283,-1,283,264,281,-1,268,267,277,-1,277,267,278,-1,269,268,284,-1,284,268,277,-1,270,269,285,-1,285,269,284,-1,270,285,287,-1,270,287,272,-1,272,287,290,-1,272,290,273,-1,273,290,289,-1,273,289,274,-1,274,289,288,-1,274,288,275,-1,275,288,291,-1,275,291,276,-1,276,291,286,-1,276,286,271,-1,266,271,280,-1,280,271,286,-1,264,266,281,-1,281,266,280,-1,292,293,294,-1,294,293,295,-1,294,295,296,-1,297,298,295,-1,295,298,299,-1,295,299,296,-1,296,299,300,-1,296,300,301,-1,301,300,302,-1,301,302,303,-1,304,305,303,-1,303,305,306,-1,303,306,301,-1,307,308,309,-1,310,309,311,-1,311,309,312,-1,311,312,313,-1,307,309,314,-1,314,309,310,-1,314,310,315,-1,315,310,316,-1,315,316,317,-1,318,319,320,-1,317,316,320,-1,320,316,321,-1,320,321,318,-1,292,294,313,-1,313,294,311,-1,298,297,307,-1,307,297,308,-1,299,298,314,-1,314,298,307,-1,300,299,315,-1,315,299,314,-1,300,315,317,-1,300,317,302,-1,302,317,320,-1,302,320,303,-1,303,320,319,-1,303,319,304,-1,304,319,318,-1,304,318,305,-1,305,318,321,-1,305,321,306,-1,306,321,316,-1,306,316,301,-1,296,301,310,-1,310,301,316,-1,294,296,311,-1,311,296,310,-1,322,323,324,-1,324,323,325,-1,324,325,326,-1,327,328,325,-1,325,328,329,-1,325,329,326,-1,326,329,330,-1,326,330,331,-1,331,330,332,-1,331,332,333,-1,334,335,333,-1,333,335,336,-1,333,336,331,-1,337,338,339,-1,340,339,341,-1,341,339,342,-1,341,342,343,-1,337,339,344,-1,344,339,340,-1,344,340,345,-1,345,340,346,-1,345,346,347,-1,348,349,350,-1,347,346,350,-1,350,346,351,-1,350,351,348,-1,322,324,343,-1,343,324,341,-1,328,327,337,-1,337,327,338,-1,329,328,344,-1,344,328,337,-1,330,329,345,-1,345,329,344,-1,330,345,347,-1,330,347,332,-1,332,347,350,-1,332,350,333,-1,333,350,349,-1,333,349,334,-1,334,349,348,-1,334,348,335,-1,335,348,351,-1,335,351,336,-1,336,351,346,-1,336,346,331,-1,326,331,340,-1,340,331,346,-1,324,326,341,-1,341,326,340,-1,352,353,354,-1,354,353,355,-1,354,355,356,-1,357,358,355,-1,355,358,359,-1,355,359,356,-1,356,359,360,-1,356,360,361,-1,361,360,362,-1,361,362,363,-1,364,365,363,-1,363,365,366,-1,363,366,361,-1,367,368,369,-1,370,369,371,-1,371,369,372,-1,371,372,373,-1,367,369,374,-1,374,369,370,-1,374,370,375,-1,375,370,376,-1,375,376,377,-1,378,379,380,-1,377,376,380,-1,380,376,381,-1,380,381,378,-1,352,354,373,-1,373,354,371,-1,358,357,367,-1,367,357,368,-1,359,358,374,-1,374,358,367,-1,360,359,375,-1,375,359,374,-1,360,375,377,-1,360,377,362,-1,362,377,380,-1,362,380,363,-1,363,380,379,-1,363,379,364,-1,364,379,378,-1,364,378,365,-1,365,378,381,-1,365,381,366,-1,366,381,376,-1,366,376,361,-1,356,361,370,-1,370,361,376,-1,354,356,371,-1,371,356,370,-1,382,383,384,-1,384,383,385,-1,384,385,386,-1,387,388,385,-1,385,388,389,-1,385,389,386,-1,386,389,390,-1,386,390,391,-1,391,390,392,-1,391,392,393,-1,394,395,393,-1,393,395,396,-1,393,396,391,-1,397,398,399,-1,400,399,401,-1,401,399,402,-1,401,402,403,-1,397,399,404,-1,404,399,400,-1,404,400,405,-1,405,400,406,-1,405,406,407,-1,408,409,410,-1,407,406,410,-1,410,406,411,-1,410,411,408,-1,382,384,403,-1,403,384,401,-1,388,387,397,-1,397,387,398,-1,389,388,404,-1,404,388,397,-1,390,389,405,-1,405,389,404,-1,390,405,407,-1,390,407,392,-1,392,407,410,-1,392,410,393,-1,393,410,409,-1,393,409,394,-1,394,409,408,-1,394,408,395,-1,395,408,411,-1,395,411,396,-1,396,411,406,-1,396,406,391,-1,386,391,400,-1,400,391,406,-1,384,386,401,-1,401,386,400,-1,412,413,414,-1,414,413,415,-1,414,415,416,-1,417,418,415,-1,415,418,419,-1,415,419,416,-1,416,419,420,-1,416,420,421,-1,421,420,422,-1,421,422,423,-1,424,425,423,-1,423,425,426,-1,423,426,421,-1,427,428,429,-1,430,429,431,-1,431,429,432,-1,431,432,433,-1,427,429,434,-1,434,429,430,-1,434,430,435,-1,435,430,436,-1,435,436,437,-1,438,439,440,-1,437,436,440,-1,440,436,441,-1,440,441,438,-1,412,414,433,-1,433,414,431,-1,418,417,427,-1,427,417,428,-1,419,418,434,-1,434,418,427,-1,420,419,435,-1,435,419,434,-1,420,435,437,-1,420,437,422,-1,422,437,440,-1,422,440,423,-1,423,440,439,-1,423,439,424,-1,424,439,438,-1,424,438,425,-1,425,438,441,-1,425,441,426,-1,426,441,436,-1,426,436,421,-1,416,421,430,-1,430,421,436,-1,414,416,431,-1,431,416,430,-1,442,443,444,-1,444,443,445,-1,444,445,446,-1,447,448,445,-1,445,448,449,-1,445,449,446,-1,446,449,450,-1,446,450,451,-1,451,450,452,-1,451,452,453,-1,454,455,453,-1,453,455,456,-1,453,456,451,-1,457,458,459,-1,460,459,461,-1,461,459,462,-1,461,462,463,-1,457,459,464,-1,464,459,460,-1,464,460,465,-1,465,460,466,-1,465,466,467,-1,468,469,470,-1,467,466,470,-1,470,466,471,-1,470,471,468,-1,442,444,463,-1,463,444,461,-1,448,447,457,-1,457,447,458,-1,449,448,464,-1,464,448,457,-1,450,449,465,-1,465,449,464,-1,450,465,467,-1,450,467,452,-1,452,467,470,-1,452,470,453,-1,453,470,469,-1,453,469,454,-1,454,469,468,-1,454,468,455,-1,455,468,471,-1,455,471,456,-1,456,471,466,-1,456,466,451,-1,446,451,460,-1,460,451,466,-1,444,446,461,-1,461,446,460,-1,472,473,474,-1,474,473,475,-1,474,475,476,-1,477,478,475,-1,475,478,479,-1,475,479,476,-1,476,479,480,-1,476,480,481,-1,481,480,482,-1,481,482,483,-1,484,485,483,-1,483,485,486,-1,483,486,481,-1,487,488,489,-1,490,489,491,-1,491,489,492,-1,491,492,493,-1,487,489,494,-1,494,489,490,-1,494,490,495,-1,495,490,496,-1,495,496,497,-1,498,499,500,-1,497,496,500,-1,500,496,501,-1,500,501,498,-1,472,474,493,-1,493,474,491,-1,478,477,487,-1,487,477,488,-1,479,478,494,-1,494,478,487,-1,480,479,495,-1,495,479,494,-1,480,495,497,-1,480,497,482,-1,482,497,500,-1,482,500,483,-1,483,500,499,-1,483,499,484,-1,484,499,498,-1,484,498,485,-1,485,498,501,-1,485,501,486,-1,486,501,496,-1,486,496,481,-1,476,481,490,-1,490,481,496,-1,474,476,491,-1,491,476,490,-1,502,503,504,-1,504,503,505,-1,504,505,506,-1,507,508,505,-1,505,508,509,-1,505,509,506,-1,506,509,510,-1,506,510,511,-1,511,510,512,-1,511,512,513,-1,514,515,513,-1,513,515,516,-1,513,516,511,-1,517,518,519,-1,520,519,521,-1,521,519,522,-1,521,522,523,-1,517,519,524,-1,524,519,520,-1,524,520,525,-1,525,520,526,-1,525,526,527,-1,528,529,530,-1,527,526,530,-1,530,526,531,-1,530,531,528,-1,502,504,523,-1,523,504,521,-1,508,507,517,-1,517,507,518,-1,509,508,524,-1,524,508,517,-1,510,509,525,-1,525,509,524,-1,510,525,527,-1,510,527,512,-1,512,527,530,-1,512,530,513,-1,513,530,529,-1,513,529,514,-1,514,529,528,-1,514,528,515,-1,515,528,531,-1,515,531,516,-1,516,531,526,-1,516,526,511,-1,506,511,520,-1,520,511,526,-1,504,506,521,-1,521,506,520,-1,532,533,534,-1,534,533,535,-1,534,535,536,-1,537,538,535,-1,535,538,539,-1,535,539,536,-1,536,539,540,-1,536,540,541,-1,541,540,542,-1,541,542,543,-1,544,545,543,-1,543,545,546,-1,543,546,541,-1,547,548,549,-1,550,549,551,-1,551,549,552,-1,551,552,553,-1,547,549,554,-1,554,549,550,-1,554,550,555,-1,555,550,556,-1,555,556,557,-1,558,559,560,-1,557,556,560,-1,560,556,561,-1,560,561,558,-1,532,534,553,-1,553,534,551,-1,538,537,547,-1,547,537,548,-1,539,538,554,-1,554,538,547,-1,540,539,555,-1,555,539,554,-1,540,555,557,-1,540,557,542,-1,542,557,560,-1,542,560,543,-1,543,560,559,-1,543,559,544,-1,544,559,558,-1,544,558,545,-1,545,558,561,-1,545,561,546,-1,546,561,556,-1,546,556,541,-1,536,541,550,-1,550,541,556,-1,534,536,551,-1,551,536,550,-1,562,563,564,-1,564,563,565,-1,564,565,566,-1,567,568,565,-1,565,568,569,-1,565,569,566,-1,566,569,570,-1,566,570,571,-1,571,570,572,-1,571,572,573,-1,574,575,573,-1,573,575,576,-1,573,576,571,-1,577,578,579,-1,580,579,581,-1,581,579,582,-1,581,582,583,-1,577,579,584,-1,584,579,580,-1,584,580,585,-1,585,580,586,-1,585,586,587,-1,588,589,590,-1,587,586,590,-1,590,586,591,-1,590,591,588,-1,562,564,583,-1,583,564,581,-1,568,567,577,-1,577,567,578,-1,569,568,584,-1,584,568,577,-1,570,569,585,-1,585,569,584,-1,570,585,587,-1,570,587,572,-1,572,587,590,-1,572,590,573,-1,573,590,589,-1,573,589,574,-1,574,589,588,-1,574,588,575,-1,575,588,591,-1,575,591,576,-1,576,591,586,-1,576,586,571,-1,566,571,580,-1,580,571,586,-1,564,566,581,-1,581,566,580,-1,592,593,594,-1,594,593,595,-1,594,595,596,-1,597,598,595,-1,595,598,599,-1,595,599,596,-1,596,599,600,-1,596,600,601,-1,601,600,602,-1,601,602,603,-1,604,605,603,-1,603,605,606,-1,603,606,601,-1,607,608,609,-1,610,609,611,-1,611,609,612,-1,611,612,613,-1,607,609,614,-1,614,609,610,-1,614,610,615,-1,615,610,616,-1,615,616,617,-1,618,619,620,-1,617,616,620,-1,620,616,621,-1,620,621,618,-1,592,594,613,-1,613,594,611,-1,598,597,607,-1,607,597,608,-1,599,598,614,-1,614,598,607,-1,600,599,615,-1,615,599,614,-1,600,615,617,-1,600,617,602,-1,602,617,620,-1,602,620,603,-1,603,620,619,-1,603,619,604,-1,604,619,618,-1,604,618,605,-1,605,618,621,-1,605,621,606,-1,606,621,616,-1,606,616,601,-1,596,601,610,-1,610,601,616,-1,594,596,611,-1,611,596,610,-1,622,623,624,-1,624,623,625,-1,624,625,626,-1,627,628,625,-1,625,628,629,-1,625,629,626,-1,626,629,630,-1,626,630,631,-1,631,630,632,-1,631,632,633,-1,634,635,633,-1,633,635,636,-1,633,636,631,-1,637,638,639,-1,640,639,641,-1,641,639,642,-1,641,642,643,-1,637,639,644,-1,644,639,640,-1,644,640,645,-1,645,640,646,-1,645,646,647,-1,648,649,650,-1,647,646,650,-1,650,646,651,-1,650,651,648,-1,622,624,643,-1,643,624,641,-1,628,627,637,-1,637,627,638,-1,629,628,644,-1,644,628,637,-1,630,629,645,-1,645,629,644,-1,630,645,647,-1,630,647,632,-1,632,647,650,-1,632,650,633,-1,633,650,649,-1,633,649,634,-1,634,649,648,-1,634,648,635,-1,635,648,651,-1,635,651,636,-1,636,651,646,-1,636,646,631,-1,626,631,640,-1,640,631,646,-1,624,626,641,-1,641,626,640,-1,652,653,654,-1,654,653,655,-1,654,655,656,-1,657,658,655,-1,655,658,659,-1,655,659,656,-1,656,659,660,-1,656,660,661,-1,661,660,662,-1,661,662,663,-1,664,665,663,-1,663,665,666,-1,663,666,661,-1,667,668,669,-1,670,669,671,-1,671,669,672,-1,671,672,673,-1,667,669,674,-1,674,669,670,-1,674,670,675,-1,675,670,676,-1,675,676,677,-1,678,679,680,-1,677,676,680,-1,680,676,681,-1,680,681,678,-1,652,654,673,-1,673,654,671,-1,658,657,667,-1,667,657,668,-1,659,658,674,-1,674,658,667,-1,660,659,675,-1,675,659,674,-1,660,675,677,-1,660,677,662,-1,662,677,680,-1,662,680,663,-1,663,680,679,-1,663,679,664,-1,664,679,678,-1,664,678,665,-1,665,678,681,-1,665,681,666,-1,666,681,676,-1,666,676,661,-1,656,661,670,-1,670,661,676,-1,654,656,671,-1,671,656,670,-1,682,683,684,-1,684,683,685,-1,684,685,686,-1,687,688,685,-1,685,688,689,-1,685,689,686,-1,686,689,690,-1,686,690,691,-1,691,690,692,-1,691,692,693,-1,694,695,693,-1,693,695,696,-1,693,696,691,-1,697,698,699,-1,700,699,701,-1,701,699,702,-1,701,702,703,-1,697,699,704,-1,704,699,700,-1,704,700,705,-1,705,700,706,-1,705,706,707,-1,708,709,710,-1,707,706,710,-1,710,706,711,-1,710,711,708,-1,682,684,703,-1,703,684,701,-1,688,687,697,-1,697,687,698,-1,689,688,704,-1,704,688,697,-1,690,689,705,-1,705,689,704,-1,690,705,707,-1,690,707,692,-1,692,707,710,-1,692,710,693,-1,693,710,709,-1,693,709,694,-1,694,709,708,-1,694,708,695,-1,695,708,711,-1,695,711,696,-1,696,711,706,-1,696,706,691,-1,686,691,700,-1,700,691,706,-1,684,686,701,-1,701,686,700,-1,712,713,714,-1,714,713,715,-1,714,715,716,-1,717,718,715,-1,715,718,719,-1,715,719,716,-1,716,719,720,-1,716,720,721,-1,721,720,722,-1,721,722,723,-1,724,725,723,-1,723,725,726,-1,723,726,721,-1,727,728,729,-1,730,729,731,-1,731,729,732,-1,731,732,733,-1,727,729,734,-1,734,729,730,-1,734,730,735,-1,735,730,736,-1,735,736,737,-1,738,739,740,-1,737,736,740,-1,740,736,741,-1,740,741,738,-1,712,714,733,-1,733,714,731,-1,718,717,727,-1,727,717,728,-1,719,718,734,-1,734,718,727,-1,720,719,735,-1,735,719,734,-1,720,735,737,-1,720,737,722,-1,722,737,740,-1,722,740,723,-1,723,740,739,-1,723,739,724,-1,724,739,738,-1,724,738,725,-1,725,738,741,-1,725,741,726,-1,726,741,736,-1,726,736,721,-1,716,721,730,-1,730,721,736,-1,714,716,731,-1,731,716,730,-1,742,743,744,-1,744,743,745,-1,744,745,746,-1,747,748,745,-1,745,748,749,-1,745,749,746,-1,746,749,750,-1,746,750,751,-1,751,750,752,-1,751,752,753,-1,754,755,753,-1,753,755,756,-1,753,756,751,-1,757,758,759,-1,760,759,761,-1,761,759,762,-1,761,762,763,-1,757,759,764,-1,764,759,760,-1,764,760,765,-1,765,760,766,-1,765,766,767,-1,768,769,770,-1,767,766,770,-1,770,766,771,-1,770,771,768,-1,742,744,763,-1,763,744,761,-1,748,747,757,-1,757,747,758,-1,749,748,764,-1,764,748,757,-1,750,749,765,-1,765,749,764,-1,750,765,767,-1,750,767,752,-1,752,767,770,-1,752,770,753,-1,753,770,769,-1,753,769,754,-1,754,769,768,-1,754,768,755,-1,755,768,771,-1,755,771,756,-1,756,771,766,-1,756,766,751,-1,746,751,760,-1,760,751,766,-1,744,746,761,-1,761,746,760,-1,772,773,774,-1,774,773,775,-1,774,775,776,-1,777,778,775,-1,775,778,779,-1,775,779,776,-1,776,779,780,-1,776,780,781,-1,781,780,782,-1,781,782,783,-1,784,785,783,-1,783,785,786,-1,783,786,781,-1,787,788,789,-1,790,789,791,-1,791,789,792,-1,791,792,793,-1,787,789,794,-1,794,789,790,-1,794,790,795,-1,795,790,796,-1,795,796,797,-1,798,799,800,-1,797,796,800,-1,800,796,801,-1,800,801,798,-1,772,774,793,-1,793,774,791,-1,778,777,787,-1,787,777,788,-1,779,778,794,-1,794,778,787,-1,780,779,795,-1,795,779,794,-1,780,795,797,-1,780,797,782,-1,782,797,800,-1,782,800,783,-1,783,800,799,-1,783,799,784,-1,784,799,798,-1,784,798,785,-1,785,798,801,-1,785,801,786,-1,786,801,796,-1,786,796,781,-1,776,781,790,-1,790,781,796,-1,774,776,791,-1,791,776,790,-1,802,803,804,-1,804,803,805,-1,804,805,806,-1,807,808,805,-1,805,808,809,-1,805,809,806,-1,806,809,810,-1,806,810,811,-1,811,810,812,-1,811,812,813,-1,814,815,813,-1,813,815,816,-1,813,816,811,-1,817,818,819,-1,820,819,821,-1,821,819,822,-1,821,822,823,-1,817,819,824,-1,824,819,820,-1,824,820,825,-1,825,820,826,-1,825,826,827,-1,828,829,830,-1,827,826,830,-1,830,826,831,-1,830,831,828,-1,802,804,823,-1,823,804,821,-1,808,807,817,-1,817,807,818,-1,809,808,824,-1,824,808,817,-1,810,809,825,-1,825,809,824,-1,810,825,827,-1,810,827,812,-1,812,827,830,-1,812,830,813,-1,813,830,829,-1,813,829,814,-1,814,829,828,-1,814,828,815,-1,815,828,831,-1,815,831,816,-1,816,831,826,-1,816,826,811,-1,806,811,820,-1,820,811,826,-1,804,806,821,-1,821,806,820,-1,832,833,834,-1,834,833,835,-1,834,835,836,-1,837,838,835,-1,835,838,839,-1,835,839,836,-1,836,839,840,-1,836,840,841,-1,841,840,842,-1,841,842,843,-1,844,845,843,-1,843,845,846,-1,843,846,841,-1,847,848,849,-1,850,849,851,-1,851,849,852,-1,851,852,853,-1,847,849,854,-1,854,849,850,-1,854,850,855,-1,855,850,856,-1,855,856,857,-1,858,859,860,-1,857,856,860,-1,860,856,861,-1,860,861,858,-1,832,834,853,-1,853,834,851,-1,838,837,847,-1,847,837,848,-1,839,838,854,-1,854,838,847,-1,840,839,855,-1,855,839,854,-1,840,855,857,-1,840,857,842,-1,842,857,860,-1,842,860,843,-1,843,860,859,-1,843,859,844,-1,844,859,858,-1,844,858,845,-1,845,858,861,-1,845,861,846,-1,846,861,856,-1,846,856,841,-1,836,841,850,-1,850,841,856,-1,834,836,851,-1,851,836,850,-1,862,863,864,-1,864,863,865,-1,864,865,866,-1,867,868,865,-1,865,868,869,-1,865,869,866,-1,866,869,870,-1,866,870,871,-1,871,870,872,-1,871,872,873,-1,874,875,873,-1,873,875,876,-1,873,876,871,-1,877,878,879,-1,880,879,881,-1,881,879,882,-1,881,882,883,-1,877,879,884,-1,884,879,880,-1,884,880,885,-1,885,880,886,-1,885,886,887,-1,888,889,890,-1,887,886,890,-1,890,886,891,-1,890,891,888,-1,862,864,883,-1,883,864,881,-1,868,867,877,-1,877,867,878,-1,869,868,884,-1,884,868,877,-1,870,869,885,-1,885,869,884,-1,870,885,887,-1,870,887,872,-1,872,887,890,-1,872,890,873,-1,873,890,889,-1,873,889,874,-1,874,889,888,-1,874,888,875,-1,875,888,891,-1,875,891,876,-1,876,891,886,-1,876,886,871,-1,866,871,880,-1,880,871,886,-1,864,866,881,-1,881,866,880,-1,
        ]
    }
}
Shape{
    appearance Appearance {
        material  Material 	{
            diffuseColor 0.5882352941176471 0.5725490196078431 0.5254901960784314
            specularColor 0.043137254901960784 0.0392156862745098 0.0392156862745098
            ambientIntensity 0.8167
            transparency 0.0
            shininess 0.5
        }
    }
    geometry IndexedFaceSet {
        ccw TRUE
        solid FALSE
        coord DEF co Coordinate {
            point [
                3.1496 -1.3709 0.248, 3.1496 -1.3709 0.0906, 3.1496 0.1843 0.248, 3.1496 0.3811 0.0906, 3.1496 0.1843 0.3937, 3.1496 0.3811 0.3937, -3.1496 0.1843 0.3937, -3.1496 0.3811 0.3937, -3.1496 0.1843 0.248, -3.1496 0.3811 0.0906, -3.1496 -1.3709 0.248, -3.1496 -1.3709 0.0906, -3.2283 -1.3709 0.248, -3.2283 0.1843 0.248
            ]
        }
        coordIndex [
            0,1,2,-1,2,1,3,-1,2,3,4,-1,4,3,5,-1,6,7,8,-1,8,7,9,-1,8,9,10,-1,10,9,11,-1,10,12,8,-1,8,12,13,-1,
        ]
    }
}
Shape{
    appearance Appearance {
        material  Material 	{
            diffuseColor 0.20784313725490197 0.20784313725490197 0.20784313725490197
            specularColor 0.01568627450980392 0.01568627450980392 0.01568627450980392
            ambientIntensity 0.298
            transparency 0.0
            shininess 0.5
        }
    }
    geometry IndexedFaceSet {
        ccw TRUE
        solid FALSE
        coord DEF co Coordinate {
            point [
                1.4409 -1.6858 0.6496, 2.5197 -1.6858 0.6496, 2.5197 -1.7252 0.6496, -2.5197 -1.7252 0.6496, -2.5197 -1.6858 0.6496, -1.4409 -1.6858 0.6496, -1.246 -1.548 0.6496, 1.246 -1.548 0.6496, -1.4387 -1.3709 0.3937, -1.8841 -1.6858 0.3937, -2.5157 -1.3709 0.3937, -2.5197 -1.6858 0.3937, -2.5197 -1.3709 0.3937, 1.8841 -1.6858 0.3937, 2.5197 -1.6858 0.3937, -1.3023 -1.3709 0.4724, 1.3023 -1.3709 0.4724, 1.4387 -1.3709 0.3937
            ]
        }
        coordIndex [
            0,1,2,-1,3,4,5,-1,6,7,5,-1,5,7,0,-1,5,0,3,-1,3,0,2,-1,8,9,10,-1,10,9,11,-1,10,11,12,-1,13,14,0,-1,0,14,1,-1,15,6,8,-1,8,6,5,-1,8,5,9,-1,16,7,15,-1,15,7,6,-1,7,16,0,-1,0,16,17,-1,0,17,13,-1,
        ]
    }
}
Shape{
    appearance Appearance {
        material  Material 	{
            diffuseColor 0.5882352941176471 0.5725490196078431 0.5254901960784314
            specularColor 0.043137254901960784 0.0392156862745098 0.0392156862745098
            ambientIntensity 0.8167
            transparency 0.0
            shininess 0.5
        }
    }
    geometry IndexedFaceSet {
        ccw TRUE
        solid FALSE
        coord DEF co Coordinate {
            point [
                -1.4387 -1.3709 0.3937, -2.5157 -1.3709 0.3937, -1.3023 -1.3709 0.4724, -2.5157 -1.3709 0.5827, 1.3023 -1.3709 0.4724, 2.5157 -1.3709 0.5827, 1.4387 -1.3709 0.3937, 2.5157 -1.3709 0.3937, 2.5157 -0.1898 0.5827, 2.5157 -0.1898 0.189, 2.5157 -1.3709 0.189, 2.3071 -1.3709 0.189, 2.3071 -0.1898 0.189, -2.5157 -1.3709 0.189, -2.5157 -0.1898 0.189, -2.5157 -0.1898 0.5827, 2.3031 -0.1898 0.1299, 2.3071 -0.1898 0.1299, 2.3031 -0.1898 0.5827, 2.2205 -0.1898 0.1299, 2.2205 -0.1898 0.189, 2.2205 -1.3709 0.1299, 2.2205 -1.3709 0.189, 2.3071 -1.3709 0.1299, -2.3071 -0.1898 0.1299, -2.3071 -0.1898 0.189, -2.3071 -1.3709 0.1299, -2.3071 -1.3709 0.189, -2.2205 -0.1898 0.189, -2.2205 -0.1898 0.1299, -2.2205 -1.3709 0.189, -2.2205 -1.3709 0.1299, -2.1102 -0.1898 0.1299, -2.1102 -0.1898 0.189, -2.1102 -1.3709 0.1299, -2.1102 -1.3709 0.189, -2.0236 -0.1898 0.189, -2.0236 -0.1898 0.1299, -2.0236 -1.3709 0.189, -2.0236 -1.3709 0.1299, -1.9134 -0.1898 0.1299, -1.9134 -0.1898 0.189, -1.9134 -1.3709 0.1299, -1.9134 -1.3709 0.189, -1.8268 -0.1898 0.189, -1.8268 -0.1898 0.1299, -1.8268 -1.3709 0.189, -1.8268 -1.3709 0.1299, -1.7165 -0.1898 0.1299, -1.7165 -0.1898 0.189, -1.7165 -1.3709 0.1299, -1.7165 -1.3709 0.189, -1.6299 -0.1898 0.189, -1.6299 -0.1898 0.1299, -1.6299 -1.3709 0.189, -1.6299 -1.3709 0.1299, -1.5197 -0.1898 0.1299, -1.5197 -0.1898 0.189, -1.5197 -1.3709 0.1299, -1.5197 -1.3709 0.189, -1.4331 -0.1898 0.189, -1.4331 -0.1898 0.1299, -1.4331 -1.3709 0.189, -1.4331 -1.3709 0.1299, -1.3228 -0.1898 0.1299, -1.3228 -0.1898 0.189, -1.3228 -1.3709 0.1299, -1.3228 -1.3709 0.189, -1.2362 -0.1898 0.189, -1.2362 -0.1898 0.1299, -1.2362 -1.3709 0.189, -1.2362 -1.3709 0.1299, -1.126 -0.1898 0.1299, -1.126 -0.1898 0.189, -1.126 -1.3709 0.1299, -1.126 -1.3709 0.189, -1.0394 -0.1898 0.189, -1.0394 -0.1898 0.1299, -1.0394 -1.3709 0.189, -1.0394 -1.3709 0.1299, -0.9291 -0.1898 0.1299, -0.9291 -0.1898 0.189, -0.9291 -1.3709 0.1299, -0.9291 -1.3709 0.189, -0.8425 -0.1898 0.189, -0.8425 -0.1898 0.1299, -0.8425 -1.3709 0.189, -0.8425 -1.3709 0.1299, -0.7323 -0.1898 0.1299, -0.7323 -0.1898 0.189, -0.7323 -1.3709 0.1299, -0.7323 -1.3709 0.189, -0.6457 -0.1898 0.189, -0.6457 -0.1898 0.1299, -0.6457 -1.3709 0.189, -0.6457 -1.3709 0.1299, -0.5354 -0.1898 0.1299, -0.5354 -0.1898 0.189, -0.5354 -1.3709 0.1299, -0.5354 -1.3709 0.189, -0.4488 -0.1898 0.189, -0.4488 -0.1898 0.1299, -0.4488 -1.3709 0.189, -0.4488 -1.3709 0.1299, -0.3386 -0.1898 0.1299, -0.3386 -0.1898 0.189, -0.3386 -1.3709 0.1299, -0.3386 -1.3709 0.189, -0.252 -0.1898 0.189, -0.252 -0.1898 0.1299, -0.252 -1.3709 0.189, -0.252 -1.3709 0.1299, -0.1417 -0.1898 0.1299, -0.1417 -0.1898 0.189, -0.1417 -1.3709 0.1299, -0.1417 -1.3709 0.189, -0.0551 -0.1898 0.189, -0.0551 -0.1898 0.1299, -0.0551 -1.3709 0.189, -0.0551 -1.3709 0.1299, 0.0551 -0.1898 0.1299, 0.0551 -0.1898 0.189, 0.0551 -1.3709 0.1299, 0.0551 -1.3709 0.189, 0.1417 -0.1898 0.189, 0.1417 -0.1898 0.1299, 0.1417 -1.3709 0.189, 0.1417 -1.3709 0.1299, 0.252 -0.1898 0.1299, 0.252 -0.1898 0.189, 0.252 -1.3709 0.1299, 0.252 -1.3709 0.189, 0.3386 -0.1898 0.189, 0.3386 -0.1898 0.1299, 0.3386 -1.3709 0.189, 0.3386 -1.3709 0.1299, 0.4488 -0.1898 0.1299, 0.4488 -0.1898 0.189, 0.4488 -1.3709 0.1299, 0.4488 -1.3709 0.189, 0.5354 -0.1898 0.189, 0.5354 -0.1898 0.1299, 0.5354 -1.3709 0.189, 0.5354 -1.3709 0.1299, 0.6457 -0.1898 0.1299, 0.6457 -0.1898 0.189, 0.6457 -1.3709 0.1299, 0.6457 -1.3709 0.189, 0.7323 -0.1898 0.189, 0.7323 -0.1898 0.1299, 0.7323 -1.3709 0.189, 0.7323 -1.3709 0.1299, 0.8425 -0.1898 0.1299, 0.8425 -0.1898 0.189, 0.8425 -1.3709 0.1299, 0.8425 -1.3709 0.189, 0.9291 -0.1898 0.189, 0.9291 -0.1898 0.1299, 0.9291 -1.3709 0.189, 0.9291 -1.3709 0.1299, 1.0394 -0.1898 0.1299, 1.0394 -0.1898 0.189, 1.0394 -1.3709 0.1299, 1.0394 -1.3709 0.189, 1.126 -0.1898 0.189, 1.126 -0.1898 0.1299, 1.126 -1.3709 0.189, 1.126 -1.3709 0.1299, 1.2362 -0.1898 0.1299, 1.2362 -0.1898 0.189, 1.2362 -1.3709 0.1299, 1.2362 -1.3709 0.189, 1.3228 -0.1898 0.189, 1.3228 -0.1898 0.1299, 1.3228 -1.3709 0.189, 1.3228 -1.3709 0.1299, 1.4331 -0.1898 0.1299, 1.4331 -0.1898 0.189, 1.4331 -1.3709 0.1299, 1.4331 -1.3709 0.189, 1.5197 -0.1898 0.189, 1.5197 -0.1898 0.1299, 1.5197 -1.3709 0.189, 1.5197 -1.3709 0.1299, 1.6299 -0.1898 0.1299, 1.6299 -0.1898 0.189, 1.6299 -1.3709 0.1299, 1.6299 -1.3709 0.189, 1.7165 -0.1898 0.189, 1.7165 -0.1898 0.1299, 1.7165 -1.3709 0.189, 1.7165 -1.3709 0.1299, 1.8268 -0.1898 0.1299, 1.8268 -0.1898 0.189, 1.8268 -1.3709 0.1299, 1.8268 -1.3709 0.189, 1.9134 -0.1898 0.189, 1.9134 -0.1898 0.1299, 1.9134 -1.3709 0.189, 1.9134 -1.3709 0.1299, 2.0236 -0.1898 0.1299, 2.0236 -0.1898 0.189, 2.0236 -1.3709 0.1299, 2.0236 -1.3709 0.189, 2.1102 -0.1898 0.189, 2.1102 -0.1898 0.1299, 2.1102 -1.3709 0.189, 2.1102 -1.3709 0.1299
            ]
        }
        coordIndex [
            0,1,2,-1,2,1,3,-1,2,3,4,-1,4,3,5,-1,4,5,6,-1,6,5,7,-1,5,8,7,-1,7,8,9,-1,7,9,10,-1,11,10,12,-1,12,10,9,-1,13,14,1,-1,1,14,15,-1,1,15,3,-1,16,17,12,-1,9,8,12,-1,12,8,18,-1,12,18,16,-1,19,20,21,-1,21,20,22,-1,12,17,11,-1,11,17,23,-1,24,25,26,-1,26,25,27,-1,28,29,30,-1,30,29,31,-1,32,33,34,-1,34,33,35,-1,36,37,38,-1,38,37,39,-1,40,41,42,-1,42,41,43,-1,44,45,46,-1,46,45,47,-1,48,49,50,-1,50,49,51,-1,52,53,54,-1,54,53,55,-1,56,57,58,-1,58,57,59,-1,60,61,62,-1,62,61,63,-1,64,65,66,-1,66,65,67,-1,68,69,70,-1,70,69,71,-1,72,73,74,-1,74,73,75,-1,76,77,78,-1,78,77,79,-1,80,81,82,-1,82,81,83,-1,84,85,86,-1,86,85,87,-1,88,89,90,-1,90,89,91,-1,92,93,94,-1,94,93,95,-1,96,97,98,-1,98,97,99,-1,100,101,102,-1,102,101,103,-1,104,105,106,-1,106,105,107,-1,108,109,110,-1,110,109,111,-1,112,113,114,-1,114,113,115,-1,116,117,118,-1,118,117,119,-1,120,121,122,-1,122,121,123,-1,124,125,126,-1,126,125,127,-1,128,129,130,-1,130,129,131,-1,132,133,134,-1,134,133,135,-1,136,137,138,-1,138,137,139,-1,140,141,142,-1,142,141,143,-1,144,145,146,-1,146,145,147,-1,148,149,150,-1,150,149,151,-1,152,153,154,-1,154,153,155,-1,156,157,158,-1,158,157,159,-1,160,161,162,-1,162,161,163,-1,164,165,166,-1,166,165,167,-1,168,169,170,-1,170,169,171,-1,172,173,174,-1,174,173,175,-1,176,177,178,-1,178,177,179,-1,180,181,182,-1,182,181,183,-1,184,185,186,-1,186,185,187,-1,188,189,190,-1,190,189,191,-1,192,193,194,-1,194,193,195,-1,196,197,198,-1,198,197,199,-1,200,201,202,-1,202,201,203,-1,204,205,206,-1,206,205,207,-1,
        ]
    }
}
Shape{
    appearance Appearance {
        material  Material 	{
            diffuseColor 0.6666666666666666 0.6666666666666666 0.6666666666666666
            specularColor 0.4666666666666667 0.4666666666666667 0.4666666666666667
            ambientIntensity 0.6667
            transparency 0.0
            shininess 0.5
        }
    }
    geometry IndexedFaceSet {
        ccw TRUE
        solid FALSE
        coord DEF co Coordinate {
            point [
                2.2244 -0.1937 0.5827, 2.2244 -0.1937 0.2087, 2.3031 -0.1937 0.5827, 2.3031 -0.1937 0.2087, 2.2244 -1.2205 0.2049, 2.2244 -0.9967 0.31, 2.2244 -1.0705 0.2087, 2.2244 -0.1898 0.5827, 2.2244 -0.1898 0.1299, 2.2244 -1.2037 0.1299, 2.2244 -1.2133 0.1311, 2.2244 -1.2223 0.1346, 2.2244 -1.2302 0.1401, 2.2244 -1.2365 0.1475, 2.2244 -1.2408 0.1561, 2.2244 -1.2429 0.1655, 2.2244 -1.2427 0.1751, 2.2244 -1.2401 0.1844, 2.2244 -1.2286 0.1998, 2.2244 -1.2353 0.1928, 2.3031 -0.1898 0.5827, 2.3031 -1.2223 0.1346, 2.3031 -1.2133 0.1311, 2.3031 -1.0705 0.2087, 2.3031 -1.2037 0.1299, 2.3031 -0.1898 0.1299, 2.3031 -1.2427 0.1751, 2.3031 -1.2205 0.2049, 2.3031 -1.2401 0.1844, 2.3031 -1.2286 0.1998, 2.3031 -1.2353 0.1928, 2.3031 -1.2429 0.1655, 2.3031 -1.2408 0.1561, 2.3031 -1.2365 0.1475, 2.3031 -0.9967 0.31, 2.3031 -1.2302 0.1401, 2.0276 -0.1937 0.5827, 2.0276 -0.1937 0.2087, 2.1063 -0.1937 0.5827, 2.1063 -0.1937 0.2087, 2.0276 -1.2205 0.2049, 2.0276 -0.9967 0.31, 2.0276 -1.0705 0.2087, 2.0276 -0.1898 0.5827, 2.0276 -0.1898 0.1299, 2.0276 -1.2037 0.1299, 2.0276 -1.2133 0.1311, 2.0276 -1.2223 0.1346, 2.0276 -1.2302 0.1401, 2.0276 -1.2365 0.1475, 2.0276 -1.2408 0.1561, 2.0276 -1.2429 0.1655, 2.0276 -1.2427 0.1751, 2.0276 -1.2401 0.1844, 2.0276 -1.2286 0.1998, 2.0276 -1.2353 0.1928, 2.1063 -0.1898 0.5827, 2.1063 -1.2223 0.1346, 2.1063 -1.2133 0.1311, 2.1063 -1.0705 0.2087, 2.1063 -1.2037 0.1299, 2.1063 -0.1898 0.1299, 2.1063 -1.2427 0.1751, 2.1063 -1.2205 0.2049, 2.1063 -1.2401 0.1844, 2.1063 -1.2286 0.1998, 2.1063 -1.2353 0.1928, 2.1063 -1.2429 0.1655, 2.1063 -1.2408 0.1561, 2.1063 -1.2365 0.1475, 2.1063 -0.9967 0.31, 2.1063 -1.2302 0.1401, 1.8307 -0.1937 0.5827, 1.8307 -0.1937 0.2087, 1.9094 -0.1937 0.5827, 1.9094 -0.1937 0.2087, 1.8307 -1.2205 0.2049, 1.8307 -0.9967 0.31, 1.8307 -1.0705 0.2087, 1.8307 -0.1898 0.5827, 1.8307 -0.1898 0.1299, 1.8307 -1.2037 0.1299, 1.8307 -1.2133 0.1311, 1.8307 -1.2223 0.1346, 1.8307 -1.2302 0.1401, 1.8307 -1.2365 0.1475, 1.8307 -1.2408 0.1561, 1.8307 -1.2429 0.1655, 1.8307 -1.2427 0.1751, 1.8307 -1.2401 0.1844, 1.8307 -1.2286 0.1998, 1.8307 -1.2353 0.1928, 1.9094 -0.1898 0.5827, 1.9094 -1.2223 0.1346, 1.9094 -1.2133 0.1311, 1.9094 -1.0705 0.2087, 1.9094 -1.2037 0.1299, 1.9094 -0.1898 0.1299, 1.9094 -1.2427 0.1751, 1.9094 -1.2205 0.2049, 1.9094 -1.2401 0.1844, 1.9094 -1.2286 0.1998, 1.9094 -1.2353 0.1928, 1.9094 -1.2429 0.1655, 1.9094 -1.2408 0.1561, 1.9094 -1.2365 0.1475, 1.9094 -0.9967 0.31, 1.9094 -1.2302 0.1401, 1.6339 -0.1937 0.5827, 1.6339 -0.1937 0.2087, 1.7126 -0.1937 0.5827, 1.7126 -0.1937 0.2087, 1.6339 -1.2205 0.2049, 1.6339 -0.9967 0.31, 1.6339 -1.0705 0.2087, 1.6339 -0.1898 0.5827, 1.6339 -0.1898 0.1299, 1.6339 -1.2037 0.1299, 1.6339 -1.2133 0.1311, 1.6339 -1.2223 0.1346, 1.6339 -1.2302 0.1401, 1.6339 -1.2365 0.1475, 1.6339 -1.2408 0.1561, 1.6339 -1.2429 0.1655, 1.6339 -1.2427 0.1751, 1.6339 -1.2401 0.1844, 1.6339 -1.2286 0.1998, 1.6339 -1.2353 0.1928, 1.7126 -0.1898 0.5827, 1.7126 -1.2223 0.1346, 1.7126 -1.2133 0.1311, 1.7126 -1.0705 0.2087, 1.7126 -1.2037 0.1299, 1.7126 -0.1898 0.1299, 1.7126 -1.2427 0.1751, 1.7126 -1.2205 0.2049, 1.7126 -1.2401 0.1844, 1.7126 -1.2286 0.1998, 1.7126 -1.2353 0.1928, 1.7126 -1.2429 0.1655, 1.7126 -1.2408 0.1561, 1.7126 -1.2365 0.1475, 1.7126 -0.9967 0.31, 1.7126 -1.2302 0.1401, 1.437 -0.1937 0.5827, 1.437 -0.1937 0.2087, 1.5157 -0.1937 0.5827, 1.5157 -0.1937 0.2087, 1.437 -1.2205 0.2049, 1.437 -0.9967 0.31, 1.437 -1.0705 0.2087, 1.437 -0.1898 0.5827, 1.437 -0.1898 0.1299, 1.437 -1.2037 0.1299, 1.437 -1.2133 0.1311, 1.437 -1.2223 0.1346, 1.437 -1.2302 0.1401, 1.437 -1.2365 0.1475, 1.437 -1.2408 0.1561, 1.437 -1.2429 0.1655, 1.437 -1.2427 0.1751, 1.437 -1.2401 0.1844, 1.437 -1.2286 0.1998, 1.437 -1.2353 0.1928, 1.5157 -0.1898 0.5827, 1.5157 -1.2223 0.1346, 1.5157 -1.2133 0.1311, 1.5157 -1.0705 0.2087, 1.5157 -1.2037 0.1299, 1.5157 -0.1898 0.1299, 1.5157 -1.2427 0.1751, 1.5157 -1.2205 0.2049, 1.5157 -1.2401 0.1844, 1.5157 -1.2286 0.1998, 1.5157 -1.2353 0.1928, 1.5157 -1.2429 0.1655, 1.5157 -1.2408 0.1561, 1.5157 -1.2365 0.1475, 1.5157 -0.9967 0.31, 1.5157 -1.2302 0.1401, 1.2402 -0.1937 0.5827, 1.2402 -0.1937 0.2087, 1.3189 -0.1937 0.5827, 1.3189 -0.1937 0.2087, 1.2402 -1.2205 0.2049, 1.2402 -0.9967 0.31, 1.2402 -1.0705 0.2087, 1.2402 -0.1898 0.5827, 1.2402 -0.1898 0.1299, 1.2402 -1.2037 0.1299, 1.2402 -1.2133 0.1311, 1.2402 -1.2223 0.1346, 1.2402 -1.2302 0.1401, 1.2402 -1.2365 0.1475, 1.2402 -1.2408 0.1561, 1.2402 -1.2429 0.1655, 1.2402 -1.2427 0.1751, 1.2402 -1.2401 0.1844, 1.2402 -1.2286 0.1998, 1.2402 -1.2353 0.1928, 1.3189 -0.1898 0.5827, 1.3189 -1.2223 0.1346, 1.3189 -1.2133 0.1311, 1.3189 -1.0705 0.2087, 1.3189 -1.2037 0.1299, 1.3189 -0.1898 0.1299, 1.3189 -1.2427 0.1751, 1.3189 -1.2205 0.2049, 1.3189 -1.2401 0.1844, 1.3189 -1.2286 0.1998, 1.3189 -1.2353 0.1928, 1.3189 -1.2429 0.1655, 1.3189 -1.2408 0.1561, 1.3189 -1.2365 0.1475, 1.3189 -0.9967 0.31, 1.3189 -1.2302 0.1401, 1.0433 -0.1937 0.5827, 1.0433 -0.1937 0.2087, 1.122 -0.1937 0.5827, 1.122 -0.1937 0.2087, 1.0433 -1.2205 0.2049, 1.0433 -0.9967 0.31, 1.0433 -1.0705 0.2087, 1.0433 -0.1898 0.5827, 1.0433 -0.1898 0.1299, 1.0433 -1.2037 0.1299, 1.0433 -1.2133 0.1311, 1.0433 -1.2223 0.1346, 1.0433 -1.2302 0.1401, 1.0433 -1.2365 0.1475, 1.0433 -1.2408 0.1561, 1.0433 -1.2429 0.1655, 1.0433 -1.2427 0.1751, 1.0433 -1.2401 0.1844, 1.0433 -1.2286 0.1998, 1.0433 -1.2353 0.1928, 1.122 -0.1898 0.5827, 1.122 -1.2223 0.1346, 1.122 -1.2133 0.1311, 1.122 -1.0705 0.2087, 1.122 -1.2037 0.1299, 1.122 -0.1898 0.1299, 1.122 -1.2427 0.1751, 1.122 -1.2205 0.2049, 1.122 -1.2401 0.1844, 1.122 -1.2286 0.1998, 1.122 -1.2353 0.1928, 1.122 -1.2429 0.1655, 1.122 -1.2408 0.1561, 1.122 -1.2365 0.1475, 1.122 -0.9967 0.31, 1.122 -1.2302 0.1401, 0.8465 -0.1937 0.5827, 0.8465 -0.1937 0.2087, 0.9252 -0.1937 0.5827, 0.9252 -0.1937 0.2087, 0.8465 -1.2205 0.2049, 0.8465 -0.9967 0.31, 0.8465 -1.0705 0.2087, 0.8465 -0.1898 0.5827, 0.8465 -0.1898 0.1299, 0.8465 -1.2037 0.1299, 0.8465 -1.2133 0.1311, 0.8465 -1.2223 0.1346, 0.8465 -1.2302 0.1401, 0.8465 -1.2365 0.1475, 0.8465 -1.2408 0.1561, 0.8465 -1.2429 0.1655, 0.8465 -1.2427 0.1751, 0.8465 -1.2401 0.1844, 0.8465 -1.2286 0.1998, 0.8465 -1.2353 0.1928, 0.9252 -0.1898 0.5827, 0.9252 -1.2223 0.1346, 0.9252 -1.2133 0.1311, 0.9252 -1.0705 0.2087, 0.9252 -1.2037 0.1299, 0.9252 -0.1898 0.1299, 0.9252 -1.2427 0.1751, 0.9252 -1.2205 0.2049, 0.9252 -1.2401 0.1844, 0.9252 -1.2286 0.1998, 0.9252 -1.2353 0.1928, 0.9252 -1.2429 0.1655, 0.9252 -1.2408 0.1561, 0.9252 -1.2365 0.1475, 0.9252 -0.9967 0.31, 0.9252 -1.2302 0.1401, 0.6496 -0.1937 0.5827, 0.6496 -0.1937 0.2087, 0.7283 -0.1937 0.5827, 0.7283 -0.1937 0.2087, 0.6496 -1.2205 0.2049, 0.6496 -0.9967 0.31, 0.6496 -1.0705 0.2087, 0.6496 -0.1898 0.5827, 0.6496 -0.1898 0.1299, 0.6496 -1.2037 0.1299, 0.6496 -1.2133 0.1311, 0.6496 -1.2223 0.1346, 0.6496 -1.2302 0.1401, 0.6496 -1.2365 0.1475, 0.6496 -1.2408 0.1561, 0.6496 -1.2429 0.1655, 0.6496 -1.2427 0.1751, 0.6496 -1.2401 0.1844, 0.6496 -1.2286 0.1998, 0.6496 -1.2353 0.1928, 0.7283 -0.1898 0.5827, 0.7283 -1.2223 0.1346, 0.7283 -1.2133 0.1311, 0.7283 -1.0705 0.2087, 0.7283 -1.2037 0.1299, 0.7283 -0.1898 0.1299, 0.7283 -1.2427 0.1751, 0.7283 -1.2205 0.2049, 0.7283 -1.2401 0.1844, 0.7283 -1.2286 0.1998, 0.7283 -1.2353 0.1928, 0.7283 -1.2429 0.1655, 0.7283 -1.2408 0.1561, 0.7283 -1.2365 0.1475, 0.7283 -0.9967 0.31, 0.7283 -1.2302 0.1401, 0.4528 -0.1937 0.5827, 0.4528 -0.1937 0.2087, 0.5315 -0.1937 0.5827, 0.5315 -0.1937 0.2087, 0.4528 -1.2205 0.2049, 0.4528 -0.9967 0.31, 0.4528 -1.0705 0.2087, 0.4528 -0.1898 0.5827, 0.4528 -0.1898 0.1299, 0.4528 -1.2037 0.1299, 0.4528 -1.2133 0.1311, 0.4528 -1.2223 0.1346, 0.4528 -1.2302 0.1401, 0.4528 -1.2365 0.1475, 0.4528 -1.2408 0.1561, 0.4528 -1.2429 0.1655, 0.4528 -1.2427 0.1751, 0.4528 -1.2401 0.1844, 0.4528 -1.2286 0.1998, 0.4528 -1.2353 0.1928, 0.5315 -0.1898 0.5827, 0.5315 -1.2223 0.1346, 0.5315 -1.2133 0.1311, 0.5315 -1.0705 0.2087, 0.5315 -1.2037 0.1299, 0.5315 -0.1898 0.1299, 0.5315 -1.2427 0.1751, 0.5315 -1.2205 0.2049, 0.5315 -1.2401 0.1844, 0.5315 -1.2286 0.1998, 0.5315 -1.2353 0.1928, 0.5315 -1.2429 0.1655, 0.5315 -1.2408 0.1561, 0.5315 -1.2365 0.1475, 0.5315 -0.9967 0.31, 0.5315 -1.2302 0.1401, 0.2559 -0.1937 0.5827, 0.2559 -0.1937 0.2087, 0.3346 -0.1937 0.5827, 0.3346 -0.1937 0.2087, 0.2559 -1.2205 0.2049, 0.2559 -0.9967 0.31, 0.2559 -1.0705 0.2087, 0.2559 -0.1898 0.5827, 0.2559 -0.1898 0.1299, 0.2559 -1.2037 0.1299, 0.2559 -1.2133 0.1311, 0.2559 -1.2223 0.1346, 0.2559 -1.2302 0.1401, 0.2559 -1.2365 0.1475, 0.2559 -1.2408 0.1561, 0.2559 -1.2429 0.1655, 0.2559 -1.2427 0.1751, 0.2559 -1.2401 0.1844, 0.2559 -1.2286 0.1998, 0.2559 -1.2353 0.1928, 0.3346 -0.1898 0.5827, 0.3346 -1.2223 0.1346, 0.3346 -1.2133 0.1311, 0.3346 -1.0705 0.2087, 0.3346 -1.2037 0.1299, 0.3346 -0.1898 0.1299, 0.3346 -1.2427 0.1751, 0.3346 -1.2205 0.2049, 0.3346 -1.2401 0.1844, 0.3346 -1.2286 0.1998, 0.3346 -1.2353 0.1928, 0.3346 -1.2429 0.1655, 0.3346 -1.2408 0.1561, 0.3346 -1.2365 0.1475, 0.3346 -0.9967 0.31, 0.3346 -1.2302 0.1401, 0.0591 -0.1937 0.5827, 0.0591 -0.1937 0.2087, 0.1378 -0.1937 0.5827, 0.1378 -0.1937 0.2087, 0.0591 -1.2205 0.2049, 0.0591 -0.9967 0.31, 0.0591 -1.0705 0.2087, 0.0591 -0.1898 0.5827, 0.0591 -0.1898 0.1299, 0.0591 -1.2037 0.1299, 0.0591 -1.2133 0.1311, 0.0591 -1.2223 0.1346, 0.0591 -1.2302 0.1401, 0.0591 -1.2365 0.1475, 0.0591 -1.2408 0.1561, 0.0591 -1.2429 0.1655, 0.0591 -1.2427 0.1751, 0.0591 -1.2401 0.1844, 0.0591 -1.2286 0.1998, 0.0591 -1.2353 0.1928, 0.1378 -0.1898 0.5827, 0.1378 -1.2223 0.1346, 0.1378 -1.2133 0.1311, 0.1378 -1.0705 0.2087, 0.1378 -1.2037 0.1299, 0.1378 -0.1898 0.1299, 0.1378 -1.2427 0.1751, 0.1378 -1.2205 0.2049, 0.1378 -1.2401 0.1844, 0.1378 -1.2286 0.1998, 0.1378 -1.2353 0.1928, 0.1378 -1.2429 0.1655, 0.1378 -1.2408 0.1561, 0.1378 -1.2365 0.1475, 0.1378 -0.9967 0.31, 0.1378 -1.2302 0.1401, -0.1378 -0.1937 0.5827, -0.1378 -0.1937 0.2087, -0.0591 -0.1937 0.5827, -0.0591 -0.1937 0.2087, -0.1378 -1.2205 0.2049, -0.1378 -0.9967 0.31, -0.1378 -1.0705 0.2087, -0.1378 -0.1898 0.5827, -0.1378 -0.1898 0.1299, -0.1378 -1.2037 0.1299, -0.1378 -1.2133 0.1311, -0.1378 -1.2223 0.1346, -0.1378 -1.2302 0.1401, -0.1378 -1.2365 0.1475, -0.1378 -1.2408 0.1561, -0.1378 -1.2429 0.1655, -0.1378 -1.2427 0.1751, -0.1378 -1.2401 0.1844, -0.1378 -1.2286 0.1998, -0.1378 -1.2353 0.1928, -0.0591 -0.1898 0.5827, -0.0591 -1.2223 0.1346, -0.0591 -1.2133 0.1311, -0.0591 -1.0705 0.2087, -0.0591 -1.2037 0.1299, -0.0591 -0.1898 0.1299, -0.0591 -1.2427 0.1751, -0.0591 -1.2205 0.2049, -0.0591 -1.2401 0.1844, -0.0591 -1.2286 0.1998, -0.0591 -1.2353 0.1928, -0.0591 -1.2429 0.1655, -0.0591 -1.2408 0.1561, -0.0591 -1.2365 0.1475, -0.0591 -0.9967 0.31, -0.0591 -1.2302 0.1401, -0.3346 -0.1937 0.5827, -0.3346 -0.1937 0.2087, -0.2559 -0.1937 0.5827, -0.2559 -0.1937 0.2087, -0.3346 -1.2205 0.2049, -0.3346 -0.9967 0.31, -0.3346 -1.0705 0.2087, -0.3346 -0.1898 0.5827, -0.3346 -0.1898 0.1299, -0.3346 -1.2037 0.1299, -0.3346 -1.2133 0.1311, -0.3346 -1.2223 0.1346, -0.3346 -1.2302 0.1401, -0.3346 -1.2365 0.1475, -0.3346 -1.2408 0.1561, -0.3346 -1.2429 0.1655, -0.3346 -1.2427 0.1751, -0.3346 -1.2401 0.1844, -0.3346 -1.2286 0.1998, -0.3346 -1.2353 0.1928, -0.2559 -0.1898 0.5827, -0.2559 -1.2223 0.1346, -0.2559 -1.2133 0.1311, -0.2559 -1.0705 0.2087, -0.2559 -1.2037 0.1299, -0.2559 -0.1898 0.1299, -0.2559 -1.2427 0.1751, -0.2559 -1.2205 0.2049, -0.2559 -1.2401 0.1844, -0.2559 -1.2286 0.1998, -0.2559 -1.2353 0.1928, -0.2559 -1.2429 0.1655, -0.2559 -1.2408 0.1561, -0.2559 -1.2365 0.1475, -0.2559 -0.9967 0.31, -0.2559 -1.2302 0.1401, -0.5315 -0.1937 0.5827, -0.5315 -0.1937 0.2087, -0.4528 -0.1937 0.5827, -0.4528 -0.1937 0.2087, -0.5315 -1.2205 0.2049, -0.5315 -0.9967 0.31, -0.5315 -1.0705 0.2087, -0.5315 -0.1898 0.5827, -0.5315 -0.1898 0.1299, -0.5315 -1.2037 0.1299, -0.5315 -1.2133 0.1311, -0.5315 -1.2223 0.1346, -0.5315 -1.2302 0.1401, -0.5315 -1.2365 0.1475, -0.5315 -1.2408 0.1561, -0.5315 -1.2429 0.1655, -0.5315 -1.2427 0.1751, -0.5315 -1.2401 0.1844, -0.5315 -1.2286 0.1998, -0.5315 -1.2353 0.1928, -0.4528 -0.1898 0.5827, -0.4528 -1.2223 0.1346, -0.4528 -1.2133 0.1311, -0.4528 -1.0705 0.2087, -0.4528 -1.2037 0.1299, -0.4528 -0.1898 0.1299, -0.4528 -1.2427 0.1751, -0.4528 -1.2205 0.2049, -0.4528 -1.2401 0.1844, -0.4528 -1.2286 0.1998, -0.4528 -1.2353 0.1928, -0.4528 -1.2429 0.1655, -0.4528 -1.2408 0.1561, -0.4528 -1.2365 0.1475, -0.4528 -0.9967 0.31, -0.4528 -1.2302 0.1401, -0.7283 -0.1937 0.5827, -0.7283 -0.1937 0.2087, -0.6496 -0.1937 0.5827, -0.6496 -0.1937 0.2087, -0.7283 -1.2205 0.2049, -0.7283 -0.9967 0.31, -0.7283 -1.0705 0.2087, -0.7283 -0.1898 0.5827, -0.7283 -0.1898 0.1299, -0.7283 -1.2037 0.1299, -0.7283 -1.2133 0.1311, -0.7283 -1.2223 0.1346, -0.7283 -1.2302 0.1401, -0.7283 -1.2365 0.1475, -0.7283 -1.2408 0.1561, -0.7283 -1.2429 0.1655, -0.7283 -1.2427 0.1751, -0.7283 -1.2401 0.1844, -0.7283 -1.2286 0.1998, -0.7283 -1.2353 0.1928, -0.6496 -0.1898 0.5827, -0.6496 -1.2223 0.1346, -0.6496 -1.2133 0.1311, -0.6496 -1.0705 0.2087, -0.6496 -1.2037 0.1299, -0.6496 -0.1898 0.1299, -0.6496 -1.2427 0.1751, -0.6496 -1.2205 0.2049, -0.6496 -1.2401 0.1844, -0.6496 -1.2286 0.1998, -0.6496 -1.2353 0.1928, -0.6496 -1.2429 0.1655, -0.6496 -1.2408 0.1561, -0.6496 -1.2365 0.1475, -0.6496 -0.9967 0.31, -0.6496 -1.2302 0.1401, -0.9252 -0.1937 0.5827, -0.9252 -0.1937 0.2087, -0.8465 -0.1937 0.5827, -0.8465 -0.1937 0.2087, -0.9252 -1.2205 0.2049, -0.9252 -0.9967 0.31, -0.9252 -1.0705 0.2087, -0.9252 -0.1898 0.5827, -0.9252 -0.1898 0.1299, -0.9252 -1.2037 0.1299, -0.9252 -1.2133 0.1311, -0.9252 -1.2223 0.1346, -0.9252 -1.2302 0.1401, -0.9252 -1.2365 0.1475, -0.9252 -1.2408 0.1561, -0.9252 -1.2429 0.1655, -0.9252 -1.2427 0.1751, -0.9252 -1.2401 0.1844, -0.9252 -1.2286 0.1998, -0.9252 -1.2353 0.1928, -0.8465 -0.1898 0.5827, -0.8465 -1.2223 0.1346, -0.8465 -1.2133 0.1311, -0.8465 -1.0705 0.2087, -0.8465 -1.2037 0.1299, -0.8465 -0.1898 0.1299, -0.8465 -1.2427 0.1751, -0.8465 -1.2205 0.2049, -0.8465 -1.2401 0.1844, -0.8465 -1.2286 0.1998, -0.8465 -1.2353 0.1928, -0.8465 -1.2429 0.1655, -0.8465 -1.2408 0.1561, -0.8465 -1.2365 0.1475, -0.8465 -0.9967 0.31, -0.8465 -1.2302 0.1401, -1.122 -0.1937 0.5827, -1.122 -0.1937 0.2087, -1.0433 -0.1937 0.5827, -1.0433 -0.1937 0.2087, -1.122 -1.2205 0.2049, -1.122 -0.9967 0.31, -1.122 -1.0705 0.2087, -1.122 -0.1898 0.5827, -1.122 -0.1898 0.1299, -1.122 -1.2037 0.1299, -1.122 -1.2133 0.1311, -1.122 -1.2223 0.1346, -1.122 -1.2302 0.1401, -1.122 -1.2365 0.1475, -1.122 -1.2408 0.1561, -1.122 -1.2429 0.1655, -1.122 -1.2427 0.1751, -1.122 -1.2401 0.1844, -1.122 -1.2286 0.1998, -1.122 -1.2353 0.1928, -1.0433 -0.1898 0.5827, -1.0433 -1.2223 0.1346, -1.0433 -1.2133 0.1311, -1.0433 -1.0705 0.2087, -1.0433 -1.2037 0.1299, -1.0433 -0.1898 0.1299, -1.0433 -1.2427 0.1751, -1.0433 -1.2205 0.2049, -1.0433 -1.2401 0.1844, -1.0433 -1.2286 0.1998, -1.0433 -1.2353 0.1928, -1.0433 -1.2429 0.1655, -1.0433 -1.2408 0.1561, -1.0433 -1.2365 0.1475, -1.0433 -0.9967 0.31, -1.0433 -1.2302 0.1401, -1.3189 -0.1937 0.5827, -1.3189 -0.1937 0.2087, -1.2402 -0.1937 0.5827, -1.2402 -0.1937 0.2087, -1.3189 -1.2205 0.2049, -1.3189 -0.9967 0.31, -1.3189 -1.0705 0.2087, -1.3189 -0.1898 0.5827, -1.3189 -0.1898 0.1299, -1.3189 -1.2037 0.1299, -1.3189 -1.2133 0.1311, -1.3189 -1.2223 0.1346, -1.3189 -1.2302 0.1401, -1.3189 -1.2365 0.1475, -1.3189 -1.2408 0.1561, -1.3189 -1.2429 0.1655, -1.3189 -1.2427 0.1751, -1.3189 -1.2401 0.1844, -1.3189 -1.2286 0.1998, -1.3189 -1.2353 0.1928, -1.2402 -0.1898 0.5827, -1.2402 -1.2223 0.1346, -1.2402 -1.2133 0.1311, -1.2402 -1.0705 0.2087, -1.2402 -1.2037 0.1299, -1.2402 -0.1898 0.1299, -1.2402 -1.2427 0.1751, -1.2402 -1.2205 0.2049, -1.2402 -1.2401 0.1844, -1.2402 -1.2286 0.1998, -1.2402 -1.2353 0.1928, -1.2402 -1.2429 0.1655, -1.2402 -1.2408 0.1561, -1.2402 -1.2365 0.1475, -1.2402 -0.9967 0.31, -1.2402 -1.2302 0.1401, -1.5157 -0.1937 0.5827, -1.5157 -0.1937 0.2087, -1.437 -0.1937 0.5827, -1.437 -0.1937 0.2087, -1.5157 -1.2205 0.2049, -1.5157 -0.9967 0.31, -1.5157 -1.0705 0.2087, -1.5157 -0.1898 0.5827, -1.5157 -0.1898 0.1299, -1.5157 -1.2037 0.1299, -1.5157 -1.2133 0.1311, -1.5157 -1.2223 0.1346, -1.5157 -1.2302 0.1401, -1.5157 -1.2365 0.1475, -1.5157 -1.2408 0.1561, -1.5157 -1.2429 0.1655, -1.5157 -1.2427 0.1751, -1.5157 -1.2401 0.1844, -1.5157 -1.2286 0.1998, -1.5157 -1.2353 0.1928, -1.437 -0.1898 0.5827, -1.437 -1.2223 0.1346, -1.437 -1.2133 0.1311, -1.437 -1.0705 0.2087, -1.437 -1.2037 0.1299, -1.437 -0.1898 0.1299, -1.437 -1.2427 0.1751, -1.437 -1.2205 0.2049, -1.437 -1.2401 0.1844, -1.437 -1.2286 0.1998, -1.437 -1.2353 0.1928, -1.437 -1.2429 0.1655, -1.437 -1.2408 0.1561, -1.437 -1.2365 0.1475, -1.437 -0.9967 0.31, -1.437 -1.2302 0.1401, -1.7126 -0.1937 0.5827, -1.7126 -0.1937 0.2087, -1.6339 -0.1937 0.5827, -1.6339 -0.1937 0.2087, -1.7126 -1.2205 0.2049, -1.7126 -0.9967 0.31, -1.7126 -1.0705 0.2087, -1.7126 -0.1898 0.5827, -1.7126 -0.1898 0.1299, -1.7126 -1.2037 0.1299, -1.7126 -1.2133 0.1311, -1.7126 -1.2223 0.1346, -1.7126 -1.2302 0.1401, -1.7126 -1.2365 0.1475, -1.7126 -1.2408 0.1561, -1.7126 -1.2429 0.1655, -1.7126 -1.2427 0.1751, -1.7126 -1.2401 0.1844, -1.7126 -1.2286 0.1998, -1.7126 -1.2353 0.1928, -1.6339 -0.1898 0.5827, -1.6339 -1.2223 0.1346, -1.6339 -1.2133 0.1311, -1.6339 -1.0705 0.2087, -1.6339 -1.2037 0.1299, -1.6339 -0.1898 0.1299, -1.6339 -1.2427 0.1751, -1.6339 -1.2205 0.2049, -1.6339 -1.2401 0.1844, -1.6339 -1.2286 0.1998, -1.6339 -1.2353 0.1928, -1.6339 -1.2429 0.1655, -1.6339 -1.2408 0.1561, -1.6339 -1.2365 0.1475, -1.6339 -0.9967 0.31, -1.6339 -1.2302 0.1401, -1.9094 -0.1937 0.5827, -1.9094 -0.1937 0.2087, -1.8307 -0.1937 0.5827, -1.8307 -0.1937 0.2087, -1.9094 -1.2205 0.2049, -1.9094 -0.9967 0.31, -1.9094 -1.0705 0.2087, -1.9094 -0.1898 0.5827, -1.9094 -0.1898 0.1299, -1.9094 -1.2037 0.1299, -1.9094 -1.2133 0.1311, -1.9094 -1.2223 0.1346, -1.9094 -1.2302 0.1401, -1.9094 -1.2365 0.1475, -1.9094 -1.2408 0.1561, -1.9094 -1.2429 0.1655, -1.9094 -1.2427 0.1751, -1.9094 -1.2401 0.1844, -1.9094 -1.2286 0.1998, -1.9094 -1.2353 0.1928, -1.8307 -0.1898 0.5827, -1.8307 -1.2223 0.1346, -1.8307 -1.2133 0.1311, -1.8307 -1.0705 0.2087, -1.8307 -1.2037 0.1299, -1.8307 -0.1898 0.1299, -1.8307 -1.2427 0.1751, -1.8307 -1.2205 0.2049, -1.8307 -1.2401 0.1844, -1.8307 -1.2286 0.1998, -1.8307 -1.2353 0.1928, -1.8307 -1.2429 0.1655, -1.8307 -1.2408 0.1561, -1.8307 -1.2365 0.1475, -1.8307 -0.9967 0.31, -1.8307 -1.2302 0.1401, -2.1063 -0.1937 0.5827, -2.1063 -0.1937 0.2087, -2.0276 -0.1937 0.5827, -2.0276 -0.1937 0.2087, -2.1063 -1.2205 0.2049, -2.1063 -0.9967 0.31, -2.1063 -1.0705 0.2087, -2.1063 -0.1898 0.5827, -2.1063 -0.1898 0.1299, -2.1063 -1.2037 0.1299, -2.1063 -1.2133 0.1311, -2.1063 -1.2223 0.1346, -2.1063 -1.2302 0.1401, -2.1063 -1.2365 0.1475, -2.1063 -1.2408 0.1561, -2.1063 -1.2429 0.1655, -2.1063 -1.2427 0.1751, -2.1063 -1.2401 0.1844, -2.1063 -1.2286 0.1998, -2.1063 -1.2353 0.1928, -2.0276 -0.1898 0.5827, -2.0276 -1.2223 0.1346, -2.0276 -1.2133 0.1311, -2.0276 -1.0705 0.2087, -2.0276 -1.2037 0.1299, -2.0276 -0.1898 0.1299, -2.0276 -1.2427 0.1751, -2.0276 -1.2205 0.2049, -2.0276 -1.2401 0.1844, -2.0276 -1.2286 0.1998, -2.0276 -1.2353 0.1928, -2.0276 -1.2429 0.1655, -2.0276 -1.2408 0.1561, -2.0276 -1.2365 0.1475, -2.0276 -0.9967 0.31, -2.0276 -1.2302 0.1401, -2.3031 -0.1937 0.5827, -2.3031 -0.1937 0.2087, -2.2244 -0.1937 0.5827, -2.2244 -0.1937 0.2087, -2.3031 -1.2205 0.2049, -2.3031 -0.9967 0.31, -2.3031 -1.0705 0.2087, -2.3031 -0.1898 0.5827, -2.3031 -0.1898 0.1299, -2.3031 -1.2037 0.1299, -2.3031 -1.2133 0.1311, -2.3031 -1.2223 0.1346, -2.3031 -1.2302 0.1401, -2.3031 -1.2365 0.1475, -2.3031 -1.2408 0.1561, -2.3031 -1.2429 0.1655, -2.3031 -1.2427 0.1751, -2.3031 -1.2401 0.1844, -2.3031 -1.2286 0.1998, -2.3031 -1.2353 0.1928, -2.2244 -0.1898 0.5827, -2.2244 -1.2223 0.1346, -2.2244 -1.2133 0.1311, -2.2244 -1.0705 0.2087, -2.2244 -1.2037 0.1299, -2.2244 -0.1898 0.1299, -2.2244 -1.2427 0.1751, -2.2244 -1.2205 0.2049, -2.2244 -1.2401 0.1844, -2.2244 -1.2286 0.1998, -2.2244 -1.2353 0.1928, -2.2244 -1.2429 0.1655, -2.2244 -1.2408 0.1561, -2.2244 -1.2365 0.1475, -2.2244 -0.9967 0.31, -2.2244 -1.2302 0.1401
            ]
        }
        coordIndex [
            0,1,2,-1,2,1,3,-1,4,5,6,-1,0,7,1,-1,1,7,8,-1,1,8,6,-1,6,8,9,-1,9,10,6,-1,6,10,11,-1,6,11,4,-1,4,11,12,-1,12,13,4,-1,4,13,14,-1,4,14,15,-1,15,16,4,-1,4,16,17,-1,4,17,18,-1,18,17,19,-1,20,2,3,-1,21,22,23,-1,23,22,24,-1,23,24,3,-1,3,24,25,-1,3,25,20,-1,26,27,28,-1,28,27,29,-1,28,29,30,-1,26,31,27,-1,27,31,32,-1,27,32,33,-1,23,34,21,-1,21,34,27,-1,21,27,35,-1,35,27,33,-1,6,5,23,-1,23,5,34,-1,1,6,3,-1,3,6,23,-1,9,24,22,-1,9,22,10,-1,10,22,21,-1,10,21,11,-1,11,21,35,-1,11,35,12,-1,12,35,33,-1,12,33,13,-1,13,33,32,-1,13,32,14,-1,14,32,31,-1,14,31,15,-1,15,31,26,-1,15,26,16,-1,16,26,28,-1,16,28,17,-1,17,28,30,-1,17,30,19,-1,19,30,29,-1,19,29,18,-1,18,29,27,-1,18,27,4,-1,5,4,34,-1,34,4,27,-1,36,37,38,-1,38,37,39,-1,40,41,42,-1,36,43,37,-1,37,43,44,-1,37,44,42,-1,42,44,45,-1,45,46,42,-1,42,46,47,-1,42,47,40,-1,40,47,48,-1,48,49,40,-1,40,49,50,-1,40,50,51,-1,51,52,40,-1,40,52,53,-1,40,53,54,-1,54,53,55,-1,56,38,39,-1,57,58,59,-1,59,58,60,-1,59,60,39,-1,39,60,61,-1,39,61,56,-1,62,63,64,-1,64,63,65,-1,64,65,66,-1,62,67,63,-1,63,67,68,-1,63,68,69,-1,59,70,57,-1,57,70,63,-1,57,63,71,-1,71,63,69,-1,42,41,59,-1,59,41,70,-1,37,42,39,-1,39,42,59,-1,45,60,58,-1,45,58,46,-1,46,58,57,-1,46,57,47,-1,47,57,71,-1,47,71,48,-1,48,71,69,-1,48,69,49,-1,49,69,68,-1,49,68,50,-1,50,68,67,-1,50,67,51,-1,51,67,62,-1,51,62,52,-1,52,62,64,-1,52,64,53,-1,53,64,66,-1,53,66,55,-1,55,66,65,-1,55,65,54,-1,54,65,63,-1,54,63,40,-1,41,40,70,-1,70,40,63,-1,72,73,74,-1,74,73,75,-1,76,77,78,-1,72,79,73,-1,73,79,80,-1,73,80,78,-1,78,80,81,-1,81,82,78,-1,78,82,83,-1,78,83,76,-1,76,83,84,-1,84,85,76,-1,76,85,86,-1,76,86,87,-1,87,88,76,-1,76,88,89,-1,76,89,90,-1,90,89,91,-1,92,74,75,-1,93,94,95,-1,95,94,96,-1,95,96,75,-1,75,96,97,-1,75,97,92,-1,98,99,100,-1,100,99,101,-1,100,101,102,-1,98,103,99,-1,99,103,104,-1,99,104,105,-1,95,106,93,-1,93,106,99,-1,93,99,107,-1,107,99,105,-1,78,77,95,-1,95,77,106,-1,73,78,75,-1,75,78,95,-1,81,96,94,-1,81,94,82,-1,82,94,93,-1,82,93,83,-1,83,93,107,-1,83,107,84,-1,84,107,105,-1,84,105,85,-1,85,105,104,-1,85,104,86,-1,86,104,103,-1,86,103,87,-1,87,103,98,-1,87,98,88,-1,88,98,100,-1,88,100,89,-1,89,100,102,-1,89,102,91,-1,91,102,101,-1,91,101,90,-1,90,101,99,-1,90,99,76,-1,77,76,106,-1,106,76,99,-1,108,109,110,-1,110,109,111,-1,112,113,114,-1,108,115,109,-1,109,115,116,-1,109,116,114,-1,114,116,117,-1,117,118,114,-1,114,118,119,-1,114,119,112,-1,112,119,120,-1,120,121,112,-1,112,121,122,-1,112,122,123,-1,123,124,112,-1,112,124,125,-1,112,125,126,-1,126,125,127,-1,128,110,111,-1,129,130,131,-1,131,130,132,-1,131,132,111,-1,111,132,133,-1,111,133,128,-1,134,135,136,-1,136,135,137,-1,136,137,138,-1,134,139,135,-1,135,139,140,-1,135,140,141,-1,131,142,129,-1,129,142,135,-1,129,135,143,-1,143,135,141,-1,114,113,131,-1,131,113,142,-1,109,114,111,-1,111,114,131,-1,117,132,130,-1,117,130,118,-1,118,130,129,-1,118,129,119,-1,119,129,143,-1,119,143,120,-1,120,143,141,-1,120,141,121,-1,121,141,140,-1,121,140,122,-1,122,140,139,-1,122,139,123,-1,123,139,134,-1,123,134,124,-1,124,134,136,-1,124,136,125,-1,125,136,138,-1,125,138,127,-1,127,138,137,-1,127,137,126,-1,126,137,135,-1,126,135,112,-1,113,112,142,-1,142,112,135,-1,144,145,146,-1,146,145,147,-1,148,149,150,-1,144,151,145,-1,145,151,152,-1,145,152,150,-1,150,152,153,-1,153,154,150,-1,150,154,155,-1,150,155,148,-1,148,155,156,-1,156,157,148,-1,148,157,158,-1,148,158,159,-1,159,160,148,-1,148,160,161,-1,148,161,162,-1,162,161,163,-1,164,146,147,-1,165,166,167,-1,167,166,168,-1,167,168,147,-1,147,168,169,-1,147,169,164,-1,170,171,172,-1,172,171,173,-1,172,173,174,-1,170,175,171,-1,171,175,176,-1,171,176,177,-1,167,178,165,-1,165,178,171,-1,165,171,179,-1,179,171,177,-1,150,149,167,-1,167,149,178,-1,145,150,147,-1,147,150,167,-1,153,168,166,-1,153,166,154,-1,154,166,165,-1,154,165,155,-1,155,165,179,-1,155,179,156,-1,156,179,177,-1,156,177,157,-1,157,177,176,-1,157,176,158,-1,158,176,175,-1,158,175,159,-1,159,175,170,-1,159,170,160,-1,160,170,172,-1,160,172,161,-1,161,172,174,-1,161,174,163,-1,163,174,173,-1,163,173,162,-1,162,173,171,-1,162,171,148,-1,149,148,178,-1,178,148,171,-1,180,181,182,-1,182,181,183,-1,184,185,186,-1,180,187,181,-1,181,187,188,-1,181,188,186,-1,186,188,189,-1,189,190,186,-1,186,190,191,-1,186,191,184,-1,184,191,192,-1,192,193,184,-1,184,193,194,-1,184,194,195,-1,195,196,184,-1,184,196,197,-1,184,197,198,-1,198,197,199,-1,200,182,183,-1,201,202,203,-1,203,202,204,-1,203,204,183,-1,183,204,205,-1,183,205,200,-1,206,207,208,-1,208,207,209,-1,208,209,210,-1,206,211,207,-1,207,211,212,-1,207,212,213,-1,203,214,201,-1,201,214,207,-1,201,207,215,-1,215,207,213,-1,186,185,203,-1,203,185,214,-1,181,186,183,-1,183,186,203,-1,189,204,202,-1,189,202,190,-1,190,202,201,-1,190,201,191,-1,191,201,215,-1,191,215,192,-1,192,215,213,-1,192,213,193,-1,193,213,212,-1,193,212,194,-1,194,212,211,-1,194,211,195,-1,195,211,206,-1,195,206,196,-1,196,206,208,-1,196,208,197,-1,197,208,210,-1,197,210,199,-1,199,210,209,-1,199,209,198,-1,198,209,207,-1,198,207,184,-1,185,184,214,-1,214,184,207,-1,216,217,218,-1,218,217,219,-1,220,221,222,-1,216,223,217,-1,217,223,224,-1,217,224,222,-1,222,224,225,-1,225,226,222,-1,222,226,227,-1,222,227,220,-1,220,227,228,-1,228,229,220,-1,220,229,230,-1,220,230,231,-1,231,232,220,-1,220,232,233,-1,220,233,234,-1,234,233,235,-1,236,218,219,-1,237,238,239,-1,239,238,240,-1,239,240,219,-1,219,240,241,-1,219,241,236,-1,242,243,244,-1,244,243,245,-1,244,245,246,-1,242,247,243,-1,243,247,248,-1,243,248,249,-1,239,250,237,-1,237,250,243,-1,237,243,251,-1,251,243,249,-1,222,221,239,-1,239,221,250,-1,217,222,219,-1,219,222,239,-1,225,240,238,-1,225,238,226,-1,226,238,237,-1,226,237,227,-1,227,237,251,-1,227,251,228,-1,228,251,249,-1,228,249,229,-1,229,249,248,-1,229,248,230,-1,230,248,247,-1,230,247,231,-1,231,247,242,-1,231,242,232,-1,232,242,244,-1,232,244,233,-1,233,244,246,-1,233,246,235,-1,235,246,245,-1,235,245,234,-1,234,245,243,-1,234,243,220,-1,221,220,250,-1,250,220,243,-1,252,253,254,-1,254,253,255,-1,256,257,258,-1,252,259,253,-1,253,259,260,-1,253,260,258,-1,258,260,261,-1,261,262,258,-1,258,262,263,-1,258,263,256,-1,256,263,264,-1,264,265,256,-1,256,265,266,-1,256,266,267,-1,267,268,256,-1,256,268,269,-1,256,269,270,-1,270,269,271,-1,272,254,255,-1,273,274,275,-1,275,274,276,-1,275,276,255,-1,255,276,277,-1,255,277,272,-1,278,279,280,-1,280,279,281,-1,280,281,282,-1,278,283,279,-1,279,283,284,-1,279,284,285,-1,275,286,273,-1,273,286,279,-1,273,279,287,-1,287,279,285,-1,258,257,275,-1,275,257,286,-1,253,258,255,-1,255,258,275,-1,261,276,274,-1,261,274,262,-1,262,274,273,-1,262,273,263,-1,263,273,287,-1,263,287,264,-1,264,287,285,-1,264,285,265,-1,265,285,284,-1,265,284,266,-1,266,284,283,-1,266,283,267,-1,267,283,278,-1,267,278,268,-1,268,278,280,-1,268,280,269,-1,269,280,282,-1,269,282,271,-1,271,282,281,-1,271,281,270,-1,270,281,279,-1,270,279,256,-1,257,256,286,-1,286,256,279,-1,288,289,290,-1,290,289,291,-1,292,293,294,-1,288,295,289,-1,289,295,296,-1,289,296,294,-1,294,296,297,-1,297,298,294,-1,294,298,299,-1,294,299,292,-1,292,299,300,-1,300,301,292,-1,292,301,302,-1,292,302,303,-1,303,304,292,-1,292,304,305,-1,292,305,306,-1,306,305,307,-1,308,290,291,-1,309,310,311,-1,311,310,312,-1,311,312,291,-1,291,312,313,-1,291,313,308,-1,314,315,316,-1,316,315,317,-1,316,317,318,-1,314,319,315,-1,315,319,320,-1,315,320,321,-1,311,322,309,-1,309,322,315,-1,309,315,323,-1,323,315,321,-1,294,293,311,-1,311,293,322,-1,289,294,291,-1,291,294,311,-1,297,312,310,-1,297,310,298,-1,298,310,309,-1,298,309,299,-1,299,309,323,-1,299,323,300,-1,300,323,321,-1,300,321,301,-1,301,321,320,-1,301,320,302,-1,302,320,319,-1,302,319,303,-1,303,319,314,-1,303,314,304,-1,304,314,316,-1,304,316,305,-1,305,316,318,-1,305,318,307,-1,307,318,317,-1,307,317,306,-1,306,317,315,-1,306,315,292,-1,293,292,322,-1,322,292,315,-1,324,325,326,-1,326,325,327,-1,328,329,330,-1,324,331,325,-1,325,331,332,-1,325,332,330,-1,330,332,333,-1,333,334,330,-1,330,334,335,-1,330,335,328,-1,328,335,336,-1,336,337,328,-1,328,337,338,-1,328,338,339,-1,339,340,328,-1,328,340,341,-1,328,341,342,-1,342,341,343,-1,344,326,327,-1,345,346,347,-1,347,346,348,-1,347,348,327,-1,327,348,349,-1,327,349,344,-1,350,351,352,-1,352,351,353,-1,352,353,354,-1,350,355,351,-1,351,355,356,-1,351,356,357,-1,347,358,345,-1,345,358,351,-1,345,351,359,-1,359,351,357,-1,330,329,347,-1,347,329,358,-1,325,330,327,-1,327,330,347,-1,333,348,346,-1,333,346,334,-1,334,346,345,-1,334,345,335,-1,335,345,359,-1,335,359,336,-1,336,359,357,-1,336,357,337,-1,337,357,356,-1,337,356,338,-1,338,356,355,-1,338,355,339,-1,339,355,350,-1,339,350,340,-1,340,350,352,-1,340,352,341,-1,341,352,354,-1,341,354,343,-1,343,354,353,-1,343,353,342,-1,342,353,351,-1,342,351,328,-1,329,328,358,-1,358,328,351,-1,360,361,362,-1,362,361,363,-1,364,365,366,-1,360,367,361,-1,361,367,368,-1,361,368,366,-1,366,368,369,-1,369,370,366,-1,366,370,371,-1,366,371,364,-1,364,371,372,-1,372,373,364,-1,364,373,374,-1,364,374,375,-1,375,376,364,-1,364,376,377,-1,364,377,378,-1,378,377,379,-1,380,362,363,-1,381,382,383,-1,383,382,384,-1,383,384,363,-1,363,384,385,-1,363,385,380,-1,386,387,388,-1,388,387,389,-1,388,389,390,-1,386,391,387,-1,387,391,392,-1,387,392,393,-1,383,394,381,-1,381,394,387,-1,381,387,395,-1,395,387,393,-1,366,365,383,-1,383,365,394,-1,361,366,363,-1,363,366,383,-1,369,384,382,-1,369,382,370,-1,370,382,381,-1,370,381,371,-1,371,381,395,-1,371,395,372,-1,372,395,393,-1,372,393,373,-1,373,393,392,-1,373,392,374,-1,374,392,391,-1,374,391,375,-1,375,391,386,-1,375,386,376,-1,376,386,388,-1,376,388,377,-1,377,388,390,-1,377,390,379,-1,379,390,389,-1,379,389,378,-1,378,389,387,-1,378,387,364,-1,365,364,394,-1,394,364,387,-1,396,397,398,-1,398,397,399,-1,400,401,402,-1,396,403,397,-1,397,403,404,-1,397,404,402,-1,402,404,405,-1,405,406,402,-1,402,406,407,-1,402,407,400,-1,400,407,408,-1,408,409,400,-1,400,409,410,-1,400,410,411,-1,411,412,400,-1,400,412,413,-1,400,413,414,-1,414,413,415,-1,416,398,399,-1,417,418,419,-1,419,418,420,-1,419,420,399,-1,399,420,421,-1,399,421,416,-1,422,423,424,-1,424,423,425,-1,424,425,426,-1,422,427,423,-1,423,427,428,-1,423,428,429,-1,419,430,417,-1,417,430,423,-1,417,423,431,-1,431,423,429,-1,402,401,419,-1,419,401,430,-1,397,402,399,-1,399,402,419,-1,405,420,418,-1,405,418,406,-1,406,418,417,-1,406,417,407,-1,407,417,431,-1,407,431,408,-1,408,431,429,-1,408,429,409,-1,409,429,428,-1,409,428,410,-1,410,428,427,-1,410,427,411,-1,411,427,422,-1,411,422,412,-1,412,422,424,-1,412,424,413,-1,413,424,426,-1,413,426,415,-1,415,426,425,-1,415,425,414,-1,414,425,423,-1,414,423,400,-1,401,400,430,-1,430,400,423,-1,432,433,434,-1,434,433,435,-1,436,437,438,-1,432,439,433,-1,433,439,440,-1,433,440,438,-1,438,440,441,-1,441,442,438,-1,438,442,443,-1,438,443,436,-1,436,443,444,-1,444,445,436,-1,436,445,446,-1,436,446,447,-1,447,448,436,-1,436,448,449,-1,436,449,450,-1,450,449,451,-1,452,434,435,-1,453,454,455,-1,455,454,456,-1,455,456,435,-1,435,456,457,-1,435,457,452,-1,458,459,460,-1,460,459,461,-1,460,461,462,-1,458,463,459,-1,459,463,464,-1,459,464,465,-1,455,466,453,-1,453,466,459,-1,453,459,467,-1,467,459,465,-1,438,437,455,-1,455,437,466,-1,433,438,435,-1,435,438,455,-1,441,456,454,-1,441,454,442,-1,442,454,453,-1,442,453,443,-1,443,453,467,-1,443,467,444,-1,444,467,465,-1,444,465,445,-1,445,465,464,-1,445,464,446,-1,446,464,463,-1,446,463,447,-1,447,463,458,-1,447,458,448,-1,448,458,460,-1,448,460,449,-1,449,460,462,-1,449,462,451,-1,451,462,461,-1,451,461,450,-1,450,461,459,-1,450,459,436,-1,437,436,466,-1,466,436,459,-1,468,469,470,-1,470,469,471,-1,472,473,474,-1,468,475,469,-1,469,475,476,-1,469,476,474,-1,474,476,477,-1,477,478,474,-1,474,478,479,-1,474,479,472,-1,472,479,480,-1,480,481,472,-1,472,481,482,-1,472,482,483,-1,483,484,472,-1,472,484,485,-1,472,485,486,-1,486,485,487,-1,488,470,471,-1,489,490,491,-1,491,490,492,-1,491,492,471,-1,471,492,493,-1,471,493,488,-1,494,495,496,-1,496,495,497,-1,496,497,498,-1,494,499,495,-1,495,499,500,-1,495,500,501,-1,491,502,489,-1,489,502,495,-1,489,495,503,-1,503,495,501,-1,474,473,491,-1,491,473,502,-1,469,474,471,-1,471,474,491,-1,477,492,490,-1,477,490,478,-1,478,490,489,-1,478,489,479,-1,479,489,503,-1,479,503,480,-1,480,503,501,-1,480,501,481,-1,481,501,500,-1,481,500,482,-1,482,500,499,-1,482,499,483,-1,483,499,494,-1,483,494,484,-1,484,494,496,-1,484,496,485,-1,485,496,498,-1,485,498,487,-1,487,498,497,-1,487,497,486,-1,486,497,495,-1,486,495,472,-1,473,472,502,-1,502,472,495,-1,504,505,506,-1,506,505,507,-1,508,509,510,-1,504,511,505,-1,505,511,512,-1,505,512,510,-1,510,512,513,-1,513,514,510,-1,510,514,515,-1,510,515,508,-1,508,515,516,-1,516,517,508,-1,508,517,518,-1,508,518,519,-1,519,520,508,-1,508,520,521,-1,508,521,522,-1,522,521,523,-1,524,506,507,-1,525,526,527,-1,527,526,528,-1,527,528,507,-1,507,528,529,-1,507,529,524,-1,530,531,532,-1,532,531,533,-1,532,533,534,-1,530,535,531,-1,531,535,536,-1,531,536,537,-1,527,538,525,-1,525,538,531,-1,525,531,539,-1,539,531,537,-1,510,509,527,-1,527,509,538,-1,505,510,507,-1,507,510,527,-1,513,528,526,-1,513,526,514,-1,514,526,525,-1,514,525,515,-1,515,525,539,-1,515,539,516,-1,516,539,537,-1,516,537,517,-1,517,537,536,-1,517,536,518,-1,518,536,535,-1,518,535,519,-1,519,535,530,-1,519,530,520,-1,520,530,532,-1,520,532,521,-1,521,532,534,-1,521,534,523,-1,523,534,533,-1,523,533,522,-1,522,533,531,-1,522,531,508,-1,509,508,538,-1,538,508,531,-1,540,541,542,-1,542,541,543,-1,544,545,546,-1,540,547,541,-1,541,547,548,-1,541,548,546,-1,546,548,549,-1,549,550,546,-1,546,550,551,-1,546,551,544,-1,544,551,552,-1,552,553,544,-1,544,553,554,-1,544,554,555,-1,555,556,544,-1,544,556,557,-1,544,557,558,-1,558,557,559,-1,560,542,543,-1,561,562,563,-1,563,562,564,-1,563,564,543,-1,543,564,565,-1,543,565,560,-1,566,567,568,-1,568,567,569,-1,568,569,570,-1,566,571,567,-1,567,571,572,-1,567,572,573,-1,563,574,561,-1,561,574,567,-1,561,567,575,-1,575,567,573,-1,546,545,563,-1,563,545,574,-1,541,546,543,-1,543,546,563,-1,549,564,562,-1,549,562,550,-1,550,562,561,-1,550,561,551,-1,551,561,575,-1,551,575,552,-1,552,575,573,-1,552,573,553,-1,553,573,572,-1,553,572,554,-1,554,572,571,-1,554,571,555,-1,555,571,566,-1,555,566,556,-1,556,566,568,-1,556,568,557,-1,557,568,570,-1,557,570,559,-1,559,570,569,-1,559,569,558,-1,558,569,567,-1,558,567,544,-1,545,544,574,-1,574,544,567,-1,576,577,578,-1,578,577,579,-1,580,581,582,-1,576,583,577,-1,577,583,584,-1,577,584,582,-1,582,584,585,-1,585,586,582,-1,582,586,587,-1,582,587,580,-1,580,587,588,-1,588,589,580,-1,580,589,590,-1,580,590,591,-1,591,592,580,-1,580,592,593,-1,580,593,594,-1,594,593,595,-1,596,578,579,-1,597,598,599,-1,599,598,600,-1,599,600,579,-1,579,600,601,-1,579,601,596,-1,602,603,604,-1,604,603,605,-1,604,605,606,-1,602,607,603,-1,603,607,608,-1,603,608,609,-1,599,610,597,-1,597,610,603,-1,597,603,611,-1,611,603,609,-1,582,581,599,-1,599,581,610,-1,577,582,579,-1,579,582,599,-1,585,600,598,-1,585,598,586,-1,586,598,597,-1,586,597,587,-1,587,597,611,-1,587,611,588,-1,588,611,609,-1,588,609,589,-1,589,609,608,-1,589,608,590,-1,590,608,607,-1,590,607,591,-1,591,607,602,-1,591,602,592,-1,592,602,604,-1,592,604,593,-1,593,604,606,-1,593,606,595,-1,595,606,605,-1,595,605,594,-1,594,605,603,-1,594,603,580,-1,581,580,610,-1,610,580,603,-1,612,613,614,-1,614,613,615,-1,616,617,618,-1,612,619,613,-1,613,619,620,-1,613,620,618,-1,618,620,621,-1,621,622,618,-1,618,622,623,-1,618,623,616,-1,616,623,624,-1,624,625,616,-1,616,625,626,-1,616,626,627,-1,627,628,616,-1,616,628,629,-1,616,629,630,-1,630,629,631,-1,632,614,615,-1,633,634,635,-1,635,634,636,-1,635,636,615,-1,615,636,637,-1,615,637,632,-1,638,639,640,-1,640,639,641,-1,640,641,642,-1,638,643,639,-1,639,643,644,-1,639,644,645,-1,635,646,633,-1,633,646,639,-1,633,639,647,-1,647,639,645,-1,618,617,635,-1,635,617,646,-1,613,618,615,-1,615,618,635,-1,621,636,634,-1,621,634,622,-1,622,634,633,-1,622,633,623,-1,623,633,647,-1,623,647,624,-1,624,647,645,-1,624,645,625,-1,625,645,644,-1,625,644,626,-1,626,644,643,-1,626,643,627,-1,627,643,638,-1,627,638,628,-1,628,638,640,-1,628,640,629,-1,629,640,642,-1,629,642,631,-1,631,642,641,-1,631,641,630,-1,630,641,639,-1,630,639,616,-1,617,616,646,-1,646,616,639,-1,648,649,650,-1,650,649,651,-1,652,653,654,-1,648,655,649,-1,649,655,656,-1,649,656,654,-1,654,656,657,-1,657,658,654,-1,654,658,659,-1,654,659,652,-1,652,659,660,-1,660,661,652,-1,652,661,662,-1,652,662,663,-1,663,664,652,-1,652,664,665,-1,652,665,666,-1,666,665,667,-1,668,650,651,-1,669,670,671,-1,671,670,672,-1,671,672,651,-1,651,672,673,-1,651,673,668,-1,674,675,676,-1,676,675,677,-1,676,677,678,-1,674,679,675,-1,675,679,680,-1,675,680,681,-1,671,682,669,-1,669,682,675,-1,669,675,683,-1,683,675,681,-1,654,653,671,-1,671,653,682,-1,649,654,651,-1,651,654,671,-1,657,672,670,-1,657,670,658,-1,658,670,669,-1,658,669,659,-1,659,669,683,-1,659,683,660,-1,660,683,681,-1,660,681,661,-1,661,681,680,-1,661,680,662,-1,662,680,679,-1,662,679,663,-1,663,679,674,-1,663,674,664,-1,664,674,676,-1,664,676,665,-1,665,676,678,-1,665,678,667,-1,667,678,677,-1,667,677,666,-1,666,677,675,-1,666,675,652,-1,653,652,682,-1,682,652,675,-1,684,685,686,-1,686,685,687,-1,688,689,690,-1,684,691,685,-1,685,691,692,-1,685,692,690,-1,690,692,693,-1,693,694,690,-1,690,694,695,-1,690,695,688,-1,688,695,696,-1,696,697,688,-1,688,697,698,-1,688,698,699,-1,699,700,688,-1,688,700,701,-1,688,701,702,-1,702,701,703,-1,704,686,687,-1,705,706,707,-1,707,706,708,-1,707,708,687,-1,687,708,709,-1,687,709,704,-1,710,711,712,-1,712,711,713,-1,712,713,714,-1,710,715,711,-1,711,715,716,-1,711,716,717,-1,707,718,705,-1,705,718,711,-1,705,711,719,-1,719,711,717,-1,690,689,707,-1,707,689,718,-1,685,690,687,-1,687,690,707,-1,693,708,706,-1,693,706,694,-1,694,706,705,-1,694,705,695,-1,695,705,719,-1,695,719,696,-1,696,719,717,-1,696,717,697,-1,697,717,716,-1,697,716,698,-1,698,716,715,-1,698,715,699,-1,699,715,710,-1,699,710,700,-1,700,710,712,-1,700,712,701,-1,701,712,714,-1,701,714,703,-1,703,714,713,-1,703,713,702,-1,702,713,711,-1,702,711,688,-1,689,688,718,-1,718,688,711,-1,720,721,722,-1,722,721,723,-1,724,725,726,-1,720,727,721,-1,721,727,728,-1,721,728,726,-1,726,728,729,-1,729,730,726,-1,726,730,731,-1,726,731,724,-1,724,731,732,-1,732,733,724,-1,724,733,734,-1,724,734,735,-1,735,736,724,-1,724,736,737,-1,724,737,738,-1,738,737,739,-1,740,722,723,-1,741,742,743,-1,743,742,744,-1,743,744,723,-1,723,744,745,-1,723,745,740,-1,746,747,748,-1,748,747,749,-1,748,749,750,-1,746,751,747,-1,747,751,752,-1,747,752,753,-1,743,754,741,-1,741,754,747,-1,741,747,755,-1,755,747,753,-1,726,725,743,-1,743,725,754,-1,721,726,723,-1,723,726,743,-1,729,744,742,-1,729,742,730,-1,730,742,741,-1,730,741,731,-1,731,741,755,-1,731,755,732,-1,732,755,753,-1,732,753,733,-1,733,753,752,-1,733,752,734,-1,734,752,751,-1,734,751,735,-1,735,751,746,-1,735,746,736,-1,736,746,748,-1,736,748,737,-1,737,748,750,-1,737,750,739,-1,739,750,749,-1,739,749,738,-1,738,749,747,-1,738,747,724,-1,725,724,754,-1,754,724,747,-1,756,757,758,-1,758,757,759,-1,760,761,762,-1,756,763,757,-1,757,763,764,-1,757,764,762,-1,762,764,765,-1,765,766,762,-1,762,766,767,-1,762,767,760,-1,760,767,768,-1,768,769,760,-1,760,769,770,-1,760,770,771,-1,771,772,760,-1,760,772,773,-1,760,773,774,-1,774,773,775,-1,776,758,759,-1,777,778,779,-1,779,778,780,-1,779,780,759,-1,759,780,781,-1,759,781,776,-1,782,783,784,-1,784,783,785,-1,784,785,786,-1,782,787,783,-1,783,787,788,-1,783,788,789,-1,779,790,777,-1,777,790,783,-1,777,783,791,-1,791,783,789,-1,762,761,779,-1,779,761,790,-1,757,762,759,-1,759,762,779,-1,765,780,778,-1,765,778,766,-1,766,778,777,-1,766,777,767,-1,767,777,791,-1,767,791,768,-1,768,791,789,-1,768,789,769,-1,769,789,788,-1,769,788,770,-1,770,788,787,-1,770,787,771,-1,771,787,782,-1,771,782,772,-1,772,782,784,-1,772,784,773,-1,773,784,786,-1,773,786,775,-1,775,786,785,-1,775,785,774,-1,774,785,783,-1,774,783,760,-1,761,760,790,-1,790,760,783,-1,792,793,794,-1,794,793,795,-1,796,797,798,-1,792,799,793,-1,793,799,800,-1,793,800,798,-1,798,800,801,-1,801,802,798,-1,798,802,803,-1,798,803,796,-1,796,803,804,-1,804,805,796,-1,796,805,806,-1,796,806,807,-1,807,808,796,-1,796,808,809,-1,796,809,810,-1,810,809,811,-1,812,794,795,-1,813,814,815,-1,815,814,816,-1,815,816,795,-1,795,816,817,-1,795,817,812,-1,818,819,820,-1,820,819,821,-1,820,821,822,-1,818,823,819,-1,819,823,824,-1,819,824,825,-1,815,826,813,-1,813,826,819,-1,813,819,827,-1,827,819,825,-1,798,797,815,-1,815,797,826,-1,793,798,795,-1,795,798,815,-1,801,816,814,-1,801,814,802,-1,802,814,813,-1,802,813,803,-1,803,813,827,-1,803,827,804,-1,804,827,825,-1,804,825,805,-1,805,825,824,-1,805,824,806,-1,806,824,823,-1,806,823,807,-1,807,823,818,-1,807,818,808,-1,808,818,820,-1,808,820,809,-1,809,820,822,-1,809,822,811,-1,811,822,821,-1,811,821,810,-1,810,821,819,-1,810,819,796,-1,797,796,826,-1,826,796,819,-1,828,829,830,-1,830,829,831,-1,832,833,834,-1,828,835,829,-1,829,835,836,-1,829,836,834,-1,834,836,837,-1,837,838,834,-1,834,838,839,-1,834,839,832,-1,832,839,840,-1,840,841,832,-1,832,841,842,-1,832,842,843,-1,843,844,832,-1,832,844,845,-1,832,845,846,-1,846,845,847,-1,848,830,831,-1,849,850,851,-1,851,850,852,-1,851,852,831,-1,831,852,853,-1,831,853,848,-1,854,855,856,-1,856,855,857,-1,856,857,858,-1,854,859,855,-1,855,859,860,-1,855,860,861,-1,851,862,849,-1,849,862,855,-1,849,855,863,-1,863,855,861,-1,834,833,851,-1,851,833,862,-1,829,834,831,-1,831,834,851,-1,837,852,850,-1,837,850,838,-1,838,850,849,-1,838,849,839,-1,839,849,863,-1,839,863,840,-1,840,863,861,-1,840,861,841,-1,841,861,860,-1,841,860,842,-1,842,860,859,-1,842,859,843,-1,843,859,854,-1,843,854,844,-1,844,854,856,-1,844,856,845,-1,845,856,858,-1,845,858,847,-1,847,858,857,-1,847,857,846,-1,846,857,855,-1,846,855,832,-1,833,832,862,-1,862,832,855,-1,
        ]
    }
}
Shape{
    appearance Appearance {
        material  Material 	{
            diffuseColor 0.5882352941176471 0.5725490196078431 0.5254901960784314
            specularColor 0.043137254901960784 0.0392156862745098 0.0392156862745098
            ambientIntensity 0.8167
            transparency 0.0
            shininess 0.5
        }
    }
    geometry IndexedFaceSet {
        ccw TRUE
        solid FALSE
        coord DEF co Coordinate {
            point [
                2.6772 0.1843 0.5906, 2.6772 0.1843 0.6299, 2.6772 0.2827 0.5906, 2.6772 0.3417 0.6299, 2.6772 0.2827 0.0906, 2.6772 0.3417 0.0906
            ]
        }
        coordIndex [
            0,1,2,-1,2,1,3,-1,2,3,4,-1,4,3,5,-1,
        ]
    }
}
Shape{
    appearance Appearance {
        material  Material 	{
            diffuseColor 0.6666666666666666 0.6666666666666666 0.6666666666666666
            specularColor 0.4666666666666667 0.4666666666666667 0.4666666666666667
            ambientIntensity 0.6667
            transparency 0.0
            shininess 0.5
        }
    }
    geometry IndexedFaceSet {
        ccw TRUE
        solid FALSE
        coord DEF co Coordinate {
            point [
                -2.5984 0.263 0.0906, -2.5984 0.263 0.0787, -2.5984 0.2827 0.0906, -2.5984 0.2827 0.0787, -2.5984 -0.3079 0.0787, -2.6772 -0.3079 0.0787, -2.6772 0.2827 0.0787, 2.5984 0.2827 0.0787, 2.5984 0.263 0.0787, 2.5984 0.2827 0.0906, 2.5984 0.263 0.0906, 2.6772 0.2827 0.0787, 2.6772 -0.3079 0.0787, 2.5984 -0.3079 0.0787, -3.1143 -0.4129 0.0787, -3.1143 -0.4129 0.0, -3.0934 -0.4239 0.0787, -3.0934 -0.4239 0.0, -3.0758 -0.4397 0.0787, -3.0758 -0.4397 0.0, -3.0624 -0.4591 0.0787, -3.0624 -0.4591 0.0, -3.054 -0.4813 0.0787, -3.054 -0.4813 0.0, -3.0512 -0.5047 0.0787, -3.0512 -0.5047 0.0, -3.054 -0.5282 0.0787, -3.054 -0.5282 0.0, -3.0624 -0.5503 0.0787, -3.0624 -0.5503 0.0, -3.0758 -0.5698 0.0787, -3.0758 -0.5698 0.0, -3.0934 -0.5855 0.0787, -3.0934 -0.5855 0.0, -3.1143 -0.5966 0.0787, -3.1143 -0.5966 0.0, 3.1143 -0.5966 0.0787, 3.1143 -0.5966 0.0, 3.0934 -0.5855 0.0787, 3.0934 -0.5855 0.0, 3.0758 -0.5698 0.0787, 3.0758 -0.5698 0.0, 3.0624 -0.5503 0.0787, 3.0624 -0.5503 0.0, 3.054 -0.5282 0.0787, 3.054 -0.5282 0.0, 3.0512 -0.5047 0.0787, 3.0512 -0.5047 0.0, 3.054 -0.4813 0.0787, 3.054 -0.4813 0.0, 3.0624 -0.4591 0.0787, 3.0624 -0.4591 0.0, 3.0758 -0.4397 0.0787, 3.0758 -0.4397 0.0, 3.0934 -0.4239 0.0787, 3.0934 -0.4239 0.0, 3.1143 -0.4129 0.0787, 3.1143 -0.4129 0.0
            ]
        }
        coordIndex [
            0,1,2,-1,2,1,3,-1,4,5,1,-1,1,5,6,-1,1,6,3,-1,7,8,9,-1,9,8,10,-1,7,11,8,-1,8,11,12,-1,8,12,13,-1,14,15,16,-1,16,15,17,-1,16,17,18,-1,18,17,19,-1,18,19,20,-1,20,19,21,-1,20,21,22,-1,22,21,23,-1,22,23,24,-1,24,23,25,-1,24,25,26,-1,26,25,27,-1,26,27,28,-1,28,27,29,-1,28,29,30,-1,30,29,31,-1,30,31,32,-1,32,31,33,-1,32,33,34,-1,34,33,35,-1,36,37,38,-1,38,37,39,-1,38,39,40,-1,40,39,41,-1,40,41,42,-1,42,41,43,-1,42,43,44,-1,44,43,45,-1,44,45,46,-1,46,45,47,-1,46,47,48,-1,48,47,49,-1,48,49,50,-1,50,49,51,-1,50,51,52,-1,52,51,53,-1,52,53,54,-1,54,53,55,-1,54,55,56,-1,56,55,57,-1,
        ]
    }
}
Shape{
    appearance Appearance {
        material  Material 	{
            diffuseColor 0.5882352941176471 0.5725490196078431 0.5254901960784314
            specularColor 0.043137254901960784 0.0392156862745098 0.0392156862745098
            ambientIntensity 0.8167
            transparency 0.0
            shininess 0.5
        }
    }
    geometry IndexedFaceSet {
        ccw TRUE
        solid FALSE
        coord DEF co Coordinate {
            point [
                -2.7165 0.1843 0.6693, -2.8346 0.1843 0.6693, -3.2283 0.1843 0.7874, 3.2283 0.1843 0.7874, 3.2283 0.1843 0.248, 3.1496 0.1843 0.3937, 3.1496 0.1843 0.248, -2.5984 0.1843 0.5906, -2.6772 0.1843 0.5906, -2.5984 0.1843 0.6693, -2.6772 0.1843 0.6299, -3.1496 0.1843 0.248, -3.2283 0.1843 0.248, -3.1496 0.1843 0.3937, -2.8346 0.1843 0.3937, 2.6772 0.1843 0.5906, 2.5984 0.1843 0.5906, 2.6772 0.1843 0.6299, 2.5984 0.1843 0.6693, 2.7165 0.1843 0.6693, 2.8346 0.1843 0.3937, 2.8346 0.1843 0.6693, 1.3189 0.1843 0.6693, 1.3189 0.1843 0.6299, 1.2402 0.1843 0.6299, 2.3031 0.1843 0.6299, 2.2244 0.1843 0.6299, 2.3031 0.1843 0.6693, 2.2244 0.1843 0.6693, 0.5315 0.1843 0.6693, 0.5315 0.1843 0.6299, 0.4528 0.1843 0.6299, 1.2402 0.1843 0.6693, 1.122 0.1843 0.6693, -0.0591 0.1843 0.6693, -0.0591 0.1843 0.6299, -0.1378 0.1843 0.6299, 2.1063 0.1843 0.6693, 0.4528 0.1843 0.6693, 0.3346 0.1843 0.6693, -0.4528 0.1843 0.6693, -0.4528 0.1843 0.6299, -0.5315 0.1843 0.6299, 2.1063 0.1843 0.6299, 2.0276 0.1843 0.6299, 2.0276 0.1843 0.6693, 1.9094 0.1843 0.6693, 1.122 0.1843 0.6299, 1.0433 0.1843 0.6299, 1.0433 0.1843 0.6693, 0.9252 0.1843 0.6693, -0.8465 0.1843 0.6693, -0.8465 0.1843 0.6299, -0.9252 0.1843 0.6299, -0.1378 0.1843 0.6693, -0.2559 0.1843 0.6693, -0.9252 0.1843 0.6693, -1.0433 0.1843 0.6693, 1.9094 0.1843 0.6299, 1.8307 0.1843 0.6299, 1.8307 0.1843 0.6693, 1.7126 0.1843 0.6693, 0.9252 0.1843 0.6299, 0.8465 0.1843 0.6299, 0.8465 0.1843 0.6693, 0.7283 0.1843 0.6693, -0.5315 0.1843 0.6693, -0.6496 0.1843 0.6693, 0.3346 0.1843 0.6299, 0.2559 0.1843 0.6299, 0.2559 0.1843 0.6693, 0.1378 0.1843 0.6693, -1.3189 0.1843 0.6693, -1.437 0.1843 0.6693, 1.7126 0.1843 0.6299, 1.6339 0.1843 0.6299, 1.6339 0.1843 0.6693, 1.5157 0.1843 0.6693, 0.7283 0.1843 0.6299, 0.6496 0.1843 0.6299, 0.6496 0.1843 0.6693, -0.2559 0.1843 0.6299, -0.3346 0.1843 0.6299, -0.3346 0.1843 0.6693, -1.2402 0.1843 0.6693, -1.2402 0.1843 0.6299, -1.3189 0.1843 0.6299, 0.1378 0.1843 0.6299, 0.0591 0.1843 0.6299, 0.0591 0.1843 0.6693, -1.122 0.1843 0.6693, -1.122 0.1843 0.6299, -1.0433 0.1843 0.6299, -1.7126 0.1843 0.6693, -1.8307 0.1843 0.6693, 1.5157 0.1843 0.6299, 1.437 0.1843 0.6299, 1.437 0.1843 0.6693, -0.6496 0.1843 0.6299, -0.7283 0.1843 0.6299, -0.7283 0.1843 0.6693, -1.6339 0.1843 0.6693, -1.6339 0.1843 0.6299, -1.7126 0.1843 0.6299, -1.5157 0.1843 0.6693, -1.5157 0.1843 0.6299, -1.437 0.1843 0.6299, -2.1063 0.1843 0.6693, -2.2244 0.1843 0.6693, -2.0276 0.1843 0.6693, -2.0276 0.1843 0.6299, -2.1063 0.1843 0.6299, -1.9094 0.1843 0.6693, -1.9094 0.1843 0.6299, -1.8307 0.1843 0.6299, -2.3031 0.1843 0.6693, -2.3031 0.1843 0.6299, -2.2244 0.1843 0.6299, -2.8346 0.3811 0.3937, -3.1496 0.3811 0.3937, -2.874 -0.6622 0.5906, -2.4409 -0.6622 0.5906, -2.874 -0.6622 0.7874, -2.4409 -0.6622 0.7874, -2.4409 -0.8197 0.7874, -2.4409 -0.8197 0.6004, -2.4409 -0.8197 0.5906, 2.874 -0.9378 0.5906, 2.874 -0.6622 0.5906, 2.4409 -0.6622 0.5906, 2.4409 -0.8197 0.5906, 1.9783 -0.8197 0.5906, 1.7815 -0.8197 0.5906, 1.5846 -0.8197 0.5906, 1.3878 -0.8197 0.5906, 1.1909 -0.8197 0.5906, 0.2067 -0.8197 0.5906, 0.0098 -0.8197 0.5906, -2.874 -0.9378 0.5906, 0.7972 -0.8197 0.5906, 0.6004 -0.8197 0.5906, 0.4035 -0.8197 0.5906, -0.3839 -0.8197 0.5906, -0.5807 -0.8197 0.5906, -0.7776 -0.8197 0.5906, -0.9744 -0.8197 0.5906, -1.1713 -0.8197 0.5906, -1.565 -0.8197 0.5906, -1.7618 -0.8197 0.5906, -1.9587 -0.8197 0.5906, -2.1555 -0.8197 0.5906, -2.3622 -0.8197 0.5906, 2.4409 -0.8197 0.6004, 2.4409 -0.6622 0.7874, 2.4409 -0.8197 0.7874, 2.874 -0.6622 0.7874
            ]
        }
        coordIndex [
            0,1,2,-1,3,4,5,-1,5,4,6,-1,7,8,9,-1,9,8,10,-1,11,12,13,-1,13,12,2,-1,13,2,14,-1,14,2,1,-1,15,16,17,-1,17,16,18,-1,17,18,19,-1,5,20,3,-1,3,20,21,-1,3,21,19,-1,22,23,24,-1,25,26,27,-1,27,26,28,-1,29,30,31,-1,32,33,2,-1,34,35,36,-1,19,18,3,-1,3,18,27,-1,3,27,2,-1,2,27,28,-1,2,28,37,-1,38,39,2,-1,40,41,42,-1,43,44,37,-1,37,44,45,-1,37,45,2,-1,2,45,46,-1,47,48,33,-1,33,48,49,-1,33,49,2,-1,2,49,50,-1,51,52,53,-1,54,55,2,-1,56,57,2,-1,58,59,46,-1,46,59,60,-1,46,60,2,-1,2,60,61,-1,62,63,50,-1,50,63,64,-1,50,64,2,-1,2,64,65,-1,66,67,2,-1,68,69,39,-1,39,69,70,-1,39,70,2,-1,2,70,71,-1,72,73,2,-1,74,75,61,-1,61,75,76,-1,61,76,2,-1,2,76,77,-1,78,79,65,-1,65,79,80,-1,65,80,2,-1,2,80,29,-1,2,29,38,-1,38,29,31,-1,81,82,55,-1,55,82,83,-1,55,83,2,-1,2,83,40,-1,2,40,66,-1,66,40,42,-1,84,85,86,-1,87,88,71,-1,71,88,89,-1,71,89,2,-1,2,89,34,-1,2,34,54,-1,54,34,36,-1,86,72,84,-1,84,72,2,-1,84,2,90,-1,90,2,57,-1,90,57,91,-1,91,57,92,-1,93,94,2,-1,95,96,77,-1,77,96,97,-1,77,97,2,-1,2,97,22,-1,2,22,32,-1,32,22,24,-1,98,99,67,-1,67,99,100,-1,67,100,2,-1,2,100,51,-1,2,51,56,-1,56,51,53,-1,101,102,103,-1,103,93,101,-1,101,93,2,-1,101,2,104,-1,104,2,73,-1,104,73,105,-1,105,73,106,-1,107,108,2,-1,109,110,111,-1,111,107,109,-1,109,107,2,-1,109,2,112,-1,112,2,94,-1,112,94,113,-1,113,94,114,-1,10,0,9,-1,9,0,2,-1,9,2,115,-1,115,2,108,-1,115,108,116,-1,116,108,117,-1,14,118,13,-1,13,118,119,-1,120,121,122,-1,122,121,123,-1,124,123,125,-1,125,123,121,-1,125,121,126,-1,127,128,129,-1,129,130,127,-1,127,130,131,-1,127,131,132,-1,132,133,127,-1,127,133,134,-1,127,134,135,-1,136,137,138,-1,135,139,127,-1,127,139,140,-1,127,140,138,-1,138,140,141,-1,138,141,136,-1,137,142,138,-1,138,142,143,-1,138,143,144,-1,144,145,138,-1,138,145,146,-1,138,146,147,-1,147,148,138,-1,138,148,149,-1,138,149,150,-1,121,120,126,-1,126,120,138,-1,126,138,151,-1,151,138,150,-1,130,129,152,-1,152,129,153,-1,152,153,154,-1,129,128,153,-1,153,128,155,-1,
        ]
    }
}
Shape{
    appearance Appearance {
        material  Material 	{
            diffuseColor 0.20784313725490197 0.20784313725490197 0.20784313725490197
            specularColor 0.01568627450980392 0.01568627450980392 0.01568627450980392
            ambientIntensity 0.298
            transparency 0.0
            shininess 0.5
        }
    }
    geometry IndexedFaceSet {
        ccw TRUE
        solid FALSE
        coord DEF co Coordinate {
            point [
                -2.4803 -0.7016 0.6102, -2.4803 -0.8591 0.7677, -2.4803 -0.9378 0.6102, -2.4803 -1.2528 0.7677, -2.4803 -1.2528 0.6102, 2.4803 -1.2528 0.6102, 2.4803 -1.2528 0.7677, 2.4803 -0.9378 0.6102, 2.4803 -0.8591 0.7677, 2.4803 -0.7016 0.6102, 2.3031 -0.9378 0.6102, 2.2441 -0.9378 0.6102, 2.1063 -0.9378 0.6102, 2.2441 -1.174 0.6102, 2.1063 -1.174 0.6102, 1.2598 -1.174 0.6102, 1.2598 -0.9378 0.6102, 1.122 -0.9378 0.6102, 1.122 -1.174 0.6102, 1.063 -1.174 0.6102, 2.3031 -1.174 0.6102, 2.0472 -1.174 0.6102, 2.0472 -0.9378 0.6102, 1.9094 -0.9378 0.6102, 1.9094 -1.174 0.6102, 1.8504 -1.174 0.6102, 0.4724 -1.174 0.6102, 0.4724 -0.9378 0.6102, 0.3346 -0.9378 0.6102, 1.8504 -0.9378 0.6102, 1.7126 -0.9378 0.6102, 1.7126 -1.174 0.6102, 1.6535 -1.174 0.6102, 1.6535 -0.9378 0.6102, 1.5157 -0.9378 0.6102, 1.5157 -1.174 0.6102, 1.4567 -1.174 0.6102, 0.3346 -1.174 0.6102, 0.2756 -1.174 0.6102, 1.4567 -0.9378 0.6102, 1.3189 -0.9378 0.6102, 1.3189 -1.174 0.6102, 1.063 -0.9378 0.6102, 0.9252 -0.9378 0.6102, 0.9252 -1.174 0.6102, 0.8661 -1.174 0.6102, -0.1181 -1.174 0.6102, -0.1181 -0.9378 0.6102, -0.2559 -0.9378 0.6102, 0.8661 -0.9378 0.6102, 0.7283 -0.9378 0.6102, 0.7283 -1.174 0.6102, 0.6693 -1.174 0.6102, 0.6693 -0.9378 0.6102, 0.5315 -0.9378 0.6102, 0.5315 -1.174 0.6102, -0.2559 -1.174 0.6102, -0.315 -1.174 0.6102, 0.2756 -0.9378 0.6102, 0.1378 -0.9378 0.6102, 0.1378 -1.174 0.6102, 0.0787 -1.174 0.6102, 0.0787 -0.9378 0.6102, -0.0591 -0.9378 0.6102, -0.0591 -1.174 0.6102, -0.7087 -1.174 0.6102, -0.7087 -0.9378 0.6102, -0.8465 -0.9378 0.6102, -0.8465 -1.174 0.6102, -0.9055 -1.174 0.6102, -0.315 -0.9378 0.6102, -0.4528 -0.9378 0.6102, -0.4528 -1.174 0.6102, -0.5118 -1.174 0.6102, -0.6496 -1.174 0.6102, -0.6496 -0.9378 0.6102, -0.5118 -0.9378 0.6102, -1.1024 -1.174 0.6102, -1.1024 -0.9378 0.6102, -1.2402 -0.9378 0.6102, -1.2402 -1.174 0.6102, -1.2992 -1.174 0.6102, -1.0433 -1.174 0.6102, -1.0433 -0.9378 0.6102, -0.9055 -0.9378 0.6102, -1.4961 -1.174 0.6102, -1.4961 -0.9378 0.6102, -1.6339 -0.9378 0.6102, -1.6339 -1.174 0.6102, -1.6929 -1.174 0.6102, -1.437 -1.174 0.6102, -1.437 -0.9378 0.6102, -1.2992 -0.9378 0.6102, -1.8898 -1.174 0.6102, -1.8898 -0.9378 0.6102, -2.0276 -0.9378 0.6102, -2.0276 -1.174 0.6102, -2.0866 -1.174 0.6102, -1.8307 -1.174 0.6102, -1.8307 -0.9378 0.6102, -1.6929 -0.9378 0.6102, -2.2835 -0.9378 0.6102, -2.2835 -1.174 0.6102, -2.2244 -1.174 0.6102, -2.2244 -0.9378 0.6102, -2.0866 -0.9378 0.6102
            ]
        }
        coordIndex [
            0,1,2,-1,2,1,3,-1,2,3,4,-1,5,6,7,-1,7,6,8,-1,7,8,9,-1,5,7,10,-1,11,12,13,-1,13,12,14,-1,15,16,17,-1,18,19,4,-1,10,20,5,-1,5,20,13,-1,5,13,4,-1,4,13,14,-1,4,14,21,-1,22,23,21,-1,21,23,24,-1,21,24,4,-1,4,24,25,-1,26,27,28,-1,29,30,25,-1,25,30,31,-1,25,31,4,-1,4,31,32,-1,33,34,32,-1,32,34,35,-1,32,35,4,-1,4,35,36,-1,37,38,4,-1,39,40,36,-1,36,40,41,-1,36,41,4,-1,4,41,15,-1,4,15,18,-1,18,15,17,-1,42,43,19,-1,19,43,44,-1,19,44,4,-1,4,44,45,-1,46,47,48,-1,49,50,45,-1,45,50,51,-1,45,51,4,-1,4,51,52,-1,53,54,52,-1,52,54,55,-1,52,55,4,-1,4,55,26,-1,4,26,37,-1,37,26,28,-1,56,57,4,-1,58,59,38,-1,38,59,60,-1,38,60,4,-1,4,60,61,-1,62,63,61,-1,61,63,64,-1,61,64,4,-1,4,64,46,-1,4,46,56,-1,56,46,48,-1,65,66,67,-1,68,69,4,-1,70,71,57,-1,57,71,72,-1,57,72,4,-1,4,72,73,-1,67,68,65,-1,65,68,4,-1,65,4,74,-1,74,4,73,-1,74,73,75,-1,75,73,76,-1,77,78,79,-1,80,81,4,-1,79,80,77,-1,77,80,4,-1,77,4,82,-1,82,4,69,-1,82,69,83,-1,83,69,84,-1,85,86,87,-1,88,89,4,-1,87,88,85,-1,85,88,4,-1,85,4,90,-1,90,4,81,-1,90,81,91,-1,91,81,92,-1,93,94,95,-1,96,97,4,-1,95,96,93,-1,93,96,4,-1,93,4,98,-1,98,4,89,-1,98,89,99,-1,99,89,100,-1,101,2,102,-1,102,2,4,-1,102,4,103,-1,103,4,97,-1,103,97,104,-1,104,97,105,-1,
        ]
    }
}
Shape{
    appearance Appearance {
        material  Material 	{
            diffuseColor 0.6666666666666666 0.6666666666666666 0.6666666666666666
            specularColor 0.4666666666666667 0.4666666666666667 0.4666666666666667
            ambientIntensity 0.6667
            transparency 0.0
            shininess 0.5
        }
    }
    geometry IndexedFaceSet {
        ccw TRUE
        solid FALSE
        coord DEF co Coordinate {
            point [
                2.2441 -0.9378 0.6102, 2.2441 -0.8197 0.6102, 2.3031 -0.9378 0.6102, 2.3031 -0.8197 0.6102, 2.3031 -1.0953 0.689, 2.3031 -0.8197 0.689, 2.2441 -1.0953 0.689, 2.2441 -0.8197 0.689, 2.2441 -1.1346 0.6784, 2.2441 -1.174 0.6102, 2.2441 -1.151 0.6659, 2.2441 -1.1713 0.6306, 2.2441 -1.1635 0.6496, 2.2441 -1.1157 0.6863, 2.3031 -1.174 0.6102, 2.3031 -1.1713 0.6306, 2.3031 -1.1157 0.6863, 2.3031 -1.1346 0.6784, 2.3031 -1.151 0.6659, 2.3031 -1.1635 0.6496, 2.0472 -0.9378 0.6102, 2.0472 -0.8197 0.6102, 2.1063 -0.9378 0.6102, 2.1063 -0.8197 0.6102, 2.1063 -1.0953 0.689, 2.1063 -0.8197 0.689, 2.0472 -1.0953 0.689, 2.0472 -0.8197 0.689, 2.0472 -1.1346 0.6784, 2.0472 -1.174 0.6102, 2.0472 -1.151 0.6659, 2.0472 -1.1713 0.6306, 2.0472 -1.1635 0.6496, 2.0472 -1.1157 0.6863, 2.1063 -1.174 0.6102, 2.1063 -1.1713 0.6306, 2.1063 -1.1157 0.6863, 2.1063 -1.1346 0.6784, 2.1063 -1.151 0.6659, 2.1063 -1.1635 0.6496, 1.8504 -0.9378 0.6102, 1.8504 -0.8197 0.6102, 1.9094 -0.9378 0.6102, 1.9094 -0.8197 0.6102, 1.9094 -1.0953 0.689, 1.9094 -0.8197 0.689, 1.8504 -1.0953 0.689, 1.8504 -0.8197 0.689, 1.8504 -1.1346 0.6784, 1.8504 -1.174 0.6102, 1.8504 -1.151 0.6659, 1.8504 -1.1713 0.6306, 1.8504 -1.1635 0.6496, 1.8504 -1.1157 0.6863, 1.9094 -1.174 0.6102, 1.9094 -1.1713 0.6306, 1.9094 -1.1157 0.6863, 1.9094 -1.1346 0.6784, 1.9094 -1.151 0.6659, 1.9094 -1.1635 0.6496, 1.6535 -0.9378 0.6102, 1.6535 -0.8197 0.6102, 1.7126 -0.9378 0.6102, 1.7126 -0.8197 0.6102, 1.7126 -1.0953 0.689, 1.7126 -0.8197 0.689, 1.6535 -1.0953 0.689, 1.6535 -0.8197 0.689, 1.6535 -1.1346 0.6784, 1.6535 -1.174 0.6102, 1.6535 -1.151 0.6659, 1.6535 -1.1713 0.6306, 1.6535 -1.1635 0.6496, 1.6535 -1.1157 0.6863, 1.7126 -1.174 0.6102, 1.7126 -1.1713 0.6306, 1.7126 -1.1157 0.6863, 1.7126 -1.1346 0.6784, 1.7126 -1.151 0.6659, 1.7126 -1.1635 0.6496, 1.4567 -0.9378 0.6102, 1.4567 -0.8197 0.6102, 1.5157 -0.9378 0.6102, 1.5157 -0.8197 0.6102, 1.5157 -1.0953 0.689, 1.5157 -0.8197 0.689, 1.4567 -1.0953 0.689, 1.4567 -0.8197 0.689, 1.4567 -1.1346 0.6784, 1.4567 -1.174 0.6102, 1.4567 -1.151 0.6659, 1.4567 -1.1713 0.6306, 1.4567 -1.1635 0.6496, 1.4567 -1.1157 0.6863, 1.5157 -1.174 0.6102, 1.5157 -1.1713 0.6306, 1.5157 -1.1157 0.6863, 1.5157 -1.1346 0.6784, 1.5157 -1.151 0.6659, 1.5157 -1.1635 0.6496, 1.2598 -0.9378 0.6102, 1.2598 -0.8197 0.6102, 1.3189 -0.9378 0.6102, 1.3189 -0.8197 0.6102, 1.3189 -1.0953 0.689, 1.3189 -0.8197 0.689, 1.2598 -1.0953 0.689, 1.2598 -0.8197 0.689, 1.2598 -1.1346 0.6784, 1.2598 -1.174 0.6102, 1.2598 -1.151 0.6659, 1.2598 -1.1713 0.6306, 1.2598 -1.1635 0.6496, 1.2598 -1.1157 0.6863, 1.3189 -1.174 0.6102, 1.3189 -1.1713 0.6306, 1.3189 -1.1157 0.6863, 1.3189 -1.1346 0.6784, 1.3189 -1.151 0.6659, 1.3189 -1.1635 0.6496, 1.063 -0.9378 0.6102, 1.063 -0.8197 0.6102, 1.122 -0.9378 0.6102, 1.122 -0.8197 0.6102, 1.122 -1.0953 0.689, 1.122 -0.8197 0.689, 1.063 -1.0953 0.689, 1.063 -0.8197 0.689, 1.063 -1.1346 0.6784, 1.063 -1.174 0.6102, 1.063 -1.151 0.6659, 1.063 -1.1713 0.6306, 1.063 -1.1635 0.6496, 1.063 -1.1157 0.6863, 1.122 -1.174 0.6102, 1.122 -1.1713 0.6306, 1.122 -1.1157 0.6863, 1.122 -1.1346 0.6784, 1.122 -1.151 0.6659, 1.122 -1.1635 0.6496, 0.8661 -0.9378 0.6102, 0.8661 -0.8197 0.6102, 0.9252 -0.9378 0.6102, 0.9252 -0.8197 0.6102, 0.9252 -1.0953 0.689, 0.9252 -0.8197 0.689, 0.8661 -1.0953 0.689, 0.8661 -0.8197 0.689, 0.8661 -1.1346 0.6784, 0.8661 -1.174 0.6102, 0.8661 -1.151 0.6659, 0.8661 -1.1713 0.6306, 0.8661 -1.1635 0.6496, 0.8661 -1.1157 0.6863, 0.9252 -1.174 0.6102, 0.9252 -1.1713 0.6306, 0.9252 -1.1157 0.6863, 0.9252 -1.1346 0.6784, 0.9252 -1.151 0.6659, 0.9252 -1.1635 0.6496, 0.6693 -0.9378 0.6102, 0.6693 -0.8197 0.6102, 0.7283 -0.9378 0.6102, 0.7283 -0.8197 0.6102, 0.7283 -1.0953 0.689, 0.7283 -0.8197 0.689, 0.6693 -1.0953 0.689, 0.6693 -0.8197 0.689, 0.6693 -1.1346 0.6784, 0.6693 -1.174 0.6102, 0.6693 -1.151 0.6659, 0.6693 -1.1713 0.6306, 0.6693 -1.1635 0.6496, 0.6693 -1.1157 0.6863, 0.7283 -1.174 0.6102, 0.7283 -1.1713 0.6306, 0.7283 -1.1157 0.6863, 0.7283 -1.1346 0.6784, 0.7283 -1.151 0.6659, 0.7283 -1.1635 0.6496, 0.4724 -0.9378 0.6102, 0.4724 -0.8197 0.6102, 0.5315 -0.9378 0.6102, 0.5315 -0.8197 0.6102, 0.5315 -1.0953 0.689, 0.5315 -0.8197 0.689, 0.4724 -1.0953 0.689, 0.4724 -0.8197 0.689, 0.4724 -1.1346 0.6784, 0.4724 -1.174 0.6102, 0.4724 -1.151 0.6659, 0.4724 -1.1713 0.6306, 0.4724 -1.1635 0.6496, 0.4724 -1.1157 0.6863, 0.5315 -1.174 0.6102, 0.5315 -1.1713 0.6306, 0.5315 -1.1157 0.6863, 0.5315 -1.1346 0.6784, 0.5315 -1.151 0.6659, 0.5315 -1.1635 0.6496, 0.2756 -0.9378 0.6102, 0.2756 -0.8197 0.6102, 0.3346 -0.9378 0.6102, 0.3346 -0.8197 0.6102, 0.3346 -1.0953 0.689, 0.3346 -0.8197 0.689, 0.2756 -1.0953 0.689, 0.2756 -0.8197 0.689, 0.2756 -1.1346 0.6784, 0.2756 -1.174 0.6102, 0.2756 -1.151 0.6659, 0.2756 -1.1713 0.6306, 0.2756 -1.1635 0.6496, 0.2756 -1.1157 0.6863, 0.3346 -1.174 0.6102, 0.3346 -1.1713 0.6306, 0.3346 -1.1157 0.6863, 0.3346 -1.1346 0.6784, 0.3346 -1.151 0.6659, 0.3346 -1.1635 0.6496, 0.0787 -0.9378 0.6102, 0.0787 -0.8197 0.6102, 0.1378 -0.9378 0.6102, 0.1378 -0.8197 0.6102, 0.1378 -1.0953 0.689, 0.1378 -0.8197 0.689, 0.0787 -1.0953 0.689, 0.0787 -0.8197 0.689, 0.0787 -1.1346 0.6784, 0.0787 -1.174 0.6102, 0.0787 -1.151 0.6659, 0.0787 -1.1713 0.6306, 0.0787 -1.1635 0.6496, 0.0787 -1.1157 0.6863, 0.1378 -1.174 0.6102, 0.1378 -1.1713 0.6306, 0.1378 -1.1157 0.6863, 0.1378 -1.1346 0.6784, 0.1378 -1.151 0.6659, 0.1378 -1.1635 0.6496, -0.1181 -0.9378 0.6102, -0.1181 -0.8197 0.6102, -0.0591 -0.9378 0.6102, -0.0591 -0.8197 0.6102, -0.0591 -1.0953 0.689, -0.0591 -0.8197 0.689, -0.1181 -1.0953 0.689, -0.1181 -0.8197 0.689, -0.1181 -1.1346 0.6784, -0.1181 -1.174 0.6102, -0.1181 -1.151 0.6659, -0.1181 -1.1713 0.6306, -0.1181 -1.1635 0.6496, -0.1181 -1.1157 0.6863, -0.0591 -1.174 0.6102, -0.0591 -1.1713 0.6306, -0.0591 -1.1157 0.6863, -0.0591 -1.1346 0.6784, -0.0591 -1.151 0.6659, -0.0591 -1.1635 0.6496, -0.315 -0.9378 0.6102, -0.315 -0.8197 0.6102, -0.2559 -0.9378 0.6102, -0.2559 -0.8197 0.6102, -0.2559 -1.0953 0.689, -0.2559 -0.8197 0.689, -0.315 -1.0953 0.689, -0.315 -0.8197 0.689, -0.315 -1.1346 0.6784, -0.315 -1.174 0.6102, -0.315 -1.151 0.6659, -0.315 -1.1713 0.6306, -0.315 -1.1635 0.6496, -0.315 -1.1157 0.6863, -0.2559 -1.174 0.6102, -0.2559 -1.1713 0.6306, -0.2559 -1.1157 0.6863, -0.2559 -1.1346 0.6784, -0.2559 -1.151 0.6659, -0.2559 -1.1635 0.6496, -0.5118 -0.9378 0.6102, -0.5118 -0.8197 0.6102, -0.4528 -0.9378 0.6102, -0.4528 -0.8197 0.6102, -0.4528 -1.0953 0.689, -0.4528 -0.8197 0.689, -0.5118 -1.0953 0.689, -0.5118 -0.8197 0.689, -0.5118 -1.1346 0.6784, -0.5118 -1.174 0.6102, -0.5118 -1.151 0.6659, -0.5118 -1.1713 0.6306, -0.5118 -1.1635 0.6496, -0.5118 -1.1157 0.6863, -0.4528 -1.174 0.6102, -0.4528 -1.1713 0.6306, -0.4528 -1.1157 0.6863, -0.4528 -1.1346 0.6784, -0.4528 -1.151 0.6659, -0.4528 -1.1635 0.6496, -0.7087 -0.9378 0.6102, -0.7087 -0.8197 0.6102, -0.6496 -0.9378 0.6102, -0.6496 -0.8197 0.6102, -0.6496 -1.0953 0.689, -0.6496 -0.8197 0.689, -0.7087 -1.0953 0.689, -0.7087 -0.8197 0.689, -0.7087 -1.1346 0.6784, -0.7087 -1.174 0.6102, -0.7087 -1.151 0.6659, -0.7087 -1.1713 0.6306, -0.7087 -1.1635 0.6496, -0.7087 -1.1157 0.6863, -0.6496 -1.174 0.6102, -0.6496 -1.1713 0.6306, -0.6496 -1.1157 0.6863, -0.6496 -1.1346 0.6784, -0.6496 -1.151 0.6659, -0.6496 -1.1635 0.6496, -0.9055 -0.9378 0.6102, -0.9055 -0.8197 0.6102, -0.8465 -0.9378 0.6102, -0.8465 -0.8197 0.6102, -0.8465 -1.0953 0.689, -0.8465 -0.8197 0.689, -0.9055 -1.0953 0.689, -0.9055 -0.8197 0.689, -0.9055 -1.1346 0.6784, -0.9055 -1.174 0.6102, -0.9055 -1.151 0.6659, -0.9055 -1.1713 0.6306, -0.9055 -1.1635 0.6496, -0.9055 -1.1157 0.6863, -0.8465 -1.174 0.6102, -0.8465 -1.1713 0.6306, -0.8465 -1.1157 0.6863, -0.8465 -1.1346 0.6784, -0.8465 -1.151 0.6659, -0.8465 -1.1635 0.6496, -1.1024 -0.9378 0.6102, -1.1024 -0.8197 0.6102, -1.0433 -0.9378 0.6102, -1.0433 -0.8197 0.6102, -1.0433 -1.0953 0.689, -1.0433 -0.8197 0.689, -1.1024 -1.0953 0.689, -1.1024 -0.8197 0.689, -1.1024 -1.1346 0.6784, -1.1024 -1.174 0.6102, -1.1024 -1.151 0.6659, -1.1024 -1.1713 0.6306, -1.1024 -1.1635 0.6496, -1.1024 -1.1157 0.6863, -1.0433 -1.174 0.6102, -1.0433 -1.1713 0.6306, -1.0433 -1.1157 0.6863, -1.0433 -1.1346 0.6784, -1.0433 -1.151 0.6659, -1.0433 -1.1635 0.6496, -1.2992 -0.9378 0.6102, -1.2992 -0.8197 0.6102, -1.2402 -0.9378 0.6102, -1.2402 -0.8197 0.6102, -1.2402 -1.0953 0.689, -1.2402 -0.8197 0.689, -1.2992 -1.0953 0.689, -1.2992 -0.8197 0.689, -1.2992 -1.1346 0.6784, -1.2992 -1.174 0.6102, -1.2992 -1.151 0.6659, -1.2992 -1.1713 0.6306, -1.2992 -1.1635 0.6496, -1.2992 -1.1157 0.6863, -1.2402 -1.174 0.6102, -1.2402 -1.1713 0.6306, -1.2402 -1.1157 0.6863, -1.2402 -1.1346 0.6784, -1.2402 -1.151 0.6659, -1.2402 -1.1635 0.6496, -1.4961 -0.9378 0.6102, -1.4961 -0.8197 0.6102, -1.437 -0.9378 0.6102, -1.437 -0.8197 0.6102, -1.437 -1.0953 0.689, -1.437 -0.8197 0.689, -1.4961 -1.0953 0.689, -1.4961 -0.8197 0.689, -1.4961 -1.1346 0.6784, -1.4961 -1.174 0.6102, -1.4961 -1.151 0.6659, -1.4961 -1.1713 0.6306, -1.4961 -1.1635 0.6496, -1.4961 -1.1157 0.6863, -1.437 -1.174 0.6102, -1.437 -1.1713 0.6306, -1.437 -1.1157 0.6863, -1.437 -1.1346 0.6784, -1.437 -1.151 0.6659, -1.437 -1.1635 0.6496, -1.6929 -0.9378 0.6102, -1.6929 -0.8197 0.6102, -1.6339 -0.9378 0.6102, -1.6339 -0.8197 0.6102, -1.6339 -1.0953 0.689, -1.6339 -0.8197 0.689, -1.6929 -1.0953 0.689, -1.6929 -0.8197 0.689, -1.6929 -1.1346 0.6784, -1.6929 -1.174 0.6102, -1.6929 -1.151 0.6659, -1.6929 -1.1713 0.6306, -1.6929 -1.1635 0.6496, -1.6929 -1.1157 0.6863, -1.6339 -1.174 0.6102, -1.6339 -1.1713 0.6306, -1.6339 -1.1157 0.6863, -1.6339 -1.1346 0.6784, -1.6339 -1.151 0.6659, -1.6339 -1.1635 0.6496, -1.8898 -0.9378 0.6102, -1.8898 -0.8197 0.6102, -1.8307 -0.9378 0.6102, -1.8307 -0.8197 0.6102, -1.8307 -1.0953 0.689, -1.8307 -0.8197 0.689, -1.8898 -1.0953 0.689, -1.8898 -0.8197 0.689, -1.8898 -1.1346 0.6784, -1.8898 -1.174 0.6102, -1.8898 -1.151 0.6659, -1.8898 -1.1713 0.6306, -1.8898 -1.1635 0.6496, -1.8898 -1.1157 0.6863, -1.8307 -1.174 0.6102, -1.8307 -1.1713 0.6306, -1.8307 -1.1157 0.6863, -1.8307 -1.1346 0.6784, -1.8307 -1.151 0.6659, -1.8307 -1.1635 0.6496, -2.0866 -0.9378 0.6102, -2.0866 -0.8197 0.6102, -2.0276 -0.9378 0.6102, -2.0276 -0.8197 0.6102, -2.0276 -1.0953 0.689, -2.0276 -0.8197 0.689, -2.0866 -1.0953 0.689, -2.0866 -0.8197 0.689, -2.0866 -1.1346 0.6784, -2.0866 -1.174 0.6102, -2.0866 -1.151 0.6659, -2.0866 -1.1713 0.6306, -2.0866 -1.1635 0.6496, -2.0866 -1.1157 0.6863, -2.0276 -1.174 0.6102, -2.0276 -1.1713 0.6306, -2.0276 -1.1157 0.6863, -2.0276 -1.1346 0.6784, -2.0276 -1.151 0.6659, -2.0276 -1.1635 0.6496, -2.2835 -0.9378 0.6102, -2.2835 -0.8197 0.6102, -2.2244 -0.9378 0.6102, -2.2244 -0.8197 0.6102, -2.2244 -1.0953 0.689, -2.2244 -0.8197 0.689, -2.2835 -1.0953 0.689, -2.2835 -0.8197 0.689, -2.2835 -1.1346 0.6784, -2.2835 -1.174 0.6102, -2.2835 -1.151 0.6659, -2.2835 -1.1713 0.6306, -2.2835 -1.1635 0.6496, -2.2835 -1.1157 0.6863, -2.2244 -1.174 0.6102, -2.2244 -1.1713 0.6306, -2.2244 -1.1157 0.6863, -2.2244 -1.1346 0.6784, -2.2244 -1.151 0.6659, -2.2244 -1.1635 0.6496, -2.6772 0.2827 0.5906, -2.6772 0.1843 0.5906, -2.5984 0.2827 0.5906, -2.5984 0.1843 0.5906, 2.6772 0.1843 0.5906, 2.6772 0.2827 0.5906, 2.5984 0.1843 0.5906, 2.5984 0.2827 0.5906
            ]
        }
        coordIndex [
            0,1,2,-1,2,1,3,-1,4,5,6,-1,6,5,7,-1,8,9,10,-1,10,9,11,-1,10,11,12,-1,8,13,9,-1,9,13,6,-1,9,6,0,-1,0,6,7,-1,0,7,1,-1,2,3,5,-1,2,5,14,-1,14,5,4,-1,14,4,15,-1,16,17,18,-1,16,18,4,-1,4,18,19,-1,4,19,15,-1,4,6,13,-1,4,13,16,-1,16,13,8,-1,16,8,17,-1,17,8,10,-1,17,10,18,-1,18,10,12,-1,18,12,19,-1,19,12,11,-1,19,11,15,-1,15,11,9,-1,15,9,14,-1,20,21,22,-1,22,21,23,-1,24,25,26,-1,26,25,27,-1,28,29,30,-1,30,29,31,-1,30,31,32,-1,28,33,29,-1,29,33,26,-1,29,26,20,-1,20,26,27,-1,20,27,21,-1,22,23,25,-1,22,25,34,-1,34,25,24,-1,34,24,35,-1,36,37,38,-1,36,38,24,-1,24,38,39,-1,24,39,35,-1,40,41,42,-1,42,41,43,-1,44,45,46,-1,46,45,47,-1,48,49,50,-1,50,49,51,-1,50,51,52,-1,48,53,49,-1,49,53,46,-1,49,46,40,-1,40,46,47,-1,40,47,41,-1,42,43,45,-1,42,45,54,-1,54,45,44,-1,54,44,55,-1,56,57,58,-1,56,58,44,-1,44,58,59,-1,44,59,55,-1,60,61,62,-1,62,61,63,-1,64,65,66,-1,66,65,67,-1,68,69,70,-1,70,69,71,-1,70,71,72,-1,68,73,69,-1,69,73,66,-1,69,66,60,-1,60,66,67,-1,60,67,61,-1,62,63,65,-1,62,65,74,-1,74,65,64,-1,74,64,75,-1,76,77,78,-1,76,78,64,-1,64,78,79,-1,64,79,75,-1,80,81,82,-1,82,81,83,-1,84,85,86,-1,86,85,87,-1,88,89,90,-1,90,89,91,-1,90,91,92,-1,88,93,89,-1,89,93,86,-1,89,86,80,-1,80,86,87,-1,80,87,81,-1,82,83,85,-1,82,85,94,-1,94,85,84,-1,94,84,95,-1,96,97,98,-1,96,98,84,-1,84,98,99,-1,84,99,95,-1,100,101,102,-1,102,101,103,-1,104,105,106,-1,106,105,107,-1,108,109,110,-1,110,109,111,-1,110,111,112,-1,108,113,109,-1,109,113,106,-1,109,106,100,-1,100,106,107,-1,100,107,101,-1,102,103,105,-1,102,105,114,-1,114,105,104,-1,114,104,115,-1,116,117,118,-1,116,118,104,-1,104,118,119,-1,104,119,115,-1,120,121,122,-1,122,121,123,-1,124,125,126,-1,126,125,127,-1,128,129,130,-1,130,129,131,-1,130,131,132,-1,128,133,129,-1,129,133,126,-1,129,126,120,-1,120,126,127,-1,120,127,121,-1,122,123,125,-1,122,125,134,-1,134,125,124,-1,134,124,135,-1,136,137,138,-1,136,138,124,-1,124,138,139,-1,124,139,135,-1,140,141,142,-1,142,141,143,-1,144,145,146,-1,146,145,147,-1,148,149,150,-1,150,149,151,-1,150,151,152,-1,148,153,149,-1,149,153,146,-1,149,146,140,-1,140,146,147,-1,140,147,141,-1,142,143,145,-1,142,145,154,-1,154,145,144,-1,154,144,155,-1,156,157,158,-1,156,158,144,-1,144,158,159,-1,144,159,155,-1,160,161,162,-1,162,161,163,-1,164,165,166,-1,166,165,167,-1,168,169,170,-1,170,169,171,-1,170,171,172,-1,168,173,169,-1,169,173,166,-1,169,166,160,-1,160,166,167,-1,160,167,161,-1,162,163,165,-1,162,165,174,-1,174,165,164,-1,174,164,175,-1,176,177,178,-1,176,178,164,-1,164,178,179,-1,164,179,175,-1,180,181,182,-1,182,181,183,-1,184,185,186,-1,186,185,187,-1,188,189,190,-1,190,189,191,-1,190,191,192,-1,188,193,189,-1,189,193,186,-1,189,186,180,-1,180,186,187,-1,180,187,181,-1,182,183,185,-1,182,185,194,-1,194,185,184,-1,194,184,195,-1,196,197,198,-1,196,198,184,-1,184,198,199,-1,184,199,195,-1,200,201,202,-1,202,201,203,-1,204,205,206,-1,206,205,207,-1,208,209,210,-1,210,209,211,-1,210,211,212,-1,208,213,209,-1,209,213,206,-1,209,206,200,-1,200,206,207,-1,200,207,201,-1,202,203,205,-1,202,205,214,-1,214,205,204,-1,214,204,215,-1,216,217,218,-1,216,218,204,-1,204,218,219,-1,204,219,215,-1,220,221,222,-1,222,221,223,-1,224,225,226,-1,226,225,227,-1,228,229,230,-1,230,229,231,-1,230,231,232,-1,228,233,229,-1,229,233,226,-1,229,226,220,-1,220,226,227,-1,220,227,221,-1,222,223,225,-1,222,225,234,-1,234,225,224,-1,234,224,235,-1,236,237,238,-1,236,238,224,-1,224,238,239,-1,224,239,235,-1,240,241,242,-1,242,241,243,-1,244,245,246,-1,246,245,247,-1,248,249,250,-1,250,249,251,-1,250,251,252,-1,248,253,249,-1,249,253,246,-1,249,246,240,-1,240,246,247,-1,240,247,241,-1,242,243,245,-1,242,245,254,-1,254,245,244,-1,254,244,255,-1,256,257,258,-1,256,258,244,-1,244,258,259,-1,244,259,255,-1,260,261,262,-1,262,261,263,-1,264,265,266,-1,266,265,267,-1,268,269,270,-1,270,269,271,-1,270,271,272,-1,268,273,269,-1,269,273,266,-1,269,266,260,-1,260,266,267,-1,260,267,261,-1,262,263,265,-1,262,265,274,-1,274,265,264,-1,274,264,275,-1,276,277,278,-1,276,278,264,-1,264,278,279,-1,264,279,275,-1,280,281,282,-1,282,281,283,-1,284,285,286,-1,286,285,287,-1,288,289,290,-1,290,289,291,-1,290,291,292,-1,288,293,289,-1,289,293,286,-1,289,286,280,-1,280,286,287,-1,280,287,281,-1,282,283,285,-1,282,285,294,-1,294,285,284,-1,294,284,295,-1,296,297,298,-1,296,298,284,-1,284,298,299,-1,284,299,295,-1,300,301,302,-1,302,301,303,-1,304,305,306,-1,306,305,307,-1,308,309,310,-1,310,309,311,-1,310,311,312,-1,308,313,309,-1,309,313,306,-1,309,306,300,-1,300,306,307,-1,300,307,301,-1,302,303,305,-1,302,305,314,-1,314,305,304,-1,314,304,315,-1,316,317,318,-1,316,318,304,-1,304,318,319,-1,304,319,315,-1,320,321,322,-1,322,321,323,-1,324,325,326,-1,326,325,327,-1,328,329,330,-1,330,329,331,-1,330,331,332,-1,328,333,329,-1,329,333,326,-1,329,326,320,-1,320,326,327,-1,320,327,321,-1,322,323,325,-1,322,325,334,-1,334,325,324,-1,334,324,335,-1,336,337,338,-1,336,338,324,-1,324,338,339,-1,324,339,335,-1,340,341,342,-1,342,341,343,-1,344,345,346,-1,346,345,347,-1,348,349,350,-1,350,349,351,-1,350,351,352,-1,348,353,349,-1,349,353,346,-1,349,346,340,-1,340,346,347,-1,340,347,341,-1,342,343,345,-1,342,345,354,-1,354,345,344,-1,354,344,355,-1,356,357,358,-1,356,358,344,-1,344,358,359,-1,344,359,355,-1,360,361,362,-1,362,361,363,-1,364,365,366,-1,366,365,367,-1,368,369,370,-1,370,369,371,-1,370,371,372,-1,368,373,369,-1,369,373,366,-1,369,366,360,-1,360,366,367,-1,360,367,361,-1,362,363,365,-1,362,365,374,-1,374,365,364,-1,374,364,375,-1,376,377,378,-1,376,378,364,-1,364,378,379,-1,364,379,375,-1,380,381,382,-1,382,381,383,-1,384,385,386,-1,386,385,387,-1,388,389,390,-1,390,389,391,-1,390,391,392,-1,388,393,389,-1,389,393,386,-1,389,386,380,-1,380,386,387,-1,380,387,381,-1,382,383,385,-1,382,385,394,-1,394,385,384,-1,394,384,395,-1,396,397,398,-1,396,398,384,-1,384,398,399,-1,384,399,395,-1,400,401,402,-1,402,401,403,-1,404,405,406,-1,406,405,407,-1,408,409,410,-1,410,409,411,-1,410,411,412,-1,408,413,409,-1,409,413,406,-1,409,406,400,-1,400,406,407,-1,400,407,401,-1,402,403,405,-1,402,405,414,-1,414,405,404,-1,414,404,415,-1,416,417,418,-1,416,418,404,-1,404,418,419,-1,404,419,415,-1,420,421,422,-1,422,421,423,-1,424,425,426,-1,426,425,427,-1,428,429,430,-1,430,429,431,-1,430,431,432,-1,428,433,429,-1,429,433,426,-1,429,426,420,-1,420,426,427,-1,420,427,421,-1,422,423,425,-1,422,425,434,-1,434,425,424,-1,434,424,435,-1,436,437,438,-1,436,438,424,-1,424,438,439,-1,424,439,435,-1,440,441,442,-1,442,441,443,-1,444,445,446,-1,446,445,447,-1,448,449,450,-1,450,449,451,-1,450,451,452,-1,448,453,449,-1,449,453,446,-1,449,446,440,-1,440,446,447,-1,440,447,441,-1,442,443,445,-1,442,445,454,-1,454,445,444,-1,454,444,455,-1,456,457,458,-1,456,458,444,-1,444,458,459,-1,444,459,455,-1,460,461,462,-1,462,461,463,-1,464,465,466,-1,466,465,467,-1,468,469,470,-1,470,469,471,-1,470,471,472,-1,468,473,469,-1,469,473,466,-1,469,466,460,-1,460,466,467,-1,460,467,461,-1,462,463,465,-1,462,465,474,-1,474,465,464,-1,474,464,475,-1,476,477,478,-1,476,478,464,-1,464,478,479,-1,464,479,475,-1,24,26,33,-1,24,33,36,-1,36,33,28,-1,36,28,37,-1,37,28,30,-1,37,30,38,-1,38,30,32,-1,38,32,39,-1,39,32,31,-1,39,31,35,-1,35,31,29,-1,35,29,34,-1,44,46,53,-1,44,53,56,-1,56,53,48,-1,56,48,57,-1,57,48,50,-1,57,50,58,-1,58,50,52,-1,58,52,59,-1,59,52,51,-1,59,51,55,-1,55,51,49,-1,55,49,54,-1,64,66,73,-1,64,73,76,-1,76,73,68,-1,76,68,77,-1,77,68,70,-1,77,70,78,-1,78,70,72,-1,78,72,79,-1,79,72,71,-1,79,71,75,-1,75,71,69,-1,75,69,74,-1,84,86,93,-1,84,93,96,-1,96,93,88,-1,96,88,97,-1,97,88,90,-1,97,90,98,-1,98,90,92,-1,98,92,99,-1,99,92,91,-1,99,91,95,-1,95,91,89,-1,95,89,94,-1,104,106,113,-1,104,113,116,-1,116,113,108,-1,116,108,117,-1,117,108,110,-1,117,110,118,-1,118,110,112,-1,118,112,119,-1,119,112,111,-1,119,111,115,-1,115,111,109,-1,115,109,114,-1,124,126,133,-1,124,133,136,-1,136,133,128,-1,136,128,137,-1,137,128,130,-1,137,130,138,-1,138,130,132,-1,138,132,139,-1,139,132,131,-1,139,131,135,-1,135,131,129,-1,135,129,134,-1,144,146,153,-1,144,153,156,-1,156,153,148,-1,156,148,157,-1,157,148,150,-1,157,150,158,-1,158,150,152,-1,158,152,159,-1,159,152,151,-1,159,151,155,-1,155,151,149,-1,155,149,154,-1,164,166,173,-1,164,173,176,-1,176,173,168,-1,176,168,177,-1,177,168,170,-1,177,170,178,-1,178,170,172,-1,178,172,179,-1,179,172,171,-1,179,171,175,-1,175,171,169,-1,175,169,174,-1,184,186,193,-1,184,193,196,-1,196,193,188,-1,196,188,197,-1,197,188,190,-1,197,190,198,-1,198,190,192,-1,198,192,199,-1,199,192,191,-1,199,191,195,-1,195,191,189,-1,195,189,194,-1,204,206,213,-1,204,213,216,-1,216,213,208,-1,216,208,217,-1,217,208,210,-1,217,210,218,-1,218,210,212,-1,218,212,219,-1,219,212,211,-1,219,211,215,-1,215,211,209,-1,215,209,214,-1,224,226,233,-1,224,233,236,-1,236,233,228,-1,236,228,237,-1,237,228,230,-1,237,230,238,-1,238,230,232,-1,238,232,239,-1,239,232,231,-1,239,231,235,-1,235,231,229,-1,235,229,234,-1,244,246,253,-1,244,253,256,-1,256,253,248,-1,256,248,257,-1,257,248,250,-1,257,250,258,-1,258,250,252,-1,258,252,259,-1,259,252,251,-1,259,251,255,-1,255,251,249,-1,255,249,254,-1,264,266,273,-1,264,273,276,-1,276,273,268,-1,276,268,277,-1,277,268,270,-1,277,270,278,-1,278,270,272,-1,278,272,279,-1,279,272,271,-1,279,271,275,-1,275,271,269,-1,275,269,274,-1,284,286,293,-1,284,293,296,-1,296,293,288,-1,296,288,297,-1,297,288,290,-1,297,290,298,-1,298,290,292,-1,298,292,299,-1,299,292,291,-1,299,291,295,-1,295,291,289,-1,295,289,294,-1,304,306,313,-1,304,313,316,-1,316,313,308,-1,316,308,317,-1,317,308,310,-1,317,310,318,-1,318,310,312,-1,318,312,319,-1,319,312,311,-1,319,311,315,-1,315,311,309,-1,315,309,314,-1,324,326,333,-1,324,333,336,-1,336,333,328,-1,336,328,337,-1,337,328,330,-1,337,330,338,-1,338,330,332,-1,338,332,339,-1,339,332,331,-1,339,331,335,-1,335,331,329,-1,335,329,334,-1,344,346,353,-1,344,353,356,-1,356,353,348,-1,356,348,357,-1,357,348,350,-1,357,350,358,-1,358,350,352,-1,358,352,359,-1,359,352,351,-1,359,351,355,-1,355,351,349,-1,355,349,354,-1,364,366,373,-1,364,373,376,-1,376,373,368,-1,376,368,377,-1,377,368,370,-1,377,370,378,-1,378,370,372,-1,378,372,379,-1,379,372,371,-1,379,371,375,-1,375,371,369,-1,375,369,374,-1,384,386,393,-1,384,393,396,-1,396,393,388,-1,396,388,397,-1,397,388,390,-1,397,390,398,-1,398,390,392,-1,398,392,399,-1,399,392,391,-1,399,391,395,-1,395,391,389,-1,395,389,394,-1,404,406,413,-1,404,413,416,-1,416,413,408,-1,416,408,417,-1,417,408,410,-1,417,410,418,-1,418,410,412,-1,418,412,419,-1,419,412,411,-1,419,411,415,-1,415,411,409,-1,415,409,414,-1,424,426,433,-1,424,433,436,-1,436,433,428,-1,436,428,437,-1,437,428,430,-1,437,430,438,-1,438,430,432,-1,438,432,439,-1,439,432,431,-1,439,431,435,-1,435,431,429,-1,435,429,434,-1,444,446,453,-1,444,453,456,-1,456,453,448,-1,456,448,457,-1,457,448,450,-1,457,450,458,-1,458,450,452,-1,458,452,459,-1,459,452,451,-1,459,451,455,-1,455,451,449,-1,455,449,454,-1,464,466,473,-1,464,473,476,-1,476,473,468,-1,476,468,477,-1,477,468,470,-1,477,470,478,-1,478,470,472,-1,478,472,479,-1,479,472,471,-1,479,471,475,-1,475,471,469,-1,475,469,474,-1,480,481,482,-1,482,481,483,-1,484,485,486,-1,486,485,487,-1,
        ]
    }
}
Shape{
    appearance Appearance {
        material  Material 	{
            diffuseColor 0.5882352941176471 0.5725490196078431 0.5254901960784314
            specularColor 0.043137254901960784 0.0392156862745098 0.0392156862745098
            ambientIntensity 0.8167
            transparency 0.0
            shininess 0.5
        }
    }
    geometry IndexedFaceSet {
        ccw TRUE
        solid FALSE
        coord DEF co Coordinate {
            point [
                2.6772 0.3417 0.6299, 2.7165 0.3811 0.6693, 2.6772 0.3417 0.0906, 2.7165 0.3811 0.0906, 2.6772 0.1843 0.6299, 2.7165 0.1843 0.6693, 2.5984 0.3417 0.0906, 2.5591 0.3811 0.0906, 2.5984 0.3417 0.6693, 2.5591 0.3811 0.6693, -2.5591 0.3811 0.0906, -2.5984 0.3417 0.0906, -2.5591 0.3811 0.6693, -2.5984 0.3417 0.6693, -2.7165 0.3811 0.6693, -2.6772 0.3417 0.6299, -2.7165 0.3811 0.0906, -2.6772 0.3417 0.0906, -2.7165 0.1843 0.6693, -2.6772 0.1843 0.6299, 2.3031 0.1843 0.6299, 2.3031 0.1843 0.6693, 2.3031 0.3811 0.6299, 2.3031 0.3811 0.6693, 2.2244 0.3811 0.6299, 2.2244 0.3811 0.6693, 2.2244 0.1843 0.6299, 2.2244 0.1843 0.6693, -2.2244 0.1843 0.6299, -2.2244 0.1843 0.6693, -2.2244 0.3811 0.6299, -2.2244 0.3811 0.6693, -2.3031 0.3811 0.6299, -2.3031 0.3811 0.6693, -2.3031 0.1843 0.6299, -2.3031 0.1843 0.6693, -2.0276 0.1843 0.6299, -2.0276 0.1843 0.6693, -2.0276 0.3811 0.6299, -2.0276 0.3811 0.6693, -2.1063 0.3811 0.6299, -2.1063 0.3811 0.6693, -2.1063 0.1843 0.6299, -2.1063 0.1843 0.6693, -1.8307 0.1843 0.6299, -1.8307 0.1843 0.6693, -1.8307 0.3811 0.6299, -1.8307 0.3811 0.6693, -1.9094 0.3811 0.6299, -1.9094 0.3811 0.6693, -1.9094 0.1843 0.6299, -1.9094 0.1843 0.6693, -1.6339 0.1843 0.6299, -1.6339 0.1843 0.6693, -1.6339 0.3811 0.6299, -1.6339 0.3811 0.6693, -1.7126 0.3811 0.6299, -1.7126 0.3811 0.6693, -1.7126 0.1843 0.6299, -1.7126 0.1843 0.6693, -1.437 0.1843 0.6299, -1.437 0.1843 0.6693, -1.437 0.3811 0.6299, -1.437 0.3811 0.6693, -1.5157 0.3811 0.6299, -1.5157 0.3811 0.6693, -1.5157 0.1843 0.6299, -1.5157 0.1843 0.6693, -1.2402 0.1843 0.6299, -1.2402 0.1843 0.6693, -1.2402 0.3811 0.6299, -1.2402 0.3811 0.6693, -1.3189 0.3811 0.6299, -1.3189 0.3811 0.6693, -1.3189 0.1843 0.6299, -1.3189 0.1843 0.6693, -1.0433 0.1843 0.6299, -1.0433 0.1843 0.6693, -1.0433 0.3811 0.6299, -1.0433 0.3811 0.6693, -1.122 0.3811 0.6299, -1.122 0.3811 0.6693, -1.122 0.1843 0.6299, -1.122 0.1843 0.6693, -0.8465 0.1843 0.6299, -0.8465 0.1843 0.6693, -0.8465 0.3811 0.6299, -0.8465 0.3811 0.6693, -0.9252 0.3811 0.6299, -0.9252 0.3811 0.6693, -0.9252 0.1843 0.6299, -0.9252 0.1843 0.6693, -0.6496 0.1843 0.6299, -0.6496 0.1843 0.6693, -0.6496 0.3811 0.6299, -0.6496 0.3811 0.6693, -0.7283 0.3811 0.6299, -0.7283 0.3811 0.6693, -0.7283 0.1843 0.6299, -0.7283 0.1843 0.6693, -0.4528 0.1843 0.6299, -0.4528 0.1843 0.6693, -0.4528 0.3811 0.6299, -0.4528 0.3811 0.6693, -0.5315 0.3811 0.6299, -0.5315 0.3811 0.6693, -0.5315 0.1843 0.6299, -0.5315 0.1843 0.6693, -0.2559 0.1843 0.6299, -0.2559 0.1843 0.6693, -0.2559 0.3811 0.6299, -0.2559 0.3811 0.6693, -0.3346 0.3811 0.6299, -0.3346 0.3811 0.6693, -0.3346 0.1843 0.6299, -0.3346 0.1843 0.6693, -0.0591 0.1843 0.6299, -0.0591 0.1843 0.6693, -0.0591 0.3811 0.6299, -0.0591 0.3811 0.6693, -0.1378 0.3811 0.6299, -0.1378 0.3811 0.6693, -0.1378 0.1843 0.6299, -0.1378 0.1843 0.6693, 0.1378 0.1843 0.6299, 0.1378 0.1843 0.6693, 0.1378 0.3811 0.6299, 0.1378 0.3811 0.6693, 0.0591 0.3811 0.6299, 0.0591 0.3811 0.6693, 0.0591 0.1843 0.6299, 0.0591 0.1843 0.6693, 0.3346 0.1843 0.6299, 0.3346 0.1843 0.6693, 0.3346 0.3811 0.6299, 0.3346 0.3811 0.6693, 0.2559 0.3811 0.6299, 0.2559 0.3811 0.6693, 0.2559 0.1843 0.6299, 0.2559 0.1843 0.6693, 0.5315 0.1843 0.6299, 0.5315 0.1843 0.6693, 0.5315 0.3811 0.6299, 0.5315 0.3811 0.6693, 0.4528 0.3811 0.6299, 0.4528 0.3811 0.6693, 0.4528 0.1843 0.6299, 0.4528 0.1843 0.6693, 0.7283 0.1843 0.6299, 0.7283 0.1843 0.6693, 0.7283 0.3811 0.6299, 0.7283 0.3811 0.6693, 0.6496 0.3811 0.6299, 0.6496 0.3811 0.6693, 0.6496 0.1843 0.6299, 0.6496 0.1843 0.6693, 0.9252 0.1843 0.6299, 0.9252 0.1843 0.6693, 0.9252 0.3811 0.6299, 0.9252 0.3811 0.6693, 0.8465 0.3811 0.6299, 0.8465 0.3811 0.6693, 0.8465 0.1843 0.6299, 0.8465 0.1843 0.6693, 1.122 0.1843 0.6299, 1.122 0.1843 0.6693, 1.122 0.3811 0.6299, 1.122 0.3811 0.6693, 1.0433 0.3811 0.6299, 1.0433 0.3811 0.6693, 1.0433 0.1843 0.6299, 1.0433 0.1843 0.6693, 1.3189 0.1843 0.6299, 1.3189 0.1843 0.6693, 1.3189 0.3811 0.6299, 1.3189 0.3811 0.6693, 1.2402 0.3811 0.6299, 1.2402 0.3811 0.6693, 1.2402 0.1843 0.6299, 1.2402 0.1843 0.6693, 1.5157 0.1843 0.6299, 1.5157 0.1843 0.6693, 1.5157 0.3811 0.6299, 1.5157 0.3811 0.6693, 1.437 0.3811 0.6299, 1.437 0.3811 0.6693, 1.437 0.1843 0.6299, 1.437 0.1843 0.6693, 1.7126 0.1843 0.6299, 1.7126 0.1843 0.6693, 1.7126 0.3811 0.6299, 1.7126 0.3811 0.6693, 1.6339 0.3811 0.6299, 1.6339 0.3811 0.6693, 1.6339 0.1843 0.6299, 1.6339 0.1843 0.6693, 1.9094 0.1843 0.6299, 1.9094 0.1843 0.6693, 1.9094 0.3811 0.6299, 1.9094 0.3811 0.6693, 1.8307 0.3811 0.6299, 1.8307 0.3811 0.6693, 1.8307 0.1843 0.6299, 1.8307 0.1843 0.6693, 2.1063 0.1843 0.6299, 2.1063 0.1843 0.6693, 2.1063 0.3811 0.6299, 2.1063 0.3811 0.6693, 2.0276 0.3811 0.6299, 2.0276 0.3811 0.6693, 2.0276 0.1843 0.6299, 2.0276 0.1843 0.6693
            ]
        }
        coordIndex [
            0,1,2,-1,2,1,3,-1,4,5,0,-1,0,5,1,-1,6,7,8,-1,8,7,9,-1,10,11,12,-1,12,11,13,-1,14,15,16,-1,16,15,17,-1,18,19,14,-1,14,19,15,-1,20,21,22,-1,22,21,23,-1,24,25,26,-1,26,25,27,-1,28,29,30,-1,30,29,31,-1,32,33,34,-1,34,33,35,-1,36,37,38,-1,38,37,39,-1,40,41,42,-1,42,41,43,-1,44,45,46,-1,46,45,47,-1,48,49,50,-1,50,49,51,-1,52,53,54,-1,54,53,55,-1,56,57,58,-1,58,57,59,-1,60,61,62,-1,62,61,63,-1,64,65,66,-1,66,65,67,-1,68,69,70,-1,70,69,71,-1,72,73,74,-1,74,73,75,-1,76,77,78,-1,78,77,79,-1,80,81,82,-1,82,81,83,-1,84,85,86,-1,86,85,87,-1,88,89,90,-1,90,89,91,-1,92,93,94,-1,94,93,95,-1,96,97,98,-1,98,97,99,-1,100,101,102,-1,102,101,103,-1,104,105,106,-1,106,105,107,-1,108,109,110,-1,110,109,111,-1,112,113,114,-1,114,113,115,-1,116,117,118,-1,118,117,119,-1,120,121,122,-1,122,121,123,-1,124,125,126,-1,126,125,127,-1,128,129,130,-1,130,129,131,-1,132,133,134,-1,134,133,135,-1,136,137,138,-1,138,137,139,-1,140,141,142,-1,142,141,143,-1,144,145,146,-1,146,145,147,-1,148,149,150,-1,150,149,151,-1,152,153,154,-1,154,153,155,-1,156,157,158,-1,158,157,159,-1,160,161,162,-1,162,161,163,-1,164,165,166,-1,166,165,167,-1,168,169,170,-1,170,169,171,-1,172,173,174,-1,174,173,175,-1,176,177,178,-1,178,177,179,-1,180,181,182,-1,182,181,183,-1,184,185,186,-1,186,185,187,-1,188,189,190,-1,190,189,191,-1,192,193,194,-1,194,193,195,-1,196,197,198,-1,198,197,199,-1,200,201,202,-1,202,201,203,-1,204,205,206,-1,206,205,207,-1,208,209,210,-1,210,209,211,-1,
        ]
    }
}
Shape{
    appearance Appearance {
        material  Material 	{
            diffuseColor 0.6666666666666666 0.6666666666666666 0.6666666666666666
            specularColor 0.4666666666666667 0.4666666666666667 0.4666666666666667
            ambientIntensity 0.6667
            transparency 0.0
            shininess 0.5
        }
    }
    geometry IndexedFaceSet {
        ccw TRUE
        solid FALSE
        coord DEF co Coordinate {
            point [
                2.3031 0.3815 0.6299, 2.2244 0.3815 0.6299, 2.3031 0.3811 0.6299, 2.2244 0.3811 0.6299, 2.3031 0.1843 0.6299, 2.2244 0.1843 0.6299, 2.1063 0.3815 0.6299, 2.0276 0.3815 0.6299, 2.1063 0.3811 0.6299, 2.0276 0.3811 0.6299, 2.1063 0.1843 0.6299, 2.0276 0.1843 0.6299, 1.8307 0.1843 0.6299, 1.9094 0.1843 0.6299, 1.8307 0.3811 0.6299, 1.9094 0.3811 0.6299, 1.8307 0.3815 0.6299, 1.9094 0.3815 0.6299, 1.6339 0.1843 0.6299, 1.7126 0.1843 0.6299, 1.6339 0.3811 0.6299, 1.7126 0.3811 0.6299, 1.6339 0.3815 0.6299, 1.7126 0.3815 0.6299, 1.437 0.1843 0.6299, 1.5157 0.1843 0.6299, 1.437 0.3811 0.6299, 1.5157 0.3811 0.6299, 1.437 0.3815 0.6299, 1.5157 0.3815 0.6299, 1.2402 0.1843 0.6299, 1.3189 0.1843 0.6299, 1.2402 0.3811 0.6299, 1.3189 0.3811 0.6299, 1.2402 0.3815 0.6299, 1.3189 0.3815 0.6299, 1.0433 0.1843 0.6299, 1.122 0.1843 0.6299, 1.0433 0.3811 0.6299, 1.122 0.3811 0.6299, 1.0433 0.3815 0.6299, 1.122 0.3815 0.6299, 0.9252 0.3815 0.6299, 0.8465 0.3815 0.6299, 0.9252 0.3811 0.6299, 0.8465 0.3811 0.6299, 0.9252 0.1843 0.6299, 0.8465 0.1843 0.6299, 0.6496 0.1843 0.6299, 0.7283 0.1843 0.6299, 0.6496 0.3811 0.6299, 0.7283 0.3811 0.6299, 0.6496 0.3815 0.6299, 0.7283 0.3815 0.6299, 0.4528 0.1843 0.6299, 0.5315 0.1843 0.6299, 0.4528 0.3811 0.6299, 0.5315 0.3811 0.6299, 0.4528 0.3815 0.6299, 0.5315 0.3815 0.6299, 0.2559 0.1843 0.6299, 0.3346 0.1843 0.6299, 0.2559 0.3811 0.6299, 0.3346 0.3811 0.6299, 0.2559 0.3815 0.6299, 0.3346 0.3815 0.6299, 0.0591 0.1843 0.6299, 0.1378 0.1843 0.6299, 0.0591 0.3811 0.6299, 0.1378 0.3811 0.6299, 0.0591 0.3815 0.6299, 0.1378 0.3815 0.6299, -0.1378 0.1843 0.6299, -0.0591 0.1843 0.6299, -0.1378 0.3811 0.6299, -0.0591 0.3811 0.6299, -0.1378 0.3815 0.6299, -0.0591 0.3815 0.6299, -0.3346 0.1843 0.6299, -0.2559 0.1843 0.6299, -0.3346 0.3811 0.6299, -0.2559 0.3811 0.6299, -0.3346 0.3815 0.6299, -0.2559 0.3815 0.6299, -0.5315 0.1843 0.6299, -0.4528 0.1843 0.6299, -0.5315 0.3811 0.6299, -0.4528 0.3811 0.6299, -0.5315 0.3815 0.6299, -0.4528 0.3815 0.6299, -0.7283 0.1843 0.6299, -0.6496 0.1843 0.6299, -0.7283 0.3811 0.6299, -0.6496 0.3811 0.6299, -0.7283 0.3815 0.6299, -0.6496 0.3815 0.6299, -0.9252 0.1843 0.6299, -0.8465 0.1843 0.6299, -0.9252 0.3811 0.6299, -0.8465 0.3811 0.6299, -0.9252 0.3815 0.6299, -0.8465 0.3815 0.6299, -1.122 0.1843 0.6299, -1.0433 0.1843 0.6299, -1.122 0.3811 0.6299, -1.0433 0.3811 0.6299, -1.122 0.3815 0.6299, -1.0433 0.3815 0.6299, -1.3189 0.1843 0.6299, -1.2402 0.1843 0.6299, -1.3189 0.3811 0.6299, -1.2402 0.3811 0.6299, -1.3189 0.3815 0.6299, -1.2402 0.3815 0.6299, -1.5157 0.1843 0.6299, -1.437 0.1843 0.6299, -1.5157 0.3811 0.6299, -1.437 0.3811 0.6299, -1.5157 0.3815 0.6299, -1.437 0.3815 0.6299, -1.6339 0.3815 0.6299, -1.7126 0.3815 0.6299, -1.6339 0.3811 0.6299, -1.7126 0.3811 0.6299, -1.6339 0.1843 0.6299, -1.7126 0.1843 0.6299, -1.8307 0.3815 0.6299, -1.9094 0.3815 0.6299, -1.8307 0.3811 0.6299, -1.9094 0.3811 0.6299, -1.8307 0.1843 0.6299, -1.9094 0.1843 0.6299, -2.0276 0.3815 0.6299, -2.1063 0.3815 0.6299, -2.0276 0.3811 0.6299, -2.1063 0.3811 0.6299, -2.0276 0.1843 0.6299, -2.1063 0.1843 0.6299, -2.2244 0.3815 0.6299, -2.3031 0.3815 0.6299, -2.2244 0.3811 0.6299, -2.3031 0.3811 0.6299, -2.2244 0.1843 0.6299, -2.3031 0.1843 0.6299
            ]
        }
        coordIndex [
            0,1,2,-1,2,1,3,-1,2,3,4,-1,4,3,5,-1,6,7,8,-1,8,7,9,-1,8,9,10,-1,10,9,11,-1,12,13,14,-1,14,13,15,-1,14,15,16,-1,16,15,17,-1,18,19,20,-1,20,19,21,-1,20,21,22,-1,22,21,23,-1,24,25,26,-1,26,25,27,-1,26,27,28,-1,28,27,29,-1,30,31,32,-1,32,31,33,-1,32,33,34,-1,34,33,35,-1,36,37,38,-1,38,37,39,-1,38,39,40,-1,40,39,41,-1,42,43,44,-1,44,43,45,-1,44,45,46,-1,46,45,47,-1,48,49,50,-1,50,49,51,-1,50,51,52,-1,52,51,53,-1,54,55,56,-1,56,55,57,-1,56,57,58,-1,58,57,59,-1,60,61,62,-1,62,61,63,-1,62,63,64,-1,64,63,65,-1,66,67,68,-1,68,67,69,-1,68,69,70,-1,70,69,71,-1,72,73,74,-1,74,73,75,-1,74,75,76,-1,76,75,77,-1,78,79,80,-1,80,79,81,-1,80,81,82,-1,82,81,83,-1,84,85,86,-1,86,85,87,-1,86,87,88,-1,88,87,89,-1,90,91,92,-1,92,91,93,-1,92,93,94,-1,94,93,95,-1,96,97,98,-1,98,97,99,-1,98,99,100,-1,100,99,101,-1,102,103,104,-1,104,103,105,-1,104,105,106,-1,106,105,107,-1,108,109,110,-1,110,109,111,-1,110,111,112,-1,112,111,113,-1,114,115,116,-1,116,115,117,-1,116,117,118,-1,118,117,119,-1,120,121,122,-1,122,121,123,-1,122,123,124,-1,124,123,125,-1,126,127,128,-1,128,127,129,-1,128,129,130,-1,130,129,131,-1,132,133,134,-1,134,133,135,-1,134,135,136,-1,136,135,137,-1,138,139,140,-1,140,139,141,-1,140,141,142,-1,142,141,143,-1,
        ]
    }
}
Shape{
    appearance Appearance {
        material  Material 	{
            diffuseColor 0.20784313725490197 0.20784313725490197 0.20784313725490197
            specularColor 0.01568627450980392 0.01568627450980392 0.01568627450980392
            ambientIntensity 0.298
            transparency 0.0
            shininess 0.5
        }
    }
    geometry IndexedFaceSet {
        ccw TRUE
        solid FALSE
        coord DEF co Coordinate {
            point [
                2.4803 -0.7016 0.6102, 2.874 -0.7016 0.6102, 2.4803 -0.9378 0.6102, 2.874 -0.9378 0.6102, 2.874 -0.8591 0.7677, 2.4803 -0.8591 0.7677, -2.874 -0.7016 0.6102, -2.4803 -0.7016 0.6102, -2.874 -0.9378 0.6102, -2.4803 -0.9378 0.6102, -2.874 -0.8591 0.7677, -2.4803 -0.8591 0.7677
            ]
        }
        coordIndex [
            0,1,2,-1,2,1,3,-1,4,1,5,-1,5,1,0,-1,6,7,8,-1,8,7,9,-1,6,10,7,-1,7,10,11,-1,
        ]
    }
}
Shape{
    appearance Appearance {
        material  Material 	{
            diffuseColor 0.6666666666666666 0.6666666666666666 0.6666666666666666
            specularColor 0.4666666666666667 0.4666666666666667 0.4666666666666667
            ambientIntensity 0.6667
            transparency 0.0
            shininess 0.5
        }
    }
    geometry IndexedFaceSet {
        ccw TRUE
        solid FALSE
        coord DEF co Coordinate {
            point [
                3.1496 -0.6472 0.0787, 3.1496 -0.6472 0.0, 3.1479 -0.6343 0.0, 3.1479 -0.6343 0.0787, 3.1431 -0.6221 0.0, 3.1431 -0.6221 0.0787, 3.1356 -0.6114 0.0, 3.1356 -0.6114 0.0787, 3.1258 -0.6027 0.0, 3.1258 -0.6027 0.0787, 3.1143 -0.5966 0.0, 3.1143 -0.5966 0.0787, 3.1476 -0.6614 0.0787, 3.1476 -0.6614 0.0, 3.142 -0.6745 0.0787, 3.142 -0.6745 0.0, 3.1332 -0.6857 0.0787, 3.1332 -0.6857 0.0, 3.1218 -0.6943 0.0787, 3.1218 -0.6943 0.0, 3.1086 -0.6997 0.0787, 3.1086 -0.6997 0.0, 3.0945 -0.7016 0.0787, 3.0945 -0.7016 0.0, 3.1496 -0.3622 0.0787, 3.1496 -0.3622 0.0, 3.1476 -0.3481 0.0, 3.1476 -0.3481 0.0787, 3.142 -0.335 0.0, 3.142 -0.335 0.0787, 3.1332 -0.3237 0.0, 3.1332 -0.3237 0.0787, 3.1218 -0.3151 0.0, 3.1218 -0.3151 0.0787, 3.1086 -0.3097 0.0, 3.1086 -0.3097 0.0787, 3.0945 -0.3079 0.0, 3.0945 -0.3079 0.0787, 3.1143 -0.4129 0.0787, 3.1143 -0.4129 0.0, 3.1258 -0.4067 0.0, 3.1258 -0.4067 0.0787, 3.1356 -0.3981 0.0, 3.1356 -0.3981 0.0787, 3.1431 -0.3874 0.0, 3.1431 -0.3874 0.0787, 3.1479 -0.3752 0.0, 3.1479 -0.3752 0.0787, -3.1143 -0.5966 0.0787, -3.1143 -0.5966 0.0, -3.1258 -0.6027 0.0, -3.1258 -0.6027 0.0787, -3.1356 -0.6114 0.0, -3.1356 -0.6114 0.0787, -3.1431 -0.6221 0.0, -3.1431 -0.6221 0.0787, -3.1479 -0.6343 0.0, -3.1479 -0.6343 0.0787, -3.1496 -0.6472 0.0, -3.1496 -0.6472 0.0787, -3.1476 -0.6614 0.0, -3.1476 -0.6614 0.0787, -3.142 -0.6745 0.0, -3.142 -0.6745 0.0787, -3.1332 -0.6857 0.0, -3.1332 -0.6857 0.0787, -3.1218 -0.6943 0.0, -3.1218 -0.6943 0.0787, -3.1086 -0.6997 0.0, -3.1086 -0.6997 0.0787, -3.0945 -0.7016 0.0, -3.0945 -0.7016 0.0787, -3.1496 -0.3622 0.0, -3.1496 -0.3622 0.0787, -3.1476 -0.3481 0.0787, -3.1476 -0.3481 0.0, -3.142 -0.335 0.0787, -3.142 -0.335 0.0, -3.1332 -0.3237 0.0787, -3.1332 -0.3237 0.0, -3.1218 -0.3151 0.0787, -3.1218 -0.3151 0.0, -3.1086 -0.3097 0.0787, -3.1086 -0.3097 0.0, -3.0945 -0.3079 0.0787, -3.0945 -0.3079 0.0, -3.1479 -0.3752 0.0, -3.1479 -0.3752 0.0787, -3.1431 -0.3874 0.0, -3.1431 -0.3874 0.0787, -3.1356 -0.3981 0.0, -3.1356 -0.3981 0.0787, -3.1258 -0.4067 0.0, -3.1258 -0.4067 0.0787, -3.1143 -0.4129 0.0, -3.1143 -0.4129 0.0787
            ]
        }
        coordIndex [
            0,1,2,-1,0,2,3,-1,3,2,4,-1,3,4,5,-1,5,4,6,-1,5,6,7,-1,7,6,8,-1,7,8,9,-1,9,8,10,-1,9,10,11,-1,1,0,12,-1,1,12,13,-1,13,12,14,-1,13,14,15,-1,15,14,16,-1,15,16,17,-1,17,16,18,-1,17,18,19,-1,19,18,20,-1,19,20,21,-1,21,20,22,-1,21,22,23,-1,24,25,26,-1,24,26,27,-1,27,26,28,-1,27,28,29,-1,29,28,30,-1,29,30,31,-1,31,30,32,-1,31,32,33,-1,33,32,34,-1,33,34,35,-1,35,34,36,-1,35,36,37,-1,38,39,40,-1,38,40,41,-1,41,40,42,-1,41,42,43,-1,43,42,44,-1,43,44,45,-1,45,44,46,-1,45,46,47,-1,47,46,25,-1,47,25,24,-1,48,49,50,-1,48,50,51,-1,51,50,52,-1,51,52,53,-1,53,52,54,-1,53,54,55,-1,55,54,56,-1,55,56,57,-1,57,56,58,-1,57,58,59,-1,59,58,60,-1,59,60,61,-1,61,60,62,-1,61,62,63,-1,63,62,64,-1,63,64,65,-1,65,64,66,-1,65,66,67,-1,67,66,68,-1,67,68,69,-1,69,68,70,-1,69,70,71,-1,72,73,74,-1,72,74,75,-1,75,74,76,-1,75,76,77,-1,77,76,78,-1,77,78,79,-1,79,78,80,-1,79,80,81,-1,81,80,82,-1,81,82,83,-1,83,82,84,-1,83,84,85,-1,73,72,86,-1,73,86,87,-1,87,86,88,-1,87,88,89,-1,89,88,90,-1,89,90,91,-1,91,90,92,-1,91,92,93,-1,93,92,94,-1,93,94,95,-1,
        ]
    }
}
Shape{
    appearance Appearance {
        material  Material 	{
            diffuseColor 0.20784313725490197 0.20784313725490197 0.20784313725490197
            specularColor 0.01568627450980392 0.01568627450980392 0.01568627450980392
            ambientIntensity 0.298
            transparency 0.0
            shininess 0.5
        }
    }
    geometry IndexedFaceSet {
        ccw TRUE
        solid FALSE
        coord DEF co Coordinate {
            point [
                -2.874 -1.3709 0.7677, -2.874 -1.3709 0.2087, -2.874 -1.4102 0.7677, -2.874 -1.4102 0.2087, -3.0709 -1.4102 0.7677, -3.0709 -1.4102 0.2087, 2.874 -1.4102 0.7677, 3.0709 -1.4102 0.7677, 2.874 -1.4102 0.2087, 3.0709 -1.4102 0.2087, 2.874 -1.3709 0.7677, 2.874 -1.3709 0.2087
            ]
        }
        coordIndex [
            0,1,2,-1,2,1,3,-1,2,3,4,-1,4,3,5,-1,6,7,8,-1,8,7,9,-1,10,6,11,-1,11,6,8,-1,
        ]
    }
}
Shape{
    appearance Appearance {
        material  Material 	{
            diffuseColor 0.0 0.0 0.0
            specularColor 0.0 0.0 0.0
            ambientIntensity 0.0
            transparency 0.0
            shininess 0.5
        }
    }
    geometry IndexedFaceSet {
        ccw TRUE
        solid FALSE
        coord DEF co Coordinate {
            point [
                3.0071 -0.0605 0.7913, 3.0046 -0.0636 0.7913, 3.009 -0.0674 0.7913, 3.0037 -0.0645 0.7913, 3.0041 -0.0709 0.7913, 3.0005 -0.0665 0.7913, 2.9987 -0.073 0.7913, 2.9964 -0.068 0.7913, 2.9905 -0.074 0.7913, 2.9905 -0.0686 0.7913, 2.9774 -0.074 0.7913, 2.9835 -0.0686 0.7913, 2.9774 -0.0264 0.7913, 2.9835 -0.0319 0.7913, 2.991 -0.0264 0.7913, 2.9907 -0.0319 0.7913, 2.9986 -0.0273 0.7913, 2.9966 -0.0325 0.7913, 3.0043 -0.0294 0.7913, 3.0008 -0.0339 0.7913, 3.009 -0.0327 0.7913, 3.0045 -0.0363 0.7913, 3.011 -0.0347 0.7913, 3.0061 -0.038 0.7913, 3.0138 -0.0389 0.7913, 3.0079 -0.0408 0.7913, 3.0155 -0.0436 0.7913, 3.0092 -0.0444 0.7913, 3.0162 -0.0496 0.7913, 3.0097 -0.0498 0.7913, 3.016 -0.053 0.7913, 3.0096 -0.0525 0.7913, 3.0148 -0.0585 0.7913, 3.0087 -0.0569 0.7913, 3.0124 -0.0634 0.7913, 3.009 -0.0674 0.7874, 3.0124 -0.0634 0.7874, 3.0148 -0.0585 0.7874, 3.016 -0.053 0.7874, 3.0162 -0.0496 0.7874, 3.0155 -0.0436 0.7874, 3.0138 -0.0389 0.7874, 3.011 -0.0347 0.7874, 3.009 -0.0327 0.7874, 3.0043 -0.0294 0.7874, 2.9986 -0.0273 0.7874, 2.991 -0.0264 0.7874, 2.9774 -0.0264 0.7874, 2.9774 -0.074 0.7874, 2.9905 -0.074 0.7874, 2.9987 -0.073 0.7874, 3.0041 -0.0709 0.7874, 3.0045 -0.0363 0.7874, 3.0061 -0.038 0.7874, 3.0079 -0.0408 0.7874, 3.0092 -0.0444 0.7874, 3.0097 -0.0498 0.7874, 2.9907 -0.0319 0.7874, 2.9966 -0.0325 0.7874, 3.0008 -0.0339 0.7874, 2.9835 -0.0319 0.7874, 2.9835 -0.0686 0.7874, 2.9905 -0.0686 0.7874, 3.0046 -0.0636 0.7874, 3.0037 -0.0645 0.7874, 3.0005 -0.0665 0.7874, 2.9964 -0.068 0.7874, 3.0096 -0.0525 0.7874, 3.0087 -0.0569 0.7874, 3.0071 -0.0605 0.7874
            ]
        }
        coordIndex [
            0,1,2,-1,2,1,3,-1,2,3,4,-1,4,3,5,-1,4,5,6,-1,6,5,7,-1,6,7,8,-1,8,7,9,-1,8,9,10,-1,10,9,11,-1,10,11,12,-1,12,11,13,-1,12,13,14,-1,14,13,15,-1,14,15,16,-1,16,15,17,-1,16,17,18,-1,18,17,19,-1,18,19,20,-1,20,19,21,-1,20,21,22,-1,22,21,23,-1,22,23,24,-1,24,23,25,-1,24,25,26,-1,26,25,27,-1,26,27,28,-1,28,27,29,-1,28,29,30,-1,30,29,31,-1,30,31,32,-1,32,31,33,-1,32,33,34,-1,34,33,0,-1,34,0,2,-1,2,35,36,-1,2,36,34,-1,34,36,37,-1,34,37,32,-1,32,37,38,-1,32,38,30,-1,30,38,39,-1,30,39,28,-1,28,39,40,-1,28,40,26,-1,26,40,41,-1,26,41,24,-1,24,41,42,-1,24,42,22,-1,22,42,43,-1,22,43,20,-1,20,43,44,-1,20,44,18,-1,18,44,45,-1,18,45,16,-1,16,45,46,-1,16,46,14,-1,12,14,47,-1,47,14,46,-1,10,12,48,-1,48,12,47,-1,8,10,49,-1,49,10,48,-1,8,49,50,-1,8,50,6,-1,6,50,51,-1,6,51,4,-1,4,51,35,-1,4,35,2,-1,21,52,53,-1,21,53,23,-1,23,53,54,-1,23,54,25,-1,25,54,55,-1,25,55,27,-1,27,55,56,-1,27,56,29,-1,15,57,58,-1,15,58,17,-1,17,58,59,-1,17,59,19,-1,19,59,52,-1,19,52,21,-1,15,13,57,-1,57,13,60,-1,13,11,60,-1,60,11,61,-1,11,9,61,-1,61,9,62,-1,1,63,64,-1,1,64,3,-1,3,64,65,-1,3,65,5,-1,5,65,66,-1,5,66,7,-1,7,66,62,-1,7,62,9,-1,29,56,67,-1,29,67,31,-1,31,67,68,-1,31,68,33,-1,33,68,69,-1,33,69,0,-1,0,69,63,-1,0,63,1,-1,
        ]
    }
}
Shape{
    appearance Appearance {
        material  Material 	{
            diffuseColor 0.5882352941176471 0.5725490196078431 0.5254901960784314
            specularColor 0.043137254901960784 0.0392156862745098 0.0392156862745098
            ambientIntensity 0.8167
            transparency 0.0
            shininess 0.5
        }
    }
    geometry IndexedFaceSet {
        ccw TRUE
        solid FALSE
        coord DEF co Coordinate {
            point [
                2.9835 -0.0319 0.7874, 2.9835 -0.0686 0.7874, 2.9907 -0.0319 0.7874, 2.9905 -0.0686 0.7874, 2.9964 -0.068 0.7874, 3.0005 -0.0665 0.7874, 3.0037 -0.0645 0.7874, 3.0046 -0.0636 0.7874, 3.0071 -0.0605 0.7874, 3.0087 -0.0569 0.7874, 3.0096 -0.0525 0.7874, 3.0097 -0.0498 0.7874, 3.0092 -0.0444 0.7874, 3.0079 -0.0408 0.7874, 3.0061 -0.038 0.7874, 3.0045 -0.0363 0.7874, 2.9966 -0.0325 0.7874, 3.0008 -0.0339 0.7874
            ]
        }
        coordIndex [
            0,1,2,-1,2,1,3,-1,2,3,4,-1,4,5,2,-1,2,5,6,-1,2,6,7,-1,7,8,2,-1,2,8,9,-1,2,9,10,-1,10,11,2,-1,2,11,12,-1,2,12,13,-1,13,14,2,-1,2,14,15,-1,2,15,16,-1,16,15,17,-1,
        ]
    }
}
Shape{
    appearance Appearance {
        material  Material 	{
            diffuseColor 0.0 0.0 0.0
            specularColor 0.0 0.0 0.0
            ambientIntensity 0.0
            transparency 0.0
            shininess 0.5
        }
    }
    geometry IndexedFaceSet {
        ccw TRUE
        solid FALSE
        coord DEF co Coordinate {
            point [
                2.9208 -0.0656 0.7913, 2.9208 -0.0656 0.7874, 2.9204 -0.0672 0.7874, 2.9204 -0.0672 0.7913, 2.9201 -0.0684 0.7874, 2.9201 -0.0684 0.7913, 2.9199 -0.0684 0.7913, 2.9199 -0.0684 0.7874, 2.9192 -0.0656 0.7913, 2.9192 -0.0656 0.7874, 2.9103 -0.04 0.7913, 2.9132 -0.0483 0.7874, 2.9103 -0.04 0.7874, 2.9036 -0.04 0.7913, 2.9036 -0.04 0.7874, 2.917 -0.074 0.7913, 2.9132 -0.0643 0.7874, 2.917 -0.074 0.7874, 2.9144 -0.0802 0.7874, 2.9144 -0.0802 0.7913, 2.9168 -0.0744 0.7874, 2.9132 -0.0823 0.7874, 2.9132 -0.0823 0.7874, 2.9121 -0.0835 0.7913, 2.9132 -0.0823 0.7913, 2.9121 -0.0835 0.7874, 2.911 -0.0843 0.7874, 2.911 -0.0843 0.7913, 2.9097 -0.0848 0.7874, 2.9097 -0.0848 0.7913, 2.9082 -0.085 0.7874, 2.9082 -0.085 0.7913, 2.9061 -0.0847 0.7874, 2.9061 -0.0847 0.7913, 2.9049 -0.0843 0.7874, 2.9049 -0.0843 0.7913, 2.9049 -0.0896 0.7913, 2.9049 -0.0896 0.7874, 2.9074 -0.09 0.7874, 2.9074 -0.09 0.7913, 2.9087 -0.0901 0.7874, 2.9087 -0.0901 0.7913, 2.9111 -0.0898 0.7874, 2.9111 -0.0898 0.7913, 2.9132 -0.089 0.7874, 2.9135 -0.0889 0.7913, 2.9135 -0.0889 0.7874, 2.9156 -0.0874 0.7874, 2.9156 -0.0874 0.7913, 2.916 -0.0871 0.7874, 2.916 -0.0871 0.7913, 2.9182 -0.0844 0.7874, 2.9182 -0.0844 0.7913, 2.9209 -0.0792 0.7874, 2.9209 -0.0792 0.7913, 2.9363 -0.04 0.7874, 2.9363 -0.04 0.7913, 2.9227 -0.0744 0.7874, 2.9301 -0.04 0.7913, 2.9301 -0.04 0.7874, 2.8868 -0.0748 0.7874, 2.8906 -0.0744 0.7874, 2.8868 -0.0748 0.7913, 2.8916 -0.0743 0.7913, 2.8916 -0.0743 0.7874, 2.8949 -0.0732 0.7874, 2.8949 -0.0732 0.7913, 2.8967 -0.0721 0.7874, 2.8967 -0.0721 0.7913, 2.8984 -0.0706 0.7874, 2.8984 -0.0706 0.7913, 2.8995 -0.0691 0.7874, 2.8995 -0.0691 0.7913, 2.9002 -0.0672 0.7874, 2.9002 -0.0672 0.7913, 2.9005 -0.0648 0.7874, 2.9005 -0.0648 0.7913, 2.9003 -0.0626 0.7874, 2.9003 -0.0626 0.7913, 2.8996 -0.0608 0.7874, 2.8996 -0.0608 0.7913, 2.8985 -0.0592 0.7874, 2.8985 -0.0592 0.7913, 2.8971 -0.0579 0.7874, 2.8971 -0.0579 0.7913, 2.8931 -0.0557 0.7874, 2.8931 -0.0557 0.7913, 2.8908 -0.0547 0.7874, 2.8908 -0.0547 0.7913, 2.8871 -0.0531 0.7874, 2.8871 -0.0531 0.7913, 2.885 -0.0518 0.7874, 2.885 -0.0518 0.7913, 2.8844 -0.0512 0.7874, 2.8844 -0.0512 0.7913, 2.884 -0.0504 0.7874, 2.884 -0.0504 0.7913, 2.8838 -0.0494 0.7874, 2.8838 -0.0494 0.7913, 2.8837 -0.0487 0.7874, 2.8837 -0.0487 0.7913, 2.8838 -0.0477 0.7874, 2.8838 -0.0477 0.7913, 2.8841 -0.0469 0.7874, 2.8841 -0.0469 0.7913, 2.8846 -0.0461 0.7874, 2.8846 -0.0461 0.7913, 2.8855 -0.0453 0.7874, 2.8855 -0.0453 0.7913, 2.8869 -0.0446 0.7874, 2.8869 -0.0446 0.7913, 2.8885 -0.0442 0.7874, 2.8885 -0.0442 0.7913, 2.8902 -0.0441 0.7874, 2.8902 -0.0441 0.7913, 2.8942 -0.0445 0.7874, 2.8942 -0.0445 0.7913, 2.8975 -0.0458 0.7874, 2.8975 -0.0458 0.7913, 2.8989 -0.0465 0.7874, 2.8989 -0.0465 0.7913, 2.8989 -0.0407 0.7913, 2.8989 -0.0407 0.7874, 2.8941 -0.0394 0.7874, 2.8941 -0.0394 0.7913, 2.8908 -0.0392 0.7874, 2.8908 -0.0392 0.7913, 2.8864 -0.0397 0.7874, 2.8864 -0.0397 0.7913, 2.8832 -0.0409 0.7874, 2.8832 -0.0409 0.7913, 2.8814 -0.0419 0.7874, 2.8814 -0.0419 0.7913, 2.8803 -0.0429 0.7874, 2.8796 -0.0435 0.7913, 2.8796 -0.0435 0.7874, 2.8785 -0.0451 0.7874, 2.8785 -0.0451 0.7913, 2.8778 -0.0471 0.7874, 2.8778 -0.0471 0.7913, 2.8776 -0.0492 0.7874, 2.8776 -0.0492 0.7913, 2.8778 -0.0515 0.7874, 2.8778 -0.0515 0.7913, 2.8785 -0.0533 0.7874, 2.8785 -0.0533 0.7913, 2.8793 -0.0546 0.7874, 2.8793 -0.0546 0.7913, 2.8866 -0.0591 0.7874, 2.8866 -0.0591 0.7913, 2.883 -0.0574 0.7913, 2.8802 -0.0556 0.7874, 2.8802 -0.0556 0.7913, 2.8803 -0.0556 0.7874, 2.883 -0.0574 0.7874, 2.8905 -0.0607 0.7874, 2.8905 -0.0607 0.7913, 2.8929 -0.0621 0.7874, 2.8929 -0.0621 0.7913, 2.8936 -0.0629 0.7874, 2.8936 -0.0629 0.7913, 2.8941 -0.0637 0.7874, 2.8941 -0.0637 0.7913, 2.8943 -0.0646 0.7874, 2.8943 -0.0646 0.7913, 2.8944 -0.0654 0.7874, 2.8944 -0.0654 0.7913, 2.8943 -0.0665 0.7874, 2.8943 -0.0665 0.7913, 2.894 -0.0674 0.7874, 2.894 -0.0674 0.7913, 2.8934 -0.0681 0.7874, 2.8934 -0.0681 0.7913, 2.8928 -0.0687 0.7874, 2.8928 -0.0687 0.7913, 2.8922 -0.0691 0.7874, 2.8922 -0.0691 0.7913, 2.8907 -0.0696 0.7874, 2.8907 -0.0696 0.7913, 2.8876 -0.07 0.7874, 2.8876 -0.07 0.7913, 2.8874 -0.07 0.7874, 2.8874 -0.07 0.7913, 2.8775 -0.0667 0.7874, 2.8775 -0.0667 0.7913, 2.8799 -0.0681 0.7913, 2.8836 -0.0695 0.7874, 2.8836 -0.0695 0.7913, 2.8803 -0.0683 0.7874, 2.8799 -0.0681 0.7874, 2.8775 -0.0728 0.7913, 2.8775 -0.0728 0.7874, 2.8803 -0.0738 0.7874, 2.8818 -0.0743 0.7913, 2.8828 -0.0744 0.7874, 2.8818 -0.0743 0.7874, 2.8635 -0.074 0.7913, 2.8694 -0.074 0.7913, 2.8635 -0.0688 0.7913, 2.8694 -0.0521 0.7913, 2.8635 -0.0524 0.7913, 2.8505 -0.0595 0.7913, 2.852 -0.0588 0.7913, 2.8633 -0.0688 0.7913, 2.8602 -0.0679 0.7913, 2.8624 -0.0702 0.7913, 2.8585 -0.069 0.7913, 2.8555 -0.058 0.7913, 2.8635 -0.057 0.7913, 2.8635 -0.0602 0.7913, 2.8635 -0.0606 0.7913, 2.8631 -0.0633 0.7913, 2.8622 -0.0654 0.7913, 2.8609 -0.0672 0.7913, 2.8633 -0.0498 0.7913, 2.869 -0.0477 0.7913, 2.8626 -0.0476 0.7913, 2.8681 -0.045 0.7913, 2.8619 -0.0464 0.7913, 2.8669 -0.043 0.7913, 2.861 -0.0454 0.7913, 2.8653 -0.0415 0.7913, 2.86 -0.0448 0.7913, 2.8633 -0.0403 0.7913, 2.8586 -0.0443 0.7913, 2.8608 -0.0396 0.7913, 2.8566 -0.0441 0.7913, 2.8571 -0.0392 0.7913, 2.853 -0.0445 0.7913, 2.8515 -0.0398 0.7913, 2.8492 -0.0457 0.7913, 2.847 -0.0415 0.7913, 2.8454 -0.0482 0.7913, 2.8454 -0.0424 0.7913, 2.8494 -0.0679 0.7913, 2.845 -0.0722 0.7913, 2.8499 -0.0684 0.7913, 2.847 -0.0736 0.7913, 2.8511 -0.0692 0.7913, 2.8493 -0.0744 0.7913, 2.8524 -0.0697 0.7913, 2.8529 -0.0748 0.7913, 2.8544 -0.0699 0.7913, 2.856 -0.0745 0.7913, 2.8567 -0.0697 0.7913, 2.8584 -0.0736 0.7913, 2.8605 -0.0722 0.7913, 2.8482 -0.0635 0.7913, 2.8421 -0.0641 0.7913, 2.8481 -0.0644 0.7913, 2.8421 -0.0649 0.7913, 2.8483 -0.0658 0.7913, 2.8424 -0.0676 0.7913, 2.8487 -0.0669 0.7913, 2.8431 -0.0697 0.7913, 2.8443 -0.0715 0.7913, 2.8534 -0.0538 0.7913, 2.849 -0.0549 0.7913, 2.8497 -0.0601 0.7913, 2.8464 -0.0562 0.7913, 2.849 -0.061 0.7913, 2.8446 -0.0577 0.7913, 2.8485 -0.0621 0.7913, 2.8434 -0.0594 0.7913, 2.8425 -0.0615 0.7913, 2.8566 -0.0441 0.7874, 2.8586 -0.0443 0.7874, 2.86 -0.0448 0.7874, 2.861 -0.0454 0.7874, 2.8619 -0.0464 0.7874, 2.8626 -0.0476 0.7874, 2.8633 -0.0498 0.7874, 2.8635 -0.0524 0.7874, 2.8534 -0.0538 0.7874, 2.849 -0.0549 0.7874, 2.8464 -0.0562 0.7874, 2.8446 -0.0577 0.7874, 2.8434 -0.0594 0.7874, 2.8425 -0.0615 0.7874, 2.8421 -0.0641 0.7874, 2.8421 -0.0649 0.7874, 2.8424 -0.0676 0.7874, 2.8431 -0.0697 0.7874, 2.8443 -0.0715 0.7874, 2.845 -0.0722 0.7874, 2.8529 -0.0748 0.7874, 2.8494 -0.0744 0.7874, 2.8493 -0.0744 0.7874, 2.847 -0.0736 0.7874, 2.856 -0.0745 0.7874, 2.8561 -0.0744 0.7874, 2.8584 -0.0736 0.7874, 2.8605 -0.0722 0.7874, 2.8624 -0.0702 0.7874, 2.8633 -0.0688 0.7874, 2.8635 -0.0688 0.7874, 2.8635 -0.074 0.7874, 2.8694 -0.074 0.7874, 2.8694 -0.0521 0.7874, 2.869 -0.0477 0.7874, 2.8681 -0.045 0.7874, 2.8669 -0.043 0.7874, 2.8653 -0.0415 0.7874, 2.8633 -0.0403 0.7874, 2.8608 -0.0396 0.7874, 2.8571 -0.0392 0.7874, 2.8515 -0.0398 0.7874, 2.847 -0.0415 0.7874, 2.8454 -0.0424 0.7874, 2.8454 -0.0482 0.7874, 2.8492 -0.0457 0.7874, 2.853 -0.0445 0.7874, 2.8609 -0.0672 0.7874, 2.8602 -0.0679 0.7874, 2.8585 -0.069 0.7874, 2.8567 -0.0697 0.7874, 2.8544 -0.0699 0.7874, 2.8635 -0.0602 0.7874, 2.8635 -0.0606 0.7874, 2.8631 -0.0633 0.7874, 2.8622 -0.0654 0.7874, 2.8635 -0.057 0.7874, 2.8555 -0.058 0.7874, 2.8497 -0.0601 0.7874, 2.8505 -0.0595 0.7874, 2.852 -0.0588 0.7874, 2.8481 -0.0644 0.7874, 2.8482 -0.0635 0.7874, 2.8485 -0.0621 0.7874, 2.849 -0.061 0.7874, 2.8499 -0.0684 0.7874, 2.8494 -0.0679 0.7874, 2.8487 -0.0669 0.7874, 2.8483 -0.0658 0.7874, 2.8524 -0.0697 0.7874, 2.8511 -0.0692 0.7874
            ]
        }
        coordIndex [
            0,1,2,-1,0,2,3,-1,3,2,4,-1,3,4,5,-1,6,5,7,-1,7,5,4,-1,8,6,9,-1,9,6,7,-1,8,9,10,-1,10,9,11,-1,10,11,12,-1,13,10,14,-1,14,10,12,-1,13,14,15,-1,15,14,16,-1,15,16,17,-1,18,19,20,-1,20,19,15,-1,20,15,17,-1,19,18,21,-1,22,23,21,-1,21,23,24,-1,21,24,19,-1,22,25,23,-1,23,25,26,-1,23,26,27,-1,27,26,28,-1,27,28,29,-1,29,28,30,-1,29,30,31,-1,31,30,32,-1,31,32,33,-1,33,32,34,-1,33,34,35,-1,36,35,37,-1,37,35,34,-1,36,37,38,-1,36,38,39,-1,39,38,40,-1,39,40,41,-1,41,40,42,-1,41,42,43,-1,43,42,44,-1,43,44,45,-1,44,46,45,-1,45,46,47,-1,45,47,48,-1,48,47,49,-1,48,49,50,-1,50,49,51,-1,50,51,52,-1,52,51,53,-1,52,53,54,-1,55,56,57,-1,57,56,54,-1,57,54,53,-1,58,56,59,-1,59,56,55,-1,0,58,1,-1,1,58,59,-1,3,5,54,-1,56,58,54,-1,54,58,0,-1,54,0,3,-1,10,13,8,-1,8,13,15,-1,8,15,6,-1,52,24,50,-1,50,24,23,-1,35,36,33,-1,33,36,39,-1,33,39,31,-1,31,39,41,-1,31,41,29,-1,29,41,43,-1,29,43,27,-1,27,43,45,-1,27,45,23,-1,23,45,48,-1,23,48,50,-1,5,6,54,-1,54,6,15,-1,54,15,52,-1,52,15,19,-1,52,19,24,-1,60,61,62,-1,62,61,63,-1,61,64,63,-1,63,64,65,-1,63,65,66,-1,66,65,67,-1,66,67,68,-1,68,67,69,-1,68,69,70,-1,70,69,71,-1,70,71,72,-1,72,71,73,-1,72,73,74,-1,74,73,75,-1,74,75,76,-1,76,75,77,-1,76,77,78,-1,78,77,79,-1,78,79,80,-1,80,79,81,-1,80,81,82,-1,82,81,83,-1,82,83,84,-1,84,83,85,-1,84,85,86,-1,86,85,87,-1,86,87,88,-1,88,87,89,-1,88,89,90,-1,90,89,91,-1,90,91,92,-1,92,91,93,-1,92,93,94,-1,94,93,95,-1,94,95,96,-1,96,95,97,-1,96,97,98,-1,98,97,99,-1,98,99,100,-1,100,99,101,-1,100,101,102,-1,102,101,103,-1,102,103,104,-1,104,103,105,-1,104,105,106,-1,106,105,107,-1,106,107,108,-1,108,107,109,-1,108,109,110,-1,110,109,111,-1,110,111,112,-1,112,111,113,-1,112,113,114,-1,114,113,115,-1,114,115,116,-1,116,115,117,-1,116,117,118,-1,118,117,119,-1,118,119,120,-1,121,120,122,-1,122,120,119,-1,121,122,123,-1,121,123,124,-1,124,123,125,-1,124,125,126,-1,126,125,127,-1,126,127,128,-1,128,127,129,-1,128,129,130,-1,130,129,131,-1,130,131,132,-1,131,133,132,-1,132,133,134,-1,133,135,134,-1,134,135,136,-1,134,136,137,-1,137,136,138,-1,137,138,139,-1,139,138,140,-1,139,140,141,-1,141,140,142,-1,141,142,143,-1,143,142,144,-1,143,144,145,-1,145,144,146,-1,145,146,147,-1,148,149,150,-1,147,146,151,-1,147,151,152,-1,152,151,153,-1,152,153,150,-1,150,153,154,-1,150,154,148,-1,149,148,155,-1,149,155,156,-1,156,155,157,-1,156,157,158,-1,158,157,159,-1,158,159,160,-1,160,159,161,-1,160,161,162,-1,162,161,163,-1,162,163,164,-1,164,163,165,-1,164,165,166,-1,166,165,167,-1,166,167,168,-1,168,167,169,-1,168,169,170,-1,170,169,171,-1,170,171,172,-1,172,171,173,-1,172,173,174,-1,174,173,175,-1,174,175,176,-1,176,175,177,-1,176,177,178,-1,178,177,179,-1,178,179,180,-1,180,179,181,-1,180,181,182,-1,183,184,185,-1,182,181,186,-1,182,186,187,-1,187,186,188,-1,187,188,185,-1,185,188,189,-1,185,189,183,-1,190,184,191,-1,191,184,183,-1,191,192,190,-1,190,192,193,-1,60,62,194,-1,194,62,193,-1,194,193,195,-1,195,193,192,-1,106,108,130,-1,130,108,128,-1,156,88,149,-1,149,88,90,-1,66,68,172,-1,172,68,70,-1,172,70,170,-1,170,70,72,-1,170,72,168,-1,168,72,74,-1,168,74,166,-1,166,74,76,-1,166,76,164,-1,164,76,78,-1,164,78,162,-1,162,78,80,-1,162,80,160,-1,160,80,82,-1,160,82,158,-1,158,82,84,-1,158,84,156,-1,156,84,86,-1,156,86,88,-1,62,182,193,-1,193,182,187,-1,193,187,190,-1,190,187,185,-1,190,185,184,-1,108,110,128,-1,128,110,112,-1,128,112,126,-1,126,112,114,-1,126,114,124,-1,124,114,116,-1,124,116,121,-1,121,116,118,-1,121,118,120,-1,172,174,66,-1,66,174,176,-1,66,176,63,-1,63,176,178,-1,63,178,62,-1,62,178,180,-1,62,180,182,-1,130,132,106,-1,106,132,134,-1,106,134,104,-1,104,134,137,-1,104,137,102,-1,102,137,139,-1,102,139,100,-1,100,139,141,-1,100,141,98,-1,98,141,143,-1,98,143,96,-1,96,143,145,-1,96,145,94,-1,94,145,147,-1,94,147,92,-1,92,147,152,-1,92,152,90,-1,90,152,150,-1,90,150,149,-1,196,197,198,-1,198,197,199,-1,200,201,202,-1,203,204,205,-1,205,204,206,-1,207,208,199,-1,199,208,209,-1,209,210,199,-1,199,210,211,-1,199,211,198,-1,198,211,212,-1,198,212,203,-1,203,212,213,-1,203,213,204,-1,202,207,200,-1,200,207,199,-1,200,199,214,-1,214,199,215,-1,214,215,216,-1,216,215,217,-1,216,217,218,-1,218,217,219,-1,218,219,220,-1,220,219,221,-1,220,221,222,-1,222,221,223,-1,222,223,224,-1,224,223,225,-1,224,225,226,-1,226,225,227,-1,226,227,228,-1,228,227,229,-1,228,229,230,-1,230,229,231,-1,230,231,232,-1,232,231,233,-1,234,235,236,-1,236,235,237,-1,236,237,238,-1,238,237,239,-1,238,239,240,-1,240,239,241,-1,240,241,242,-1,242,241,243,-1,242,243,244,-1,244,243,245,-1,244,245,206,-1,206,245,246,-1,206,246,205,-1,247,248,249,-1,249,248,250,-1,249,250,251,-1,251,250,252,-1,251,252,253,-1,253,252,254,-1,253,254,234,-1,234,254,255,-1,234,255,235,-1,200,256,201,-1,201,256,257,-1,201,257,258,-1,258,257,259,-1,258,259,260,-1,260,259,261,-1,260,261,262,-1,262,261,263,-1,262,263,247,-1,247,263,264,-1,247,264,248,-1,226,265,266,-1,226,266,224,-1,224,266,267,-1,224,267,222,-1,222,267,268,-1,222,268,220,-1,220,268,269,-1,220,269,218,-1,218,269,270,-1,218,270,216,-1,216,270,271,-1,216,271,214,-1,214,271,272,-1,214,272,200,-1,256,200,273,-1,273,200,272,-1,256,273,274,-1,256,274,257,-1,257,274,275,-1,257,275,259,-1,259,275,276,-1,259,276,261,-1,261,276,277,-1,261,277,263,-1,263,277,278,-1,263,278,264,-1,264,278,279,-1,264,279,248,-1,248,279,280,-1,248,280,250,-1,250,280,281,-1,250,281,252,-1,252,281,282,-1,252,282,254,-1,254,282,283,-1,254,283,255,-1,255,283,284,-1,255,284,235,-1,285,241,286,-1,286,241,239,-1,286,239,287,-1,287,239,237,-1,287,237,288,-1,288,237,235,-1,288,235,284,-1,241,285,289,-1,241,289,243,-1,243,289,290,-1,243,290,245,-1,290,291,245,-1,245,291,292,-1,245,292,246,-1,246,292,293,-1,246,293,205,-1,205,293,294,-1,205,294,203,-1,198,203,295,-1,295,203,294,-1,196,198,296,-1,296,198,295,-1,197,196,297,-1,297,196,296,-1,199,197,298,-1,298,197,297,-1,199,298,299,-1,199,299,215,-1,215,299,300,-1,215,300,217,-1,217,300,301,-1,217,301,219,-1,219,301,302,-1,219,302,221,-1,221,302,303,-1,221,303,223,-1,223,303,304,-1,223,304,225,-1,225,304,305,-1,225,305,227,-1,227,305,306,-1,227,306,229,-1,229,306,307,-1,229,307,231,-1,231,307,308,-1,231,308,233,-1,232,233,309,-1,309,233,308,-1,232,309,310,-1,232,310,230,-1,230,310,311,-1,230,311,228,-1,228,311,265,-1,228,265,226,-1,213,312,313,-1,213,313,204,-1,204,313,314,-1,204,314,206,-1,206,314,315,-1,206,315,244,-1,244,315,316,-1,244,316,242,-1,209,317,318,-1,209,318,210,-1,210,318,319,-1,210,319,211,-1,211,319,320,-1,211,320,212,-1,212,320,312,-1,212,312,213,-1,209,208,317,-1,317,208,321,-1,208,207,321,-1,321,207,322,-1,258,323,324,-1,258,324,201,-1,201,324,325,-1,201,325,202,-1,202,325,322,-1,202,322,207,-1,249,326,327,-1,249,327,247,-1,247,327,328,-1,247,328,262,-1,262,328,329,-1,262,329,260,-1,260,329,323,-1,260,323,258,-1,236,330,331,-1,236,331,234,-1,234,331,332,-1,234,332,253,-1,253,332,333,-1,253,333,251,-1,251,333,326,-1,251,326,249,-1,242,316,334,-1,242,334,240,-1,240,334,335,-1,240,335,238,-1,238,335,330,-1,238,330,236,-1,
        ]
    }
}
Shape{
    appearance Appearance {
        material  Material 	{
            diffuseColor 0.5882352941176471 0.5725490196078431 0.5254901960784314
            specularColor 0.043137254901960784 0.0392156862745098 0.0392156862745098
            ambientIntensity 0.8167
            transparency 0.0
            shininess 0.5
        }
    }
    geometry IndexedFaceSet {
        ccw TRUE
        solid FALSE
        coord DEF co Coordinate {
            point [
                2.8635 -0.057 0.7874, 2.8555 -0.058 0.7874, 2.8635 -0.0602 0.7874, 2.852 -0.0588 0.7874, 2.8505 -0.0595 0.7874, 2.8497 -0.0601 0.7874, 2.8635 -0.0606 0.7874, 2.8631 -0.0633 0.7874, 2.849 -0.061 0.7874, 2.8622 -0.0654 0.7874, 2.8494 -0.0679 0.7874, 2.8499 -0.0684 0.7874, 2.8602 -0.0679 0.7874, 2.8487 -0.0669 0.7874, 2.8585 -0.069 0.7874, 2.8567 -0.0697 0.7874, 2.8544 -0.0699 0.7874, 2.8485 -0.0621 0.7874, 2.8482 -0.0635 0.7874, 2.8609 -0.0672 0.7874, 2.8481 -0.0644 0.7874, 2.8483 -0.0658 0.7874, 2.8511 -0.0692 0.7874, 2.8524 -0.0697 0.7874
            ]
        }
        coordIndex [
            0,1,2,-1,2,1,3,-1,3,4,2,-1,2,4,5,-1,2,5,6,-1,6,5,7,-1,7,5,8,-1,7,8,9,-1,10,11,12,-1,10,12,13,-1,14,12,15,-1,15,12,16,-1,8,17,9,-1,9,17,18,-1,9,18,19,-1,19,18,20,-1,19,20,12,-1,12,20,21,-1,12,21,13,-1,11,22,12,-1,12,22,23,-1,12,23,16,-1,
        ]
    }
}
Shape{
    appearance Appearance {
        material  Material 	{
            diffuseColor 0.0 0.0 0.0
            specularColor 0.0 0.0 0.0
            ambientIntensity 0.0
            transparency 0.0
            shininess 0.5
        }
    }
    geometry IndexedFaceSet {
        ccw TRUE
        solid FALSE
        coord DEF co Coordinate {
            point [
                2.6002 -0.0807 0.7913, 2.6052 -0.087 0.7913, 2.5972 -0.0508 0.7913, 2.5917 0.0083 0.7913, 2.5993 0.0122 0.7913, 2.597 0.0329 0.7913, 2.6182 0.0339 0.7913, 2.6287 0.0092 0.7913, 2.6339 0.0199 0.7913, 2.6104 0.0346 0.7913, 2.6315 -0.0501 0.7913, 2.6347 -0.0512 0.7913, 2.6629 -0.0593 0.7913, 2.6374 -0.0531 0.7913, 2.6396 -0.0555 0.7913, 2.7104 -0.0342 0.7913, 2.6999 -0.0163 0.7913, 2.6544 -0.04 0.7913, 2.6287 -0.0498 0.7913, 2.6254 -0.0502 0.7913, 2.6211 -0.0294 0.7913, 2.6224 -0.0514 0.7913, 2.6136 -0.0322 0.7913, 2.6198 -0.0533 0.7913, 2.6066 -0.037 0.7913, 2.6184 -0.0547 0.7913, 2.601 -0.0434 0.7913, 2.6167 -0.0575 0.7913, 2.6157 -0.0607 0.7913, 2.6155 -0.064 0.7913, 2.6413 -0.0307 0.7913, 2.6331 -0.0287 0.7913, 2.629 -0.0285 0.7913, 2.641 -0.0583 0.7913, 2.6418 -0.0614 0.7913, 2.6629 -0.0627 0.7913, 2.6418 -0.0645 0.7913, 2.6628 -0.0658 0.7913, 2.7215 -0.0007 0.7913, 2.7243 -0.0007 0.7913, 2.7382 0.0176 0.7913, 2.731 -0.0015 0.7913, 2.7397 0.0171 0.7913, 2.7369 -0.0039 0.7913, 2.7498 0.0121 0.7913, 2.759 0.0044 0.7913, 2.6251 0.042 0.7913, 2.6415 0.029 0.7913, 2.6331 0.0488 0.7913, 2.6505 0.0356 0.7913, 2.6413 0.0539 0.7913, 2.5901 -0.0465 0.7913, 2.5925 -0.0722 0.7913, 2.5968 -0.0735 0.7913, 2.6077 0.0141 0.7913, 2.6107 0.0142 0.7913, 2.6143 0.0344 0.7913, 2.6184 0.0133 0.7913, 2.6261 0.0106 0.7913, 2.6485 -0.0346 0.7913, 2.6161 -0.0672 0.7913, 2.6175 -0.07 0.7913, 2.7421 -0.0076 0.7913, 2.7453 -0.0111 0.7913, 2.766 -0.0053 0.7913, 2.7486 -0.0168 0.7913, 2.7701 -0.0156 0.7913, 2.7504 -0.0233 0.7913, 2.7717 -0.0268 0.7913, 2.7507 -0.0271 0.7913, 2.7702 -0.0388 0.7913, 2.7498 -0.034 0.7913, 2.7659 -0.0495 0.7913, 2.7474 -0.04 0.7913, 2.7592 -0.059 0.7913, 2.7437 -0.0451 0.7913, 2.75 -0.0667 0.7913, 2.7387 -0.0494 0.7913, 2.7397 -0.0718 0.7913, 2.7328 -0.0522 0.7913, 2.7283 -0.0742 0.7913, 2.7263 -0.0535 0.7913, 2.7083 -0.0742 0.7913, 2.711 -0.0535 0.7913, 2.7064 -0.0739 0.7913, 2.7199 0.0444 0.7913, 2.7064 0.029 0.7913, 2.731 0.0315 0.7913, 2.7141 0.0199 0.7913, 2.7194 0.009 0.7913, 2.5844 0.028 0.7913, 2.5737 0.0204 0.7913, 2.5853 0.0027 0.7913, 2.5714 0.0183 0.7913, 2.5807 -0.0041 0.7913, 2.5632 0.0078 0.7913, 2.5778 -0.0116 0.7913, 2.6609 -0.0741 0.7913, 2.641 -0.0678 0.7913, 2.657 -0.0818 0.7913, 2.6394 -0.0707 0.7913, 2.6514 -0.0881 0.7913, 2.6376 -0.0728 0.7913, 2.6446 -0.0928 0.7913, 2.635 -0.0746 0.7913, 2.6371 -0.0956 0.7913, 2.6321 -0.0758 0.7913, 2.629 -0.0966 0.7913, 2.6287 -0.0762 0.7913, 2.6277 -0.0965 0.7913, 2.6281 -0.0762 0.7913, 2.6197 -0.0953 0.7913, 2.6251 -0.0757 0.7913, 2.6119 -0.092 0.7913, 2.622 -0.0744 0.7913, 2.6194 -0.0724 0.7913, 2.7093 -0.0532 0.7913, 2.7012 -0.0707 0.7913, 2.702 -0.0715 0.7913, 2.657 0.06 0.7913, 2.6616 0.0401 0.7913, 2.6738 0.062 0.7913, 2.6741 0.0417 0.7913, 2.6877 0.0606 0.7913, 2.6857 0.0403 0.7913, 2.7047 0.0546 0.7913, 2.6963 0.0362 0.7913, 2.7058 0.0295 0.7913, 2.5578 -0.0044 0.7913, 2.5556 -0.0172 0.7913, 2.5768 -0.0196 0.7913, 2.5555 -0.0203 0.7913, 2.5772 -0.0247 0.7913, 2.5572 -0.0337 0.7913, 2.5796 -0.033 0.7913, 2.562 -0.0463 0.7913, 2.5839 -0.0403 0.7913, 2.5697 -0.0573 0.7913, 2.5803 -0.0663 0.7913, 2.7104 -0.0534 0.7913, 2.7042 -0.073 0.7913, 2.6985 -0.0637 0.7913, 2.6988 -0.0662 0.7913, 2.6997 -0.0685 0.7913, 2.7064 -0.0535 0.7913, 2.7041 -0.0545 0.7913, 2.6986 -0.0624 0.7913, 2.702 -0.0559 0.7913, 2.7006 -0.0575 0.7913, 2.6993 -0.0598 0.7913, 2.709 -0.0532 0.7913, 2.7613 0.0012 0.7874, 2.766 -0.0053 0.7874, 2.769 -0.0128 0.7874, 2.7701 -0.0156 0.7874, 2.7717 -0.0268 0.7874, 2.759 0.0044 0.7874, 2.7498 0.0121 0.7874, 2.7397 0.0171 0.7874, 2.7382 0.0176 0.7874, 2.731 0.0315 0.7874, 2.7199 0.0444 0.7874, 2.7121 0.0496 0.7874, 2.7047 0.0546 0.7874, 2.6877 0.0606 0.7874, 2.6738 0.062 0.7874, 2.6331 0.0488 0.7874, 2.6344 0.0496 0.7874, 2.6413 0.0539 0.7874, 2.657 0.06 0.7874, 2.6251 0.042 0.7874, 2.6182 0.0339 0.7874, 2.6143 0.0344 0.7874, 2.6104 0.0346 0.7874, 2.597 0.0329 0.7874, 2.5844 0.028 0.7874, 2.5737 0.0204 0.7874, 2.5714 0.0183 0.7874, 2.5632 0.0078 0.7874, 2.5603 0.0012 0.7874, 2.5578 -0.0044 0.7874, 2.5564 -0.0128 0.7874, 2.5556 -0.0172 0.7874, 2.5555 -0.0203 0.7874, 2.5572 -0.0337 0.7874, 2.562 -0.0463 0.7874, 2.5697 -0.0573 0.7874, 2.5803 -0.0663 0.7874, 2.5925 -0.0722 0.7874, 2.5968 -0.0735 0.7874, 2.5973 -0.0744 0.7874, 2.6002 -0.0807 0.7874, 2.6052 -0.087 0.7874, 2.6119 -0.092 0.7874, 2.615 -0.0933 0.7874, 2.6197 -0.0953 0.7874, 2.6277 -0.0965 0.7874, 2.629 -0.0966 0.7874, 2.6371 -0.0956 0.7874, 2.6431 -0.0933 0.7874, 2.6446 -0.0928 0.7874, 2.6514 -0.0881 0.7874, 2.657 -0.0818 0.7874, 2.6608 -0.0744 0.7874, 2.6609 -0.0741 0.7874, 2.6628 -0.0658 0.7874, 2.6629 -0.0627 0.7874, 2.6629 -0.0593 0.7874, 2.7104 -0.0342 0.7874, 2.6999 -0.0163 0.7874, 2.6544 -0.04 0.7874, 2.6485 -0.0346 0.7874, 2.6413 -0.0307 0.7874, 2.6331 -0.0287 0.7874, 2.629 -0.0285 0.7874, 2.6211 -0.0294 0.7874, 2.6136 -0.0322 0.7874, 2.6066 -0.037 0.7874, 2.601 -0.0434 0.7874, 2.5972 -0.0508 0.7874, 2.5901 -0.0465 0.7874, 2.5839 -0.0403 0.7874, 2.5796 -0.033 0.7874, 2.5772 -0.0247 0.7874, 2.5768 -0.0196 0.7874, 2.5777 -0.0128 0.7874, 2.5778 -0.0116 0.7874, 2.5807 -0.0041 0.7874, 2.5843 0.0012 0.7874, 2.5853 0.0027 0.7874, 2.5917 0.0083 0.7874, 2.5993 0.0122 0.7874, 2.6077 0.0141 0.7874, 2.6107 0.0142 0.7874, 2.6184 0.0133 0.7874, 2.6261 0.0106 0.7874, 2.6287 0.0092 0.7874, 2.6339 0.0199 0.7874, 2.6415 0.029 0.7874, 2.6505 0.0356 0.7874, 2.6616 0.0401 0.7874, 2.6741 0.0417 0.7874, 2.7215 -0.0007 0.7874, 2.7211 0.0012 0.7874, 2.7194 0.009 0.7874, 2.7141 0.0199 0.7874, 2.7064 0.029 0.7874, 2.7058 0.0295 0.7874, 2.6963 0.0362 0.7874, 2.6857 0.0403 0.7874, 2.7243 -0.0007 0.7874, 2.731 -0.0015 0.7874, 2.7369 -0.0039 0.7874, 2.7421 -0.0076 0.7874, 2.7453 -0.0111 0.7874, 2.7463 -0.0128 0.7874, 2.7486 -0.0168 0.7874, 2.7504 -0.0233 0.7874, 2.7507 -0.0271 0.7874, 2.7498 -0.034 0.7874, 2.7474 -0.04 0.7874, 2.7437 -0.0451 0.7874, 2.7387 -0.0494 0.7874, 2.7328 -0.0522 0.7874, 2.7263 -0.0535 0.7874, 2.711 -0.0535 0.7874, 2.7104 -0.0534 0.7874, 2.7093 -0.0532 0.7874, 2.709 -0.0532 0.7874, 2.7064 -0.0535 0.7874, 2.7041 -0.0545 0.7874, 2.702 -0.0559 0.7874, 2.7006 -0.0575 0.7874, 2.6993 -0.0598 0.7874, 2.6986 -0.0624 0.7874, 2.6985 -0.0637 0.7874, 2.6988 -0.0662 0.7874, 2.6997 -0.0685 0.7874, 2.7012 -0.0707 0.7874, 2.702 -0.0715 0.7874, 2.7042 -0.073 0.7874, 2.7064 -0.0739 0.7874, 2.7083 -0.0742 0.7874, 2.7283 -0.0742 0.7874, 2.7397 -0.0718 0.7874, 2.75 -0.0667 0.7874, 2.7592 -0.059 0.7874, 2.7659 -0.0495 0.7874, 2.7702 -0.0388 0.7874, 2.6287 -0.0498 0.7874, 2.6315 -0.0501 0.7874, 2.6347 -0.0512 0.7874, 2.6374 -0.0531 0.7874, 2.6396 -0.0555 0.7874, 2.641 -0.0583 0.7874, 2.6418 -0.0614 0.7874, 2.6418 -0.0645 0.7874, 2.641 -0.0678 0.7874, 2.6394 -0.0707 0.7874, 2.6376 -0.0728 0.7874, 2.635 -0.0746 0.7874, 2.6321 -0.0758 0.7874, 2.6287 -0.0762 0.7874, 2.6281 -0.0762 0.7874, 2.6251 -0.0757 0.7874, 2.622 -0.0744 0.7874, 2.6194 -0.0724 0.7874, 2.6175 -0.07 0.7874, 2.6161 -0.0672 0.7874, 2.6155 -0.064 0.7874, 2.6157 -0.0607 0.7874, 2.6167 -0.0575 0.7874, 2.6184 -0.0547 0.7874, 2.6198 -0.0533 0.7874, 2.6224 -0.0514 0.7874, 2.6254 -0.0502 0.7874
            ]
        }
        coordIndex [
            0,1,2,-1,3,4,5,-1,6,7,8,-1,5,4,9,-1,10,11,12,-1,12,11,13,-1,12,13,14,-1,15,16,12,-1,12,16,17,-1,12,17,10,-1,10,17,18,-1,19,20,21,-1,21,20,22,-1,21,22,23,-1,23,22,24,-1,23,24,25,-1,25,24,26,-1,25,26,27,-1,27,26,2,-1,27,2,28,-1,28,2,29,-1,30,31,19,-1,19,31,32,-1,19,32,20,-1,14,33,12,-1,12,33,34,-1,12,34,35,-1,35,34,36,-1,35,36,37,-1,38,39,40,-1,40,39,41,-1,40,41,42,-1,42,41,43,-1,42,43,44,-1,44,43,45,-1,6,8,46,-1,46,8,47,-1,46,47,48,-1,48,47,49,-1,48,49,50,-1,51,52,2,-1,2,52,53,-1,2,53,0,-1,4,54,9,-1,9,54,55,-1,9,55,56,-1,56,55,57,-1,56,57,6,-1,6,57,58,-1,6,58,7,-1,18,17,19,-1,19,17,59,-1,19,59,30,-1,29,2,60,-1,60,2,1,-1,60,1,61,-1,43,62,45,-1,45,62,63,-1,45,63,64,-1,64,63,65,-1,64,65,66,-1,66,65,67,-1,66,67,68,-1,68,67,69,-1,68,69,70,-1,70,69,71,-1,70,71,72,-1,72,71,73,-1,72,73,74,-1,74,73,75,-1,74,75,76,-1,76,75,77,-1,76,77,78,-1,78,77,79,-1,78,79,80,-1,80,79,81,-1,80,81,82,-1,82,81,83,-1,82,83,84,-1,85,86,87,-1,87,86,88,-1,87,88,40,-1,40,88,89,-1,40,89,38,-1,5,90,3,-1,3,90,91,-1,3,91,92,-1,92,91,93,-1,92,93,94,-1,94,93,95,-1,94,95,96,-1,37,36,97,-1,97,36,98,-1,97,98,99,-1,99,98,100,-1,99,100,101,-1,101,100,102,-1,101,102,103,-1,103,102,104,-1,103,104,105,-1,105,104,106,-1,105,106,107,-1,107,106,108,-1,107,108,109,-1,109,108,110,-1,109,110,111,-1,111,110,112,-1,111,112,113,-1,113,112,114,-1,113,114,1,-1,1,114,115,-1,1,115,61,-1,116,117,118,-1,50,49,119,-1,119,49,120,-1,119,120,121,-1,121,120,122,-1,121,122,123,-1,123,122,124,-1,123,124,125,-1,125,124,126,-1,125,126,85,-1,85,126,127,-1,85,127,86,-1,95,128,96,-1,96,128,129,-1,96,129,130,-1,130,129,131,-1,130,131,132,-1,132,131,133,-1,132,133,134,-1,134,133,135,-1,134,135,136,-1,136,135,137,-1,136,137,51,-1,51,137,138,-1,51,138,52,-1,83,139,84,-1,84,139,116,-1,84,116,140,-1,140,116,118,-1,141,142,116,-1,116,142,143,-1,116,143,117,-1,144,145,146,-1,145,147,146,-1,146,147,148,-1,146,148,149,-1,141,116,146,-1,146,116,150,-1,146,150,144,-1,151,45,152,-1,152,45,64,-1,152,64,153,-1,153,64,66,-1,153,66,154,-1,154,66,68,-1,154,68,155,-1,151,156,45,-1,45,156,157,-1,45,157,44,-1,44,157,158,-1,44,158,42,-1,42,158,159,-1,42,159,40,-1,40,159,160,-1,40,160,87,-1,87,160,161,-1,87,161,85,-1,85,161,125,-1,125,161,162,-1,162,163,125,-1,125,163,164,-1,125,164,123,-1,123,164,165,-1,123,165,121,-1,166,48,167,-1,167,48,50,-1,167,50,168,-1,168,50,119,-1,168,119,169,-1,169,119,121,-1,169,121,165,-1,48,166,170,-1,48,170,46,-1,46,170,171,-1,46,171,6,-1,6,171,172,-1,6,172,56,-1,56,172,173,-1,56,173,9,-1,9,173,174,-1,9,174,5,-1,5,174,175,-1,5,175,90,-1,90,175,176,-1,90,176,91,-1,91,176,177,-1,91,177,93,-1,128,95,178,-1,178,95,93,-1,178,93,177,-1,178,179,128,-1,128,179,180,-1,128,180,129,-1,129,180,181,-1,181,182,129,-1,129,182,183,-1,129,183,131,-1,131,183,184,-1,131,184,133,-1,133,184,185,-1,133,185,135,-1,135,185,186,-1,135,186,137,-1,137,186,187,-1,137,187,138,-1,138,187,188,-1,138,188,52,-1,52,188,189,-1,52,189,53,-1,53,189,190,-1,53,190,0,-1,190,191,0,-1,0,191,192,-1,0,192,1,-1,1,192,193,-1,1,193,113,-1,113,193,194,-1,113,194,111,-1,194,195,111,-1,111,195,196,-1,111,196,109,-1,109,196,197,-1,109,197,107,-1,107,197,198,-1,107,198,105,-1,105,198,199,-1,105,199,103,-1,199,200,103,-1,103,200,201,-1,103,201,101,-1,101,201,202,-1,101,202,99,-1,99,202,203,-1,99,203,97,-1,203,204,97,-1,97,204,205,-1,97,205,37,-1,37,205,206,-1,37,206,35,-1,12,35,207,-1,207,35,206,-1,15,12,208,-1,208,12,207,-1,16,15,209,-1,209,15,208,-1,17,16,210,-1,210,16,209,-1,17,210,211,-1,17,211,59,-1,59,211,212,-1,59,212,30,-1,30,212,213,-1,30,213,31,-1,31,213,214,-1,31,214,32,-1,32,214,215,-1,32,215,20,-1,20,215,216,-1,20,216,22,-1,22,216,217,-1,22,217,24,-1,24,217,218,-1,24,218,26,-1,26,218,219,-1,26,219,2,-1,2,219,220,-1,2,220,51,-1,51,220,221,-1,51,221,136,-1,136,221,222,-1,136,222,134,-1,134,222,223,-1,134,223,132,-1,132,223,224,-1,132,224,130,-1,224,225,130,-1,130,225,96,-1,225,226,96,-1,96,226,227,-1,96,227,94,-1,94,227,228,-1,94,228,92,-1,228,229,92,-1,92,229,230,-1,92,230,3,-1,3,230,231,-1,3,231,4,-1,4,231,232,-1,4,232,54,-1,54,232,233,-1,54,233,55,-1,55,233,234,-1,55,234,57,-1,57,234,235,-1,57,235,58,-1,58,235,236,-1,58,236,7,-1,7,236,237,-1,7,237,8,-1,8,237,238,-1,8,238,47,-1,47,238,239,-1,47,239,49,-1,49,239,240,-1,49,240,120,-1,120,240,241,-1,120,241,122,-1,242,38,243,-1,243,38,89,-1,243,89,244,-1,244,89,88,-1,244,88,245,-1,245,88,86,-1,245,86,246,-1,246,86,127,-1,246,127,247,-1,247,127,126,-1,247,126,248,-1,248,126,124,-1,248,124,249,-1,249,124,122,-1,249,122,241,-1,39,38,250,-1,250,38,242,-1,39,250,251,-1,39,251,41,-1,41,251,252,-1,41,252,43,-1,43,252,253,-1,43,253,62,-1,62,253,254,-1,62,254,63,-1,63,254,255,-1,63,255,65,-1,255,256,65,-1,65,256,257,-1,65,257,67,-1,67,257,258,-1,67,258,69,-1,69,258,259,-1,69,259,71,-1,71,259,260,-1,71,260,73,-1,73,260,261,-1,73,261,75,-1,75,261,262,-1,75,262,77,-1,77,262,263,-1,77,263,79,-1,79,263,264,-1,79,264,81,-1,83,81,265,-1,265,81,264,-1,83,265,266,-1,83,266,139,-1,139,266,267,-1,139,267,116,-1,116,267,268,-1,116,268,150,-1,150,268,269,-1,150,269,144,-1,144,269,270,-1,144,270,145,-1,145,270,271,-1,145,271,147,-1,147,271,272,-1,147,272,148,-1,148,272,273,-1,148,273,149,-1,149,273,274,-1,149,274,146,-1,146,274,275,-1,146,275,141,-1,141,275,276,-1,141,276,142,-1,142,276,277,-1,142,277,143,-1,143,277,278,-1,143,278,117,-1,117,278,279,-1,117,279,118,-1,118,279,280,-1,118,280,140,-1,140,280,281,-1,140,281,84,-1,84,281,282,-1,84,282,82,-1,80,82,283,-1,283,82,282,-1,80,283,284,-1,80,284,78,-1,78,284,285,-1,78,285,76,-1,76,285,286,-1,76,286,74,-1,74,286,287,-1,74,287,72,-1,72,287,288,-1,72,288,70,-1,70,288,155,-1,70,155,68,-1,18,289,290,-1,18,290,10,-1,10,290,291,-1,10,291,11,-1,11,291,292,-1,11,292,13,-1,13,292,293,-1,13,293,14,-1,14,293,294,-1,14,294,33,-1,33,294,295,-1,33,295,34,-1,34,295,296,-1,34,296,36,-1,36,296,297,-1,36,297,98,-1,98,297,298,-1,98,298,100,-1,100,298,299,-1,100,299,102,-1,102,299,300,-1,102,300,104,-1,104,300,301,-1,104,301,106,-1,106,301,302,-1,106,302,108,-1,108,302,303,-1,108,303,110,-1,110,303,304,-1,110,304,112,-1,112,304,305,-1,112,305,114,-1,114,305,306,-1,114,306,115,-1,115,306,307,-1,115,307,61,-1,61,307,308,-1,61,308,60,-1,60,308,309,-1,60,309,29,-1,29,309,310,-1,29,310,28,-1,28,310,311,-1,28,311,27,-1,27,311,312,-1,27,312,25,-1,25,312,313,-1,25,313,23,-1,23,313,314,-1,23,314,21,-1,21,314,315,-1,21,315,19,-1,19,315,289,-1,19,289,18,-1,
        ]
    }
}
Shape{
    appearance Appearance {
        material  Material 	{
            diffuseColor 0.5882352941176471 0.5725490196078431 0.5254901960784314
            specularColor 0.043137254901960784 0.0392156862745098 0.0392156862745098
            ambientIntensity 0.8167
            transparency 0.0
            shininess 0.5
        }
    }
    geometry IndexedFaceSet {
        ccw TRUE
        solid FALSE
        coord DEF co Coordinate {
            point [
                2.6281 -0.0762 0.7874, 2.6198 -0.0533 0.7874, 2.6184 -0.0547 0.7874, 2.6321 -0.0758 0.7874, 2.635 -0.0746 0.7874, 2.6315 -0.0501 0.7874, 2.6287 -0.0498 0.7874, 2.6254 -0.0502 0.7874, 2.6224 -0.0514 0.7874, 2.6161 -0.0672 0.7874, 2.6175 -0.07 0.7874, 2.6194 -0.0724 0.7874, 2.6287 -0.0762 0.7874, 2.6167 -0.0575 0.7874, 2.6157 -0.0607 0.7874, 2.6155 -0.064 0.7874, 2.622 -0.0744 0.7874, 2.6251 -0.0757 0.7874, 2.6376 -0.0728 0.7874, 2.6394 -0.0707 0.7874, 2.641 -0.0678 0.7874, 2.6418 -0.0645 0.7874, 2.6418 -0.0614 0.7874, 2.641 -0.0583 0.7874, 2.6396 -0.0555 0.7874, 2.6374 -0.0531 0.7874, 2.6347 -0.0512 0.7874
            ]
        }
        coordIndex [
            0,1,2,-1,3,4,5,-1,6,7,0,-1,0,7,8,-1,0,8,1,-1,9,10,2,-1,2,10,11,-1,6,0,5,-1,5,0,12,-1,5,12,3,-1,13,14,2,-1,2,14,15,-1,2,15,9,-1,11,16,2,-1,2,16,17,-1,2,17,0,-1,4,18,5,-1,5,18,19,-1,5,19,20,-1,20,21,5,-1,5,21,22,-1,5,22,23,-1,23,24,5,-1,5,24,25,-1,5,25,26,-1,
        ]
    }
}
Shape{
    appearance Appearance {
        material  Material 	{
            diffuseColor 0.0 0.0 0.0
            specularColor 0.0 0.0 0.0
            ambientIntensity 0.0
            transparency 0.0
            shininess 0.5
        }
    }
    geometry IndexedFaceSet {
        ccw TRUE
        solid FALSE
        coord DEF co Coordinate {
            point [
                2.9474 0.0151 0.7913, 2.9449 0.012 0.7913, 2.9493 0.0082 0.7913, 2.944 0.0111 0.7913, 2.9444 0.0047 0.7913, 2.9408 0.0091 0.7913, 2.939 0.0026 0.7913, 2.9367 0.0076 0.7913, 2.9308 0.0016 0.7913, 2.9308 0.007 0.7913, 2.9177 0.0016 0.7913, 2.9238 0.007 0.7913, 2.9177 0.0492 0.7913, 2.9238 0.0438 0.7913, 2.9313 0.0492 0.7913, 2.931 0.0438 0.7913, 2.9389 0.0484 0.7913, 2.937 0.0431 0.7913, 2.9446 0.0462 0.7913, 2.9411 0.0417 0.7913, 2.9493 0.0429 0.7913, 2.9448 0.0393 0.7913, 2.9513 0.0409 0.7913, 2.9464 0.0376 0.7913, 2.9542 0.0367 0.7913, 2.9482 0.0349 0.7913, 2.9558 0.0321 0.7913, 2.9495 0.0312 0.7913, 2.9565 0.026 0.7913, 2.95 0.0258 0.7913, 2.9563 0.0226 0.7913, 2.9499 0.0231 0.7913, 2.9551 0.0171 0.7913, 2.949 0.0187 0.7913, 2.9527 0.0122 0.7913, 2.9493 0.0082 0.7874, 2.9527 0.0122 0.7874, 2.9551 0.0171 0.7874, 2.9563 0.0226 0.7874, 2.9565 0.026 0.7874, 2.9558 0.0321 0.7874, 2.9542 0.0367 0.7874, 2.9513 0.0409 0.7874, 2.9493 0.0429 0.7874, 2.9446 0.0462 0.7874, 2.9389 0.0484 0.7874, 2.9313 0.0492 0.7874, 2.9177 0.0492 0.7874, 2.9177 0.0016 0.7874, 2.9308 0.0016 0.7874, 2.939 0.0026 0.7874, 2.9444 0.0047 0.7874, 2.9448 0.0393 0.7874, 2.9464 0.0376 0.7874, 2.9482 0.0349 0.7874, 2.9495 0.0312 0.7874, 2.95 0.0258 0.7874, 2.931 0.0438 0.7874, 2.937 0.0431 0.7874, 2.9411 0.0417 0.7874, 2.9238 0.0438 0.7874, 2.9238 0.007 0.7874, 2.9308 0.007 0.7874, 2.9449 0.012 0.7874, 2.944 0.0111 0.7874, 2.9408 0.0091 0.7874, 2.9367 0.0076 0.7874, 2.9499 0.0231 0.7874, 2.949 0.0187 0.7874, 2.9474 0.0151 0.7874
            ]
        }
        coordIndex [
            0,1,2,-1,2,1,3,-1,2,3,4,-1,4,3,5,-1,4,5,6,-1,6,5,7,-1,6,7,8,-1,8,7,9,-1,8,9,10,-1,10,9,11,-1,10,11,12,-1,12,11,13,-1,12,13,14,-1,14,13,15,-1,14,15,16,-1,16,15,17,-1,16,17,18,-1,18,17,19,-1,18,19,20,-1,20,19,21,-1,20,21,22,-1,22,21,23,-1,22,23,24,-1,24,23,25,-1,24,25,26,-1,26,25,27,-1,26,27,28,-1,28,27,29,-1,28,29,30,-1,30,29,31,-1,30,31,32,-1,32,31,33,-1,32,33,34,-1,34,33,0,-1,34,0,2,-1,2,35,36,-1,2,36,34,-1,34,36,37,-1,34,37,32,-1,32,37,38,-1,32,38,30,-1,30,38,39,-1,30,39,28,-1,28,39,40,-1,28,40,26,-1,26,40,41,-1,26,41,24,-1,24,41,42,-1,24,42,22,-1,22,42,43,-1,22,43,20,-1,20,43,44,-1,20,44,18,-1,18,44,45,-1,18,45,16,-1,16,45,46,-1,16,46,14,-1,12,14,47,-1,47,14,46,-1,10,12,48,-1,48,12,47,-1,8,10,49,-1,49,10,48,-1,8,49,50,-1,8,50,6,-1,6,50,51,-1,6,51,4,-1,4,51,35,-1,4,35,2,-1,21,52,53,-1,21,53,23,-1,23,53,54,-1,23,54,25,-1,25,54,55,-1,25,55,27,-1,27,55,56,-1,27,56,29,-1,15,57,58,-1,15,58,17,-1,17,58,59,-1,17,59,19,-1,19,59,52,-1,19,52,21,-1,15,13,57,-1,57,13,60,-1,13,11,60,-1,60,11,61,-1,11,9,61,-1,61,9,62,-1,1,63,64,-1,1,64,3,-1,3,64,65,-1,3,65,5,-1,5,65,66,-1,5,66,7,-1,7,66,62,-1,7,62,9,-1,29,56,67,-1,29,67,31,-1,31,67,68,-1,31,68,33,-1,33,68,69,-1,33,69,0,-1,0,69,63,-1,0,63,1,-1,
        ]
    }
}
Shape{
    appearance Appearance {
        material  Material 	{
            diffuseColor 0.5882352941176471 0.5725490196078431 0.5254901960784314
            specularColor 0.043137254901960784 0.0392156862745098 0.0392156862745098
            ambientIntensity 0.8167
            transparency 0.0
            shininess 0.5
        }
    }
    geometry IndexedFaceSet {
        ccw TRUE
        solid FALSE
        coord DEF co Coordinate {
            point [
                2.9238 0.0438 0.7874, 2.9238 0.007 0.7874, 2.931 0.0438 0.7874, 2.9308 0.007 0.7874, 2.9367 0.0076 0.7874, 2.9408 0.0091 0.7874, 2.944 0.0111 0.7874, 2.9449 0.012 0.7874, 2.9474 0.0151 0.7874, 2.949 0.0187 0.7874, 2.9499 0.0231 0.7874, 2.95 0.0258 0.7874, 2.9495 0.0312 0.7874, 2.9482 0.0349 0.7874, 2.9464 0.0376 0.7874, 2.9448 0.0393 0.7874, 2.937 0.0431 0.7874, 2.9411 0.0417 0.7874
            ]
        }
        coordIndex [
            0,1,2,-1,2,1,3,-1,2,3,4,-1,4,5,2,-1,2,5,6,-1,2,6,7,-1,7,8,2,-1,2,8,9,-1,2,9,10,-1,10,11,2,-1,2,11,12,-1,2,12,13,-1,13,14,2,-1,2,14,15,-1,2,15,16,-1,16,15,17,-1,
        ]
    }
}
Shape{
    appearance Appearance {
        material  Material 	{
            diffuseColor 0.0 0.0 0.0
            specularColor 0.0 0.0 0.0
            ambientIntensity 0.0
            transparency 0.0
            shininess 0.5
        }
    }
    geometry IndexedFaceSet {
        ccw TRUE
        solid FALSE
        coord DEF co Coordinate {
            point [
                2.8612 0.0062 0.7913, 2.8612 0.0062 0.7874, 2.8568 0.0067 0.7874, 2.8568 0.0067 0.7913, 2.8533 0.008 0.7874, 2.8533 0.008 0.7913, 2.8501 0.0101 0.7874, 2.8501 0.0101 0.7913, 2.849 0.0113 0.7874, 2.849 0.0113 0.7913, 2.8465 0.0147 0.7874, 2.8465 0.0147 0.7913, 2.845 0.0186 0.7874, 2.845 0.0186 0.7913, 2.8443 0.0244 0.7874, 2.8443 0.0244 0.7913, 2.8443 0.0249 0.7874, 2.8443 0.0249 0.7913, 2.8449 0.0308 0.7874, 2.8449 0.0308 0.7913, 2.8464 0.0351 0.7874, 2.8464 0.0351 0.7913, 2.8487 0.0385 0.7874, 2.8487 0.0385 0.7913, 2.8493 0.0392 0.7874, 2.8493 0.0392 0.7913, 2.8523 0.0417 0.7874, 2.8523 0.0417 0.7913, 2.8561 0.0435 0.7874, 2.8561 0.0435 0.7913, 2.8602 0.0444 0.7874, 2.8602 0.0444 0.7913, 2.8623 0.0445 0.7874, 2.8623 0.0445 0.7913, 2.8735 0.0417 0.7874, 2.8735 0.0417 0.7913, 2.8727 0.0421 0.7913, 2.8679 0.0438 0.7874, 2.8679 0.0438 0.7913, 2.8715 0.0425 0.7874, 2.8727 0.0421 0.7874, 2.8735 0.0481 0.7913, 2.8735 0.0481 0.7874, 2.8622 0.05 0.7874, 2.8622 0.05 0.7913, 2.8627 0.05 0.7913, 2.8715 0.0487 0.7874, 2.8688 0.0495 0.7913, 2.8688 0.0495 0.7874, 2.8671 0.0496 0.7874, 2.8627 0.05 0.7874, 2.8558 0.0493 0.7913, 2.8586 0.0496 0.7874, 2.8558 0.0493 0.7874, 2.8508 0.0475 0.7874, 2.8508 0.0475 0.7913, 2.8461 0.0443 0.7874, 2.8461 0.0443 0.7913, 2.8447 0.043 0.7874, 2.8447 0.043 0.7913, 2.8414 0.0388 0.7874, 2.8414 0.0388 0.7913, 2.84 0.0355 0.7874, 2.8391 0.0335 0.7913, 2.8391 0.0335 0.7874, 2.8379 0.0273 0.7874, 2.8379 0.0273 0.7913, 2.8378 0.0245 0.7874, 2.8378 0.0245 0.7913, 2.8386 0.0174 0.7874, 2.8386 0.0174 0.7913, 2.84 0.0136 0.7874, 2.8404 0.0123 0.7913, 2.8404 0.0123 0.7874, 2.8432 0.0081 0.7874, 2.8432 0.0081 0.7913, 2.8439 0.0073 0.7874, 2.8439 0.0073 0.7913, 2.8603 0.0008 0.7874, 2.8603 0.0008 0.7913, 2.8571 0.0009 0.7913, 2.8475 0.0042 0.7874, 2.8475 0.0042 0.7913, 2.852 0.0021 0.7874, 2.852 0.0021 0.7913, 2.8561 0.0012 0.7874, 2.8571 0.0009 0.7874, 2.8637 0.0012 0.7874, 2.8689 0.0018 0.7913, 2.8735 0.0035 0.7874, 2.8735 0.0035 0.7913, 2.8715 0.0028 0.7874, 2.8689 0.0018 0.7874, 2.8735 0.0094 0.7913, 2.8735 0.0094 0.7874, 2.8715 0.0085 0.7874, 2.8686 0.0073 0.7913, 2.8686 0.0073 0.7874, 2.8632 0.0063 0.7874, 2.8632 0.0063 0.7913, 3.0322 -0.0556 0.7913, 3.0302 -0.061 0.7913, 3.0482 -0.0556 0.7913, 3.0501 -0.061 0.7913, 3.0393 -0.0358 0.7913, 3.037 -0.0264 0.7913, 3.0188 -0.074 0.7913, 3.0256 -0.074 0.7913, 3.0397 -0.0344 0.7913, 3.0401 -0.0325 0.7913, 3.0436 -0.0264 0.7913, 3.0402 -0.0325 0.7913, 3.0406 -0.0345 0.7913, 3.041 -0.0358 0.7913, 3.0617 -0.074 0.7913, 3.0549 -0.074 0.7913, 3.037 -0.0264 0.7874, 3.0436 -0.0264 0.7874, 3.0188 -0.074 0.7874, 3.0256 -0.074 0.7874, 3.0302 -0.061 0.7874, 3.0501 -0.061 0.7874, 3.0549 -0.074 0.7874, 3.0617 -0.074 0.7874, 3.0393 -0.0358 0.7874, 3.0397 -0.0344 0.7874, 3.0401 -0.0325 0.7874, 3.0322 -0.0556 0.7874, 3.0482 -0.0556 0.7874, 3.041 -0.0358 0.7874, 3.0402 -0.0325 0.7874, 3.0406 -0.0345 0.7874
            ]
        }
        coordIndex [
            0,1,2,-1,0,2,3,-1,3,2,4,-1,3,4,5,-1,5,4,6,-1,5,6,7,-1,7,6,8,-1,7,8,9,-1,9,8,10,-1,9,10,11,-1,11,10,12,-1,11,12,13,-1,13,12,14,-1,13,14,15,-1,15,14,16,-1,15,16,17,-1,17,16,18,-1,17,18,19,-1,19,18,20,-1,19,20,21,-1,21,20,22,-1,21,22,23,-1,23,22,24,-1,23,24,25,-1,25,24,26,-1,25,26,27,-1,27,26,28,-1,27,28,29,-1,29,28,30,-1,29,30,31,-1,31,30,32,-1,31,32,33,-1,34,35,36,-1,33,32,37,-1,33,37,38,-1,38,37,39,-1,38,39,36,-1,36,39,40,-1,36,40,34,-1,41,35,42,-1,42,35,34,-1,43,44,45,-1,41,42,46,-1,41,46,47,-1,46,48,47,-1,47,48,49,-1,47,49,45,-1,45,49,50,-1,45,50,43,-1,44,43,51,-1,51,43,52,-1,52,53,51,-1,51,53,54,-1,51,54,55,-1,55,54,56,-1,55,56,57,-1,57,56,58,-1,57,58,59,-1,59,58,60,-1,59,60,61,-1,61,60,62,-1,61,62,63,-1,62,64,63,-1,63,64,65,-1,63,65,66,-1,66,65,67,-1,66,67,68,-1,68,67,69,-1,68,69,70,-1,70,69,71,-1,70,71,72,-1,71,73,72,-1,72,73,74,-1,72,74,75,-1,75,74,76,-1,75,76,77,-1,78,79,80,-1,77,76,81,-1,77,81,82,-1,82,81,83,-1,82,83,84,-1,84,83,85,-1,84,85,80,-1,80,85,86,-1,80,86,78,-1,79,78,87,-1,79,87,88,-1,89,90,91,-1,91,90,88,-1,91,88,92,-1,92,88,87,-1,93,90,94,-1,94,90,89,-1,93,94,95,-1,93,95,96,-1,95,97,96,-1,96,97,98,-1,96,98,99,-1,99,98,1,-1,99,1,0,-1,36,35,41,-1,11,13,70,-1,19,21,61,-1,70,13,68,-1,61,21,59,-1,36,41,38,-1,38,41,47,-1,38,47,33,-1,33,47,45,-1,33,45,31,-1,31,45,44,-1,31,44,29,-1,29,44,51,-1,29,51,27,-1,90,93,88,-1,88,93,96,-1,88,96,79,-1,51,55,27,-1,27,55,57,-1,27,57,25,-1,25,57,59,-1,25,59,23,-1,23,59,21,-1,70,72,11,-1,11,72,75,-1,11,75,9,-1,9,75,77,-1,9,77,7,-1,7,77,82,-1,7,82,5,-1,5,82,84,-1,5,84,3,-1,3,84,80,-1,3,80,0,-1,0,80,79,-1,0,79,99,-1,99,79,96,-1,13,15,68,-1,68,15,17,-1,68,17,66,-1,66,17,19,-1,66,19,63,-1,63,19,61,-1,100,101,102,-1,102,101,103,-1,104,105,100,-1,100,105,106,-1,100,106,101,-1,101,106,107,-1,104,108,105,-1,105,108,109,-1,105,109,110,-1,110,109,111,-1,110,111,112,-1,112,113,110,-1,110,113,102,-1,110,102,114,-1,114,102,103,-1,114,103,115,-1,105,110,116,-1,116,110,117,-1,106,105,118,-1,118,105,116,-1,107,106,119,-1,119,106,118,-1,101,107,120,-1,120,107,119,-1,103,101,121,-1,121,101,120,-1,115,103,122,-1,122,103,121,-1,114,115,123,-1,123,115,122,-1,110,114,117,-1,117,114,123,-1,104,124,125,-1,104,125,108,-1,108,125,126,-1,108,126,109,-1,104,100,124,-1,124,100,127,-1,100,102,127,-1,127,102,128,-1,102,113,128,-1,128,113,129,-1,111,130,131,-1,111,131,112,-1,112,131,129,-1,112,129,113,-1,111,109,130,-1,130,109,126,-1,
        ]
    }
}
Shape{
    appearance Appearance {
        material  Material 	{
            diffuseColor 0.5882352941176471 0.5725490196078431 0.5254901960784314
            specularColor 0.043137254901960784 0.0392156862745098 0.0392156862745098
            ambientIntensity 0.8167
            transparency 0.0
            shininess 0.5
        }
    }
    geometry IndexedFaceSet {
        ccw TRUE
        solid FALSE
        coord DEF co Coordinate {
            point [
                3.0402 -0.0325 0.7874, 3.0401 -0.0325 0.7874, 3.0406 -0.0345 0.7874, 3.0397 -0.0344 0.7874, 3.041 -0.0358 0.7874, 3.0393 -0.0358 0.7874, 3.0482 -0.0556 0.7874, 3.0322 -0.0556 0.7874
            ]
        }
        coordIndex [
            0,1,2,-1,2,1,3,-1,2,3,4,-1,4,3,5,-1,4,5,6,-1,6,5,7,-1,
        ]
    }
}
Shape{
    appearance Appearance {
        material  Material 	{
            diffuseColor 0.0 0.0 0.0
            specularColor 0.0 0.0 0.0
            ambientIntensity 0.0
            transparency 0.0
            shininess 0.5
        }
    }
    geometry IndexedFaceSet {
        ccw TRUE
        solid FALSE
        coord DEF co Coordinate {
            point [
                2.9684 -0.0686 0.7913, 2.9684 -0.0686 0.7874, 2.9489 -0.0686 0.7913, 2.9578 -0.0686 0.7874, 2.9489 -0.0686 0.7874, 2.9489 -0.0526 0.7913, 2.9489 -0.0526 0.7874, 2.9659 -0.0526 0.7913, 2.9578 -0.0526 0.7874, 2.9659 -0.0526 0.7874, 2.9659 -0.0471 0.7913, 2.9659 -0.0471 0.7874, 2.9489 -0.0471 0.7874, 2.9489 -0.0471 0.7913, 2.9578 -0.0471 0.7874, 2.9489 -0.0319 0.7913, 2.9489 -0.0319 0.7874, 2.9673 -0.0319 0.7874, 2.9673 -0.0319 0.7913, 2.9578 -0.0319 0.7874, 2.9673 -0.0264 0.7913, 2.9673 -0.0264 0.7874, 2.9427 -0.0264 0.7874, 2.9427 -0.0264 0.7913, 2.9578 -0.0264 0.7874, 2.9427 -0.074 0.7913, 2.9427 -0.074 0.7874, 2.9684 -0.074 0.7913, 2.9578 -0.074 0.7874, 2.9684 -0.074 0.7874, 2.8169 -0.0686 0.7913, 2.8364 -0.0686 0.7913, 2.8169 -0.0686 0.7874, 2.8364 -0.0686 0.7874, 2.8169 -0.0526 0.7913, 2.8169 -0.0526 0.7874, 2.8339 -0.0526 0.7913, 2.8339 -0.0526 0.7874, 2.8339 -0.0471 0.7913, 2.8339 -0.0471 0.7874, 2.8169 -0.0471 0.7913, 2.8169 -0.0471 0.7874, 2.8169 -0.0319 0.7913, 2.8169 -0.0319 0.7874, 2.8353 -0.0319 0.7913, 2.8353 -0.0319 0.7874, 2.8353 -0.0264 0.7913, 2.8353 -0.0264 0.7874, 2.8107 -0.0264 0.7913, 2.8107 -0.0264 0.7874, 2.8107 -0.074 0.7913, 2.8107 -0.074 0.7874, 2.8364 -0.074 0.7913, 2.8364 -0.074 0.7874, 2.9725 0.02 0.7913, 2.9705 0.0146 0.7913, 2.9885 0.02 0.7913, 2.9904 0.0146 0.7913, 2.9796 0.0398 0.7913, 2.9773 0.0492 0.7913, 2.9591 0.0016 0.7913, 2.9659 0.0016 0.7913, 2.98 0.0412 0.7913, 2.9804 0.0431 0.7913, 2.9839 0.0492 0.7913, 2.9805 0.0431 0.7913, 2.9809 0.0411 0.7913, 2.9813 0.0398 0.7913, 3.002 0.0016 0.7913, 2.9952 0.0016 0.7913, 2.9773 0.0492 0.7874, 2.9839 0.0492 0.7874, 2.9591 0.0016 0.7874, 2.9729 0.0376 0.7874, 2.9659 0.0016 0.7874, 2.9705 0.0146 0.7874, 2.9904 0.0146 0.7874, 2.9729 0.0146 0.7874, 2.9952 0.0016 0.7874, 3.002 0.0016 0.7874, 2.9796 0.0398 0.7874, 2.98 0.0412 0.7874, 2.9804 0.0431 0.7874, 2.9725 0.02 0.7874, 2.9885 0.02 0.7874, 2.9813 0.0398 0.7874, 2.9805 0.0431 0.7874, 2.9809 0.0411 0.7874
            ]
        }
        coordIndex [
            0,1,2,-1,2,1,3,-1,2,3,4,-1,5,2,6,-1,6,2,4,-1,5,6,7,-1,7,6,8,-1,7,8,9,-1,10,7,11,-1,11,7,9,-1,12,13,14,-1,14,13,10,-1,14,10,11,-1,15,13,16,-1,16,13,12,-1,17,18,19,-1,19,18,15,-1,19,15,16,-1,20,18,21,-1,21,18,17,-1,22,23,24,-1,24,23,20,-1,24,20,21,-1,25,23,26,-1,26,23,22,-1,25,26,27,-1,27,26,28,-1,27,28,29,-1,0,27,1,-1,1,27,29,-1,25,27,0,-1,0,2,25,-1,25,2,5,-1,25,5,23,-1,18,20,15,-1,15,20,23,-1,15,23,13,-1,13,23,5,-1,13,5,10,-1,10,5,7,-1,30,31,32,-1,32,31,33,-1,34,30,35,-1,35,30,32,-1,36,34,37,-1,37,34,35,-1,38,36,39,-1,39,36,37,-1,40,38,41,-1,41,38,39,-1,42,40,43,-1,43,40,41,-1,44,42,45,-1,45,42,43,-1,46,44,47,-1,47,44,45,-1,48,46,49,-1,49,46,47,-1,50,48,51,-1,51,48,49,-1,52,50,53,-1,53,50,51,-1,31,52,33,-1,33,52,53,-1,50,52,31,-1,31,30,50,-1,50,30,34,-1,50,34,48,-1,44,46,42,-1,42,46,48,-1,42,48,40,-1,40,48,34,-1,40,34,38,-1,38,34,36,-1,54,55,56,-1,56,55,57,-1,58,59,54,-1,54,59,60,-1,54,60,55,-1,55,60,61,-1,58,62,59,-1,59,62,63,-1,59,63,64,-1,64,63,65,-1,64,65,66,-1,66,67,64,-1,64,67,56,-1,64,56,68,-1,68,56,57,-1,68,57,69,-1,59,64,70,-1,70,64,71,-1,72,60,73,-1,73,60,59,-1,73,59,70,-1,61,60,74,-1,74,60,72,-1,55,61,75,-1,75,61,74,-1,76,57,77,-1,77,57,55,-1,77,55,75,-1,69,57,78,-1,78,57,76,-1,68,69,79,-1,79,69,78,-1,64,68,71,-1,71,68,79,-1,58,80,81,-1,58,81,62,-1,62,81,82,-1,62,82,63,-1,58,54,80,-1,80,54,83,-1,54,56,83,-1,83,56,84,-1,56,67,84,-1,84,67,85,-1,65,86,87,-1,65,87,66,-1,66,87,85,-1,66,85,67,-1,65,63,86,-1,86,63,82,-1,
        ]
    }
}
Shape{
    appearance Appearance {
        material  Material 	{
            diffuseColor 0.5882352941176471 0.5725490196078431 0.5254901960784314
            specularColor 0.043137254901960784 0.0392156862745098 0.0392156862745098
            ambientIntensity 0.8167
            transparency 0.0
            shininess 0.5
        }
    }
    geometry IndexedFaceSet {
        ccw TRUE
        solid FALSE
        coord DEF co Coordinate {
            point [
                2.9805 0.0431 0.7874, 2.9804 0.0431 0.7874, 2.9809 0.0411 0.7874, 2.98 0.0412 0.7874, 2.9813 0.0398 0.7874, 2.9796 0.0398 0.7874, 2.9885 0.02 0.7874, 2.9725 0.02 0.7874
            ]
        }
        coordIndex [
            0,1,2,-1,2,1,3,-1,2,3,4,-1,4,3,5,-1,4,5,6,-1,6,5,7,-1,
        ]
    }
}
Shape{
    appearance Appearance {
        material  Material 	{
            diffuseColor 0.0 0.0 0.0
            specularColor 0.0 0.0 0.0
            ambientIntensity 0.0
            transparency 0.0
            shininess 0.5
        }
    }
    geometry IndexedFaceSet {
        ccw TRUE
        solid FALSE
        coord DEF co Coordinate {
            point [
                2.8892 0.007 0.7874, 2.8892 0.007 0.7913, 2.9021 0.007 0.7874, 2.9087 0.007 0.7913, 2.9087 0.007 0.7874, 2.8892 0.023 0.7913, 2.8892 0.023 0.7874, 2.9062 0.023 0.7913, 2.9021 0.023 0.7874, 2.9062 0.023 0.7874, 2.9062 0.0285 0.7913, 2.9062 0.0285 0.7874, 2.8892 0.0285 0.7874, 2.8892 0.0285 0.7913, 2.9021 0.0285 0.7874, 2.8892 0.0438 0.7913, 2.8892 0.0438 0.7874, 2.9076 0.0438 0.7913, 2.9021 0.0438 0.7874, 2.9076 0.0438 0.7874, 2.9076 0.0492 0.7913, 2.9076 0.0492 0.7874, 2.883 0.0492 0.7874, 2.883 0.0492 0.7913, 2.9021 0.0492 0.7874, 2.883 0.0016 0.7913, 2.883 0.0016 0.7874, 2.9087 0.0016 0.7913, 2.9021 0.0016 0.7874, 2.9087 0.0016 0.7874, 2.8169 0.007 0.7913, 2.8359 0.007 0.7913, 2.8169 0.007 0.7874, 2.8359 0.007 0.7874, 2.8169 0.0492 0.7913, 2.8169 0.0492 0.7874, 2.8107 0.0492 0.7913, 2.8107 0.0492 0.7874, 2.8107 0.0016 0.7913, 2.8107 0.0016 0.7874, 2.8359 0.0016 0.7913, 2.8359 0.0016 0.7874
            ]
        }
        coordIndex [
            0,1,2,-1,2,1,3,-1,2,3,4,-1,5,1,6,-1,6,1,0,-1,5,6,7,-1,7,6,8,-1,7,8,9,-1,10,7,11,-1,11,7,9,-1,12,13,14,-1,14,13,10,-1,14,10,11,-1,15,13,16,-1,16,13,12,-1,15,16,17,-1,17,16,18,-1,17,18,19,-1,20,17,21,-1,21,17,19,-1,22,23,24,-1,24,23,20,-1,24,20,21,-1,25,23,26,-1,26,23,22,-1,25,26,27,-1,27,26,28,-1,27,28,29,-1,3,27,4,-1,4,27,29,-1,25,27,3,-1,3,1,25,-1,25,1,5,-1,25,5,23,-1,17,20,15,-1,15,20,23,-1,15,23,13,-1,13,23,5,-1,13,5,10,-1,10,5,7,-1,30,31,32,-1,32,31,33,-1,34,30,35,-1,35,30,32,-1,36,34,37,-1,37,34,35,-1,38,36,39,-1,39,36,37,-1,40,38,41,-1,41,38,39,-1,31,40,33,-1,33,40,41,-1,34,36,30,-1,30,36,38,-1,30,38,31,-1,31,38,40,-1,
        ]
    }
}